id,name,风格,风格_multi,风格_证据,风格_关键词,产品,产品_multi,产品_证据,产品_关键词,工艺,工艺_multi,工艺_证据,工艺_关键词,风味,风味_multi,风味_证据,风味_关键词,经营,经营_multi,经营_证据,经营_关键词,价格带,价格_置信,区,商圈,评分,评论数,外卖,团购,分店数,菜品摘要,brand_product,conflict
FzTCKpR6OTWr2uNm,杨小禾酥脆炸鸡(洼刘新城B区店),中式,False,C:品牌映射,brand:杨小禾,整鸡/大单品,False,C:品牌映射,brand:杨小禾,裹粉炸,False,C:品牌映射,brand:杨小禾,原味,False,C:品牌映射,brand:杨小禾,档口/摊位,False,C:品牌映射,brand:杨小禾,10-15,A,中原区,科学大道,,5,1,1,0,酥脆炸蘑菇,,
G1sHTLHCz75qwDTM,老韩煸鸡·中国炸鸡(郑州正弘汇店),中式,False,C:店名推断,中国炸鸡,鸡腿+鸡翅,True,A:菜品直接证据,鸡腿;翅根;叉骨;鸡块,煸制,False,A:菜品直接证据,煸,香辣,False,A:菜品直接证据,麻辣,堂食+外卖+团购,False,B:多字段组合,外卖:1/团购:1,20-30,A,中原区,科学大道,口味:4.1 环境:4.1 服务:4.1,68,1,1,4,干煸有骨辣子鸡_干煸辣子鸡贝贝_招牌无骨辣子鸡_干煸辣子鸭_茶活力_新品干煸筋棒腿_片仔癀饮料_酥脆藕条_新品干煸翅根_新品干煸鸡腿筋,,
G8Or3DO8OTt4ZNAF,延庆观炸鸡(升龙又一城店),中式,False,C:品牌映射,brand:延庆观,鸡翅+鸡排+鸡架/锁骨/叉骨+鸡块/鸡米花/鸡柳,True,C:品牌映射,brand:延庆观,卤炸,False,C:品牌映射,brand:延庆观,原味,False,C:品牌映射,brand:延庆观,档口/摊位,False,C:品牌映射,brand:延庆观,15-20,A,中原区,科学大道,口味:4.1 环境:4.0 服务:4.1,1653,1,1,0,全翅_鸡块_延庆观经典鸡排_自己做的干锅_炸鸡」「_鸡块」「_全翅」「_翅根」「_炸叉骨_茉莉蜜茶,,
G5TdRJFNNUE55yQv,秘制炸串,Unknown,False,D:无证据,,Unknown,False,D:无证据,,Unknown,False,D:无证据,,Unknown,False,D:无证据,,Unknown,False,D:无证据,,Unknown,D,中原区,科学大道,,,,,0,,,
H46OXKgjvJEVr11p,刘婉婉生炸妙龄鸡(升龙又一城店),中式,False,C:品牌映射,brand:刘婉婉,整鸡/大单品+鸡腿+鸡架/锁骨/叉骨+鸡脖/其他部位,True,C:品牌映射,brand:刘婉婉,生炸/现炸,False,C:品牌映射,brand:刘婉婉,原味,False,C:品牌映射,brand:刘婉婉,档口/摊位,False,C:品牌映射,brand:刘婉婉,<10,A,中原区,科学大道,口味:3.5 环境:3.5 服务:3.5,28,1,1,12,鸡贝贝_鸡背肉_无骨辣子鸡_秘制炸鸡脖_无骨爆汁鸡腿肉_生炸全鸡架_生炸鸡胗胗_奶香地瓜条_无骨上腿肉,,
H3MBwZMaT6E3PCFO,正新鸡排·炸鸡烧烤(高新万达金街店),美式/西式,False,C:品牌映射,brand:正新,整鸡/大单品+鸡翅+鸡排,True,C:品牌映射,brand:正新,裹粉炸,False,C:品牌映射,brand:正新,原味,False,C:品牌映射,brand:正新,档口/摊位,False,C:品牌映射,brand:正新,10-15,A,中原区,科学大道,口味:3.7 环境:3.7 服务:3.8,60,1,1,0,正新鸡排_爆款香辣大鸡排_四拼炸鸡桶_中国鸡排汉堡_爆料鸡排_正新大烤肠_现炸翅根_金锤翅根桶,,
H5UFmO1Gykf8Zk2F,鹰城小马炸鸡(登封市颍阳店),中式,False,C:品牌映射,brand:鹰城,鸡腿,False,C:品牌映射,brand:鹰城,生炸/现炸,False,C:品牌映射,brand:鹰城,原味,False,C:品牌映射,brand:鹰城,档口/摊位,False,C:品牌映射,brand:鹰城,15-20,A,登封市,登封市,,,,,0,,,
l68qIUIoeKjIpEjd,猪大顺·自助烤肉炸鸡(正弘汇店),韩式,True,A:菜品直接证据,芝士炸鸡;青阳,Unknown,False,D:无证据,,裹粉炸,False,A:菜品直接证据,粉炸,香辣+蒜香+甜辣,True,A:菜品直接证据,原味;麻辣;蒜;蜂蜜;黑胡椒;葱丝酱油;芥末,堂食+外带,False,C:店名推断,自助,50+,A,中原区,科学大道,口味:4.3 环境:4.3 服务:4.4,2491,,1,3,蒜辣炸鸡_芝士粉炸鸡_牧场小香猪_鱿鱼圈_掌中宝_麻辣牛胸膘_骰子牛肉_麻辣腿肉串_辛辣炸鸡_冰粉,,
G6umdMT5DQCY7Cgj,韩式炸鸡(二马路店),韩式,False,C:店名推断,韩式,Unknown,False,D:无证据,,Unknown,False,D:无证据,,Unknown,False,D:无证据,,Unknown,False,D:无证据,,Unknown,D,二七区,火车站/二七广场,,,,,0,,,
H70p5gvCKKBPkq3V,脆鸡日记(新郑路店),Unknown,False,D:无证据,,整鸡/大单品+鸡腿+鸡翅+鸡架/锁骨/叉骨+鸡块/鸡米花/鸡柳,True,A:菜品直接证据,全鸡;鸡腿;翅中;牙签肉;鸡柳,Unknown,False,D:无证据,,Unknown,False,D:无证据,,堂食+外卖+团购,False,B:多字段组合,外卖:1/团购:1,10-15,A,二七区,火车站/二七广场,口味:3.6 环境:3.6 服务:3.6,4,1,1,0,炸翅中_全鸡_炸薯块_炸鸡柳_可乐雪碧芬达_炸翅根_超级大鸡腿_秘制牙签肉单人_可乐雪碧选二_炸脆骨肉,,
H3e7e3f4aV8dflmj,哆哆炸鸡汉堡(西溪花园店),中式,False,C:品牌映射,brand:哆哆,鸡排,False,C:品牌映射,brand:哆哆,裹粉炸,False,C:品牌映射,brand:哆哆,原味,False,C:品牌映射,brand:哆哆,档口/摊位,False,C:品牌映射,brand:哆哆,Unknown,D,中原区,瑞达路沿线,,,,,0,热辣鸿运鸡排堡,,
HadUwsWkvWWteAv5,脆皮香酥鸡鸭深海炸鱼,中式,False,C:店名推断,香酥鸡,整鸡/大单品,False,C:店名推断,香酥鸡,裹粉炸,False,C:店名推断,脆皮,原味,False,C:店名推断,香酥,Unknown,False,D:无证据,,Unknown,D,中原区,瑞达路沿线,,,,,0,,,
G72LrsY08VqKTKvR,正新鸡排·炸鸡烧烤(正新鸡排薛店),美式/西式,False,C:品牌映射,brand:正新,鸡排,False,C:品牌映射,brand:正新,裹粉炸,False,C:品牌映射,brand:正新,原味,False,C:品牌映射,brand:正新,档口/摊位,False,C:品牌映射,brand:正新,10-15,A,新郑市,新郑机场,口味:3.5 环境:3.5 服务:3.5,38,1,1,0,爆料鸡排_中国鸡排汉堡_正新大烤肠,,
l48xt2RLY1LNI5tz,爱尚惠美炸鸡(建设路店),中式,False,C:品牌映射,brand:爱尚惠美,鸡排,False,C:品牌映射,brand:爱尚惠美,裹粉炸,False,C:品牌映射,brand:爱尚惠美,原味,False,C:品牌映射,brand:爱尚惠美,档口/摊位,False,C:品牌映射,brand:爱尚惠美,Unknown,D,中牟县,潘安公园,,,,,0,,,
F2Psrbh9YEmYtc6P,合味炸鸡(桐本路店),中式,False,A:菜品直接证据,香酥鸡,整鸡/大单品+鸡腿+鸡翅+鸡块/鸡米花/鸡柳,True,A:菜品直接证据,大鸡;鸡腿;鸡翅;鸡米花,Unknown,False,D:无证据,,原味,False,A:菜品直接证据,香酥,Unknown,False,D:无证据,,Unknown,D,巩义市,星月时代广场,,,,,0,红豆馅饼_玫瑰蛋糕_包子_五香牛腱_鸡翅根_香酥鸡米花_鸡翅中_小鸡腿_大鸡腿,,
HaHyy2ekLaZzd7uM,不可炸鸡BOOCUR CHICKEN(新郑新田360新壹城店),中式,False,C:品牌映射,brand:不可,整鸡/大单品,False,C:品牌映射,brand:不可,生炸/现炸,False,C:品牌映射,brand:不可,香辣+甜辣,True,C:品牌映射,brand:不可,档口/摊位,False,C:品牌映射,brand:不可,20-30,A,新郑市,新村镇,口味:4.1 环境:4.0 服务:4.1,99,1,1,0,招牌黄金芝士粉炸鸡_黄金流心芝士球_摇摇薯条_玉米棒棒糖_泰泰酱口味炸鸡翅_墨西哥混合辣粉炸鸡_在逃方块鸡_暹罗旺仔酱_糯糯小年糕_对翅,,
l9QVuKChes3peaOl,派乐汉堡·炸鸡(中牟大润发店),美式/西式,False,C:品牌映射,brand:派乐,鸡排,False,C:品牌映射,brand:派乐,裹粉炸,False,C:品牌映射,brand:派乐,香辣+甜辣+酸甜,True,C:品牌映射,brand:派乐,外卖型,False,C:品牌映射,brand:派乐,10-15,A,中牟县,祥瑞中心花园,口味:3.9 环境:3.9 服务:3.9,22,1,1,0,真香脆鸡腿_派乐请你喝果珍_汁汁菠萝烤腿堡_至珍鲜虾堡_多C柠檬水_卤辣王炸鸡腿堡_琥珀炸鸡_多C冻柠葡萄_脆皮半边鸡_生榨鸡腿,,
k9uBHywdYhETUSur,惠客真炸鸡腿(互助路店),中式,False,C:品牌映射,brand:惠客真,整鸡/大单品+鸡腿+鸡块/鸡米花/鸡柳,True,C:品牌映射,brand:惠客真,生炸/现炸,False,C:品牌映射,brand:惠客真,原味,False,C:品牌映射,brand:惠客真,档口/摊位,False,C:品牌映射,brand:惠客真,<10,A,中原区,碧沙岗,口味:3.9 环境:3.9 服务:3.9,57,1,1,0,炸鸡腿_香骨鸡_蹦蹦鸡_麻香鸡块_超值全家桶_茉莉香酥鸡_脆骨烧_鸡肉条,,
GaGTxIlc5oLLb4E6,摇滚小子·不裹粉炸鸡(正弘汇店),中式,False,C:品牌映射,brand:摇滚小子,整鸡/大单品,False,C:品牌映射,brand:摇滚小子,生炸/现炸,False,C:品牌映射,brand:摇滚小子,原味+椒盐,True,C:品牌映射,brand:摇滚小子,档口/摊位,False,C:品牌映射,brand:摇滚小子,20-30,A,中原区,科学大道,口味:3.7 环境:3.8 服务:3.8,46,1,1,0,招牌摇滚鸡_招牌鸡背肉_摇滚蔬菜鸡肉丸_摇滚椒麻翅尖_蔬菜鸡肉卷_青提果咖_经典拿铁_椰青美式_经典美式_生椰拿铁,,
ist6NgzuHBJpazne,小妹炸鸡,Unknown,False,D:无证据,,整鸡/大单品+鸡腿+鸡排,True,A:菜品直接证据,大鸡;鸡腿;鸡排,裹粉炸,False,A:菜品直接证据,脆皮,Unknown,False,D:无证据,,堂食+外卖+团购,False,B:多字段组合,外卖:1/团购:1,<10,A,新郑市,炎黄广场,,,1,1,0,鸡排堡_劲爆鸡腿堡_脆皮大鸡腿,,
G9tUgC4zRrG1Lf1k,7K自助炸鸡研究社,Unknown,False,D:无证据,,Unknown,False,D:无证据,,Unknown,False,D:无证据,,Unknown,False,D:无证据,,堂食+外带,False,C:店名推断,自助,30-50,A,新郑市,炎黄广场,口味:3.5 环境:3.5 服务:3.5,27,1,1,0,,,
H5tmsQVaOaKNnnQJ,炸鸡炸鱼,Unknown,False,D:无证据,,Unknown,False,D:无证据,,Unknown,False,D:无证据,,Unknown,False,D:无证据,,含外卖,False,B:外卖字段,1,Unknown,D,中原区,瑞达路沿线,,,1,,0,,,
k7GrZnu6xLEc0oo3,炸季炸串(孟庄店),中式,False,C:品牌映射,brand:炸季,鸡架/锁骨/叉骨,False,C:品牌映射,brand:炸季,生炸/现炸,False,C:品牌映射,brand:炸季,香辣,False,C:品牌映射,brand:炸季,档口/摊位,False,C:品牌映射,brand:炸季,15-20,A,新郑市,新郑市,口味:3.4 环境:3.4 服务:3.4,,,1,5,辣子鸡拌饭_芝麻脆烧饼_芝麻脆小酥饼_女神土豆粉_鲜嫩鸡肉_劲霸小面筋_椒香小酥肉,,
H72ICxHuS5KiLinq,凯尚达风味炸鸡(开源大道店),美式/西式,False,C:品牌映射,brand:凯尚达,鸡排,False,C:品牌映射,brand:凯尚达,裹粉炸,False,C:品牌映射,brand:凯尚达,原味,False,C:品牌映射,brand:凯尚达,档口/摊位,False,C:品牌映射,brand:凯尚达,Unknown,D,新郑市,新郑市,,,,,0,,,
k79uj4RMlnvv2bvP,INNSTAR汉堡炸鸡(中原商贸城店),Unknown,False,D:无证据,,鸡腿,True,A:菜品直接证据,鸡腿;翅尖,Unknown,False,D:无证据,,原味+甜辣+酸甜,True,A:菜品直接证据,原味;香辣;蜂蜜;蜜柚,含团购,False,B:团购字段,1,10-15,A,中原区,碧沙岗,口味:3.5 环境:3.5 服务:3.5,9,,1,0,双层牛肉芝士汉堡_燕麦牛奶_摩卡咖啡_至珍鲜虾堡_蜂蜜柚子茶_草莓果粒多_伯爵红茶_酸梅溜溜汁_山楂树之恋_原味丝袜奶茶,,
G8dPmNfpVMmEf4VR,能量堡韩式炸鸡城轨学校店,韩式,False,C:品牌映射,brand:能量堡,鸡块/鸡米花/鸡柳,False,C:品牌映射,brand:能量堡,裹粉炸,False,C:品牌映射,brand:能量堡,甜辣,False,C:品牌映射,brand:能量堡,外卖型,False,C:品牌映射,brand:能量堡,Unknown,D,新郑市,新郑市,,,,,0,,,
H3uBlKXTZQeGMe5d,冯晨烨御膳叉骨炸鸡(百花路店),中式,False,C:品牌映射,brand:御膳,整鸡/大单品+鸡腿+鸡架/锁骨/叉骨+鸡块/鸡米花/鸡柳,True,C:品牌映射,brand:御膳,生炸/现炸,False,C:品牌映射,brand:御膳,原味+椒盐,True,C:品牌映射,brand:御膳,档口/摊位,False,C:品牌映射,brand:御膳,15-20,A,中原区,碧沙岗,口味:3.5 环境:3.5 服务:3.5,7,1,,0,无骨鸡柳_金星新一代啤酒_鸡肉洋葱圈_香酥炸带鱼_超级大鸡块_超级大叉骨_香酥炸鸡块_香炸脆皮鸡腿_秘制龙骨脆_香酥薯条椒盐味,,
l5bnX13tBDF7jlyp,王三妞炸鸡炸鱼,Unknown,False,D:无证据,,Unknown,False,D:无证据,,Unknown,False,D:无证据,,Unknown,False,D:无证据,,Unknown,False,D:无证据,,Unknown,D,中原区,月季公园,,,,,0,,,
FA9VP9zNKs0UDGpU,Bigbear韩式炸鸡(芝士炸鸡·火鸡面·海亮店),韩式,False,C:品牌映射,brand:Bigbear,鸡翅,False,C:品牌映射,brand:Bigbear,裹粉炸,False,C:品牌映射,brand:Bigbear,黄油芝士,False,C:品牌映射,brand:Bigbear,堂食+外带,False,C:品牌映射,brand:Bigbear,15-20,A,金水区,柳林刘庄,,1,1,,0,,,
l5zbhDJC7JQt7emD,工人路炸鸡(沈庄新城店),Unknown,False,D:无证据,,整鸡/大单品+鸡腿+鸡翅+鸡块/鸡米花/鸡柳,True,A:菜品直接证据,大鸡;鸡腿;鸡翅;鸡柳,Unknown,False,D:无证据,,原味,False,A:菜品直接证据,经典,堂食+外卖+团购,False,B:多字段组合,外卖:1/团购:1,10-15,A,金水区,曼哈顿广场/英协路,口味:3.9 环境:4.0 服务:4.0,62,1,1,0,黄金琵琶腿_招牌炸鸡腿_经典大鸡翅_招牌翅根_招牌炸鸡柳_炸鸡翅根,,
EaeaSc7h5PYGukQi,,Unknown,False,D:无证据,,Unknown,False,D:无证据,,Unknown,False,D:无证据,,Unknown,False,D:无证据,,Unknown,False,D:无证据,,Unknown,D,金水区,,,,,,0,,,
l7osH9L3llb92yB2,摇滚小子生炸鸡,中式,False,C:品牌映射,brand:摇滚小子,整鸡/大单品,False,C:品牌映射,brand:摇滚小子,生炸/现炸,False,C:品牌映射,brand:摇滚小子,原味,False,C:品牌映射,brand:摇滚小子,档口/摊位,False,C:品牌映射,brand:摇滚小子,10-15,A,中牟县,杉杉奥特莱斯,口味:4.0 环境:4.0 服务:4.0,33,,1,0,招牌脆骨肉_招牌鸡排骨_招牌鸡背肉,,
H5hu6IiQKFtZLou9,棒棒鸡炸串,Unknown,False,D:无证据,,Unknown,False,D:无证据,,Unknown,False,D:无证据,,Unknown,False,D:无证据,,Unknown,False,D:无证据,,Unknown,D,登封市,百货大楼/中天广场,,,,,0,,,
G2OhQGwbQn3k89wt,朴东杰黄油芝士炸鸡·火鸡面(白沙店),韩式,False,C:品牌映射,brand:朴东杰,鸡翅,False,C:品牌映射,brand:朴东杰,裹粉炸,False,C:品牌映射,brand:朴东杰,黄油芝士,False,C:品牌映射,brand:朴东杰,堂食+外带,False,C:品牌映射,brand:朴东杰,Unknown,D,中牟县,白沙镇,,,1,,0,,,
G8CNqmhGNyq8zvjC,刘婉婉生炸妙龄鸡(卢店店),中式,False,C:品牌映射,brand:刘婉婉,整鸡/大单品,False,C:品牌映射,brand:刘婉婉,生炸/现炸,False,C:品牌映射,brand:刘婉婉,原味,False,C:品牌映射,brand:刘婉婉,档口/摊位,False,C:品牌映射,brand:刘婉婉,<10,A,登封市,登封市,口味:4.0 环境:4.0 服务:4.0,21,1,1,4,鸡背肉_无骨辣子鸡_奶香地瓜条_无骨上腿肉,,
H78KKW4he4lBEzBF,延庆观炸鸡,中式,False,C:品牌映射,brand:延庆观,整鸡/大单品,False,C:品牌映射,brand:延庆观,卤炸,False,C:品牌映射,brand:延庆观,原味,False,C:品牌映射,brand:延庆观,档口/摊位,False,C:品牌映射,brand:延庆观,Unknown,D,登封市,登封市,,,,,0,,,
l8pITSrFDKbjrfi9,嗨吃客香酥鸡柳饼,中式,False,C:店名推断,香酥鸡,鸡块/鸡米花/鸡柳,False,A:菜品直接证据,鸡柳,Unknown,False,D:无证据,,原味,False,C:店名推断,香酥,含团购,False,B:团购字段,1,Unknown,D,中牟县,白沙镇,,,,1,0,手工油酥烧饼_鸡柳,,
k2pxosbdISCJJzE4,佰味皇后,Unknown,False,D:无证据,,Unknown,False,D:无证据,,Unknown,False,D:无证据,,Unknown,False,D:无证据,,Unknown,False,D:无证据,,Unknown,D,中牟县,白沙镇,,,,,0,,,
FzWRq6k7F7SkHC4j,鸡柳舵主(郑东新区店),中式,True,A:菜品直接证据,香酥鸡;吮指;三合一,整鸡/大单品+鸡腿+鸡翅+鸡架/锁骨/叉骨+鸡块/鸡米花/鸡柳,True,A:菜品直接证据,大鸡;鸡腿;鸡翅;鸡架;鸡柳,生炸/现炸,False,A:菜品直接证据,现炸,原味,True,A:菜品直接证据,香酥;甘梅,堂食+外卖+团购,False,B:多字段组合,外卖:1/团购:1,10-15,A,管城回族区,汽车东站,口味:4.0 环境:4.0 服务:4.1,183,1,1,0,大鸡架_鸡腿肉_怪味鸡翅尖_招牌香酥鸡柳_三味真火淀粉肠_爆汁鸡腿_吮指黄金薯条,,
G9jFIehgwOCrzRhO,小刘炸鸡,韩式,True,A:菜品直接证据,韩式;双拼,鸡腿+鸡架/锁骨/叉骨,True,A:菜品直接证据,鸡腿;鸡叉骨;无骨炸鸡,Unknown,False,D:无证据,,香辣+孜然+酸甜,True,A:菜品直接证据,香辣;孜然;甘梅,堂食+外卖+团购,False,B:多字段组合,外卖:1/团购:1,Unknown,D,管城回族区,汽车东站,口味:3.5 环境:3.6 服务:3.6,1,1,1,0,甘梅鸡叉骨_甘梅鸡腿肉_香辣鸡腿肉_鸡腿肉双拼_香辣鸡叉骨_孜然鸡腿肉,,
iPNdpFEH4W55xy8e,夸父炸串(管城卢浮公馆店),中式,False,C:品牌映射,brand:夸父,鸡架/锁骨/叉骨,False,C:品牌映射,brand:夸父,生炸/现炸,False,C:品牌映射,brand:夸父,香辣,False,C:品牌映射,brand:夸父,档口/摊位,False,C:品牌映射,brand:夸父,Unknown,D,管城回族区,汽车东站,,,,,0,,,
G9WEDxFdsIjQwWrR,POTATOBOXCLUB 卷卷薯条·炸鸡(郑东店),美式/西式,True,A:菜品直接证据,美式炸鸡;泰式;三合一,鸡排+鸡块/鸡米花/鸡柳,True,A:菜品直接证据,鸡排;鸡米花,裹粉炸,False,A:菜品直接证据,脆皮,Unknown,False,D:无证据,,堂食+外卖+团购,False,B:多字段组合,外卖:1/团购:1,15-20,A,管城回族区,汽车东站,口味:4.0 环境:3.9 服务:4.0,22,1,1,0,泰式脆皮山药片_一号公路脆鸡堡_mini巨型直薯_美式炸鸡排_爆汁鸡米花_招牌薯条年糕山药三合一,,
G9jvRNHOMWYLa1Tp,福大妞炸串•烤冷面,Unknown,False,D:无证据,,整鸡/大单品,False,A:菜品直接证据,嫩鸡,Unknown,False,D:无证据,,原味+香辣,True,A:菜品直接证据,经典;香辣,堂食+外卖+团购,False,B:多字段组合,外卖:1/团购:1,10-15,A,金水区,普罗旺世/庙李,口味:3.9 环境:3.9 服务:3.9,18,1,1,0,鲜嫩鸡肉串_经典烤冷面_旋风薯塔_蟹排串_开花爆炸肠_手抓饼_香辣鸭肠_黄金玉米粒,,
l75xMDY9o4rMqMN9,李吉张蒜香炸鸡,韩式,False,A:菜品直接证据,韩式,鸡块/鸡米花/鸡柳,False,A:菜品直接证据,鸡块,Unknown,False,D:无证据,,蒜香,False,C:店名推断,蒜香,含团购,False,B:团购字段,1,Unknown,D,中牟县,沃金/山顶福都,,,,1,0,韩式鸡块,,
k5zvoOls4W7R8Lyz,栯一串,Unknown,False,D:无证据,,Unknown,False,D:无证据,,Unknown,False,D:无证据,,Unknown,False,D:无证据,,堂食+外卖+团购,False,B:多字段组合,外卖:1/团购:1,Unknown,D,荥阳市,海龙时代广场,,,1,1,0,锡纸鸭血金针菇,,
l4njr6ZMXjma2tCo,满巍明生炸鸡架(正弘汇店),中式,False,C:品牌映射,brand:满巍明,鸡腿+鸡架/锁骨/叉骨+鸡脖/其他部位,True,C:品牌映射,brand:满巍明,生炸/现炸,False,C:品牌映射,brand:满巍明,香辣,False,C:品牌映射,brand:满巍明,档口/摊位,False,C:品牌映射,brand:满巍明,20-30,A,中原区,科学大道,口味:3.8 环境:3.9 服务:3.9,41,1,1,19,生炸鸡架_生椰拿铁鸡脖_美味脆鸡胗_鸡腱腿_飘香脆脆薯_脆皮小鸡腿_超级鸡叉骨_究极鸡腿肉_生椰拿铁鸡肋条_生椰拿铁鸡腱腿,,
G6Xp62Qgd8Wt8VCN,炸鸡草FCM给料放题自助(黄科大店),Unknown,False,D:无证据,,鸡腿+鸡排,True,A:菜品直接证据,大鸡;鸡腿;鸡翅;鸡排;鸡块,裹粉炸,True,A:菜品直接证据,脆皮;现炸,黑胡椒,True,A:菜品直接证据,黑胡椒;番茄,堂食+外带,False,C:店名推断,自助,30-50,A,二七区,橄榄城,口味:3.9 环境:4.0 服务:3.8,128,1,1,0,草料卤香鸡腿肉_地瓜条_黑胡椒烤肠_葡式蛋挞_黑椒意面_藤椒鸡排堡,,
FMptiPGYBUtTH3ds,鸡柳大人(郑州曼哈顿店),中式,False,C:品牌映射,brand:鸡柳大人,鸡块/鸡米花/鸡柳,False,C:品牌映射,brand:鸡柳大人,生炸/现炸,False,C:品牌映射,brand:鸡柳大人,椒盐,False,C:品牌映射,brand:鸡柳大人,档口/摊位,False,C:品牌映射,brand:鸡柳大人,10-15,A,金水区,曼哈顿广场/英协路,口味:3.5 环境:3.4 服务:3.6,14,1,1,36,鸡柳薯条年糕三合一_空气年糕,,
FXmAQZtfQsciw0z3,阿刚烧烤,Unknown,False,D:无证据,,Unknown,False,D:无证据,,Unknown,False,D:无证据,,Unknown,False,D:无证据,,Unknown,False,D:无证据,,Unknown,D,管城回族区,橡树玫瑰城,,,,,0,,,
l71N1V9ciucuxhBc,工农兵铁锅炖菜(中州大道店),Unknown,False,D:无证据,,Unknown,False,D:无证据,,Unknown,False,D:无证据,,Unknown,False,D:无证据,,Unknown,False,D:无证据,,Unknown,D,管城回族区,橡树玫瑰城,,,,,0,,,
H4CVttG6vSUf6xG2,爆掌柜生炸鸡架(橡树玫瑰城店),中式,False,C:品牌映射,brand:爆掌柜,鸡腿+鸡翅+鸡块/鸡米花/鸡柳,True,C:品牌映射,brand:爆掌柜,生炸/现炸,False,C:品牌映射,brand:爆掌柜,香辣+酱香+酸甜,True,C:品牌映射,brand:爆掌柜,档口/摊位,False,C:品牌映射,brand:爆掌柜,10-15,A,管城回族区,橡树玫瑰城,口味:3.3 环境:3.3 服务:3.3,,1,1,11,锅巴土豆_甘梅地瓜_无骨鸡柳_咖喱鸡柳肉夹饼_五香里脊肉夹饼_奥尔良腿排夹饼_生炸麻辣翅尖_麻辣伴翅_香辣伴翅_生炸手枪腿,,
k5MfszP9VrlYIU4F,真好炸串(祭城2号院店),Unknown,False,D:无证据,,Unknown,False,D:无证据,,Unknown,False,D:无证据,,Unknown,False,D:无证据,,含团购,False,B:团购字段,1,Unknown,D,金水区,祭城/大旺城,,,,1,0,,,
ikoLP6zMNBHCOVfC,上京城中国鸡排饼汉堡(祭城农贸市场店),中式,True,A:菜品直接证据,香酥鸡;台式,鸡腿+鸡翅+鸡排+鸡块/鸡米花/鸡柳,True,A:菜品直接证据,大鸡;鸡腿;翅根;鸡排;鸡块,裹粉炸,False,A:菜品直接证据,脆皮,原味,True,A:菜品直接证据,香酥;香辣;芝士;甘梅,堂食+外卖+团购,False,B:多字段组合,外卖:1/团购:1,10-15,A,金水区,祭城/大旺城,口味:3.6 环境:3.6 服务:3.6,76,1,1,7,招牌香辣鸡排_黄金翅根_对翅_手擀七虾堡_手擀鳕鱼堡_中国鸡腿堡_京城脆皮炸鸡腿_中国鳕鱼堡_招牌鸡柳卷饼_中国七虾堡,,
EzG7fgcYKK9oDyhu,正新鸡排·炸鸡烧烤(祭城店),美式/西式,False,C:品牌映射,brand:正新,整鸡/大单品+鸡翅+鸡排,True,C:品牌映射,brand:正新,裹粉炸,False,C:品牌映射,brand:正新,原味,False,C:品牌映射,brand:正新,档口/摊位,False,C:品牌映射,brand:正新,10-15,A,金水区,祭城/大旺城,口味:3.9 环境:4.0 服务:3.9,33,1,1,0,中国鸡排汉堡_正新大烤肠_金锤翅根_大鸡肉串_爆料鸡排,,
jYbLTbcrb57x9Mls,延庆观炸鸡(祭城店),中式,False,C:品牌映射,brand:延庆观,整鸡/大单品+鸡腿+鸡翅+鸡架/锁骨/叉骨+鸡块/鸡米花/鸡柳,True,C:品牌映射,brand:延庆观,卤炸,False,C:品牌映射,brand:延庆观,原味+黑胡椒,True,C:品牌映射,brand:延庆观,档口/摊位,False,C:品牌映射,brand:延庆观,20-30,A,金水区,祭城/大旺城,口味:3.7 环境:3.7 服务:3.8,36,,,0,黄金鸡翅根_黑胡椒香肠_大琵琶腿_焦酥大烧饼_香酥鸡柳_上校鸡块_美味薯条_香芋地瓜丸_全家福_牙签肉第,,
k7yd7zVMreQ8qboP,烙馍卷面筋·炸串,Unknown,False,D:无证据,,Unknown,False,D:无证据,,Unknown,False,D:无证据,,Unknown,False,D:无证据,,Unknown,False,D:无证据,,Unknown,D,金水区,祭城/大旺城,,,,,0,,,
l60mxoFHEoXLVcfC,黎太院·韩式炸鸡(祭城店),韩式,False,C:品牌映射,brand:黎太院,鸡块/鸡米花/鸡柳,False,C:品牌映射,brand:黎太院,裹粉炸,False,C:品牌映射,brand:黎太院,香辣+酱香,True,C:品牌映射,brand:黎太院,堂食+外带,False,C:品牌映射,brand:黎太院,20-30,A,金水区,祭城/大旺城,口味:3.7 环境:3.7 服务:3.6,12,,1,0,爆辣韩式火鸡面_嫩脆小翅根_雪花啤酒_酥酥糯糯年糕_爆辣韩式火鸡面酥酥糯糯年糕_酱料口味自选可拼盘_香辣剁椒烤面筋,,
l55JAV8iTKE31ezh,空空韩式炸鸡(庙张南区店),韩式,False,C:品牌映射,brand:空空,鸡块/鸡米花/鸡柳,False,C:品牌映射,brand:空空,裹粉炸,False,C:品牌映射,brand:空空,甜辣,False,C:品牌映射,brand:空空,外卖型,False,C:品牌映射,brand:空空,Unknown,D,金水区,祭城/大旺城,口味:3.6 环境:3.5 服务:3.5,2,1,,0,虾丸_撒尿牛肉丸_鸡胗串_香菇_西葫芦_线椒_臭豆腐_豆腐扣_香炸鸡皮_骨肉相连,,
H6XPryJLXx9dvz5Y,叫了只炸鸡(东区店),中式,False,C:品牌映射,brand:叫了只,鸡腿+鸡块/鸡米花/鸡柳,True,C:品牌映射,brand:叫了只,生炸/现炸,False,C:品牌映射,brand:叫了只,甜辣+酱香,True,C:品牌映射,brand:叫了只,外卖型,False,C:品牌映射,brand:叫了只,20-30,A,金水区,祭城/大旺城,口味:3.6 环境:3.6 服务:3.6,6,1,1,0,黄金蝴蝶虾_芝士热狗拉丝棒_黄金小馒头_雪花鸡柳_益生菌乳饮_香脆鸡腿堡_红豆派_韩国炸鸡_奥尔良手枪腿_BHC同款拉丝芝士球,,
l1YKRoBBToyAYGaB,小伟炸鸡(祭城店),Unknown,False,D:无证据,,整鸡/大单品+鸡腿+鸡翅+鸡排+鸡块/鸡米花/鸡柳,True,A:菜品直接证据,大鸡;鸡腿;鸡翅;鸡排;鸡叉骨;鸡米花,裹粉炸,False,A:菜品直接证据,脆皮,香辣,False,A:菜品直接证据,香辣,含团购,False,B:团购字段,1,Unknown,D,金水区,祭城/大旺城,,45,,1,0,汉斯果啤_青花椒泡凤爪_香辣鸡腿堡_炸薯条_炸烧饼_炸琵琶腿_秘制鸡米花_脆皮无骨鸡块_比巴掌大鸡排_收藏抢购两个翅尖,,
l50Qp2RfwNAg4kTT,熊二家的烤鸡和炸鸡(祭城店),Unknown,False,D:无证据,,整鸡/大单品+鸡腿,True,A:菜品直接证据,大鸡;鸡腿;鸡翅,裹粉炸,True,A:菜品直接证据,脆皮;烤鸡,香辣,True,A:菜品直接证据,麻辣;芝士;番茄,堂食+外卖+团购,False,B:多字段组合,外卖:1/团购:1,30-50,A,金水区,祭城/大旺城,口味:3.8 环境:3.9 服务:3.8,5,1,1,0,抹茶大福_烤鸡嗨拼呀_黄金芝士拉丝棒热狗_小火慢烤大鸡腿_脆皮香蕉_骨肉相连_芒果大福_天使的翅膀_榴莲大福_江南叫花鸡,,
l5ogB8yxmm6VivYW,刘记布袋馍炸串饼夹菜(祭城2号院东区店),Unknown,False,D:无证据,,鸡块/鸡米花/鸡柳,False,A:菜品直接证据,鸡柳,Unknown,False,D:无证据,,Unknown,False,D:无证据,,含外卖,False,B:外卖字段,1,Unknown,D,金水区,祭城/大旺城,口味:3.7 环境:3.8 服务:3.8,3,1,,0,中原红老汽水_永和豆奶_鱼豆腐_香菇_杏鲍菇_精选香肠_黄瓜_木耳_香菜_整个大青椒,,
G33zIcGTNrfJv8v8,Kungfu Chicken韩式炸鸡(庙张小区店),韩式,False,C:品牌映射,brand:Kungfu,鸡翅,False,C:品牌映射,brand:Kungfu,裹粉炸,False,C:品牌映射,brand:Kungfu,甜辣,False,C:品牌映射,brand:Kungfu,堂食+外带,False,C:品牌映射,brand:Kungfu,50+,A,金水区,祭城/大旺城,口味:3.5 环境:3.5 服务:3.5,6,1,,0,黑椒鸡_来两腿,,
l3rrCHIM2XSLY40Q,真至美·御膳叉骨炸鸡(陈庄街店),中式,False,C:品牌映射,brand:御膳,鸡架/锁骨/叉骨,False,C:品牌映射,brand:御膳,生炸/现炸,False,C:品牌映射,brand:御膳,椒盐,False,C:品牌映射,brand:御膳,档口/摊位,False,C:品牌映射,brand:御膳,15-20,A,金水区,祭城/大旺城,,,1,,0,,,
G4jwnzSKGVH8nvAr,咕噜咕噜韩式炸鸡(祭城店),韩式,False,C:品牌映射,brand:咕噜咕噜,鸡翅+鸡块/鸡米花/鸡柳,True,C:品牌映射,brand:咕噜咕噜,裹粉炸,False,C:品牌映射,brand:咕噜咕噜,甜辣,False,C:品牌映射,brand:咕噜咕噜,外卖型,False,C:品牌映射,brand:咕噜咕噜,20-30,A,金水区,祭城/大旺城,口味:3.5 环境:3.5 服务:3.5,3,,1,0,招牌炸鸡_翅中_爆香一口肠_无骨鸡块,,
G9zXMk6uOgNpsYuk,常久久·韩式炸鸡(祭城店),韩式,False,C:品牌映射,brand:常久久,鸡块/鸡米花/鸡柳,False,C:品牌映射,brand:常久久,裹粉炸,False,C:品牌映射,brand:常久久,甜辣,False,C:品牌映射,brand:常久久,外卖型,False,C:品牌映射,brand:常久久,20-30,A,金水区,祭城/大旺城,,1,,1,0,,,
l73o8cjA9PED6xyo,美味炸鸡炸鱼(郑东新区店),Unknown,False,D:无证据,,鸡腿+鸡块/鸡米花/鸡柳+鸡脖/其他部位,True,A:菜品直接证据,鸡腿;鸡排;鸡叉骨;鸡米花;鸡皮,裹粉炸,False,A:菜品直接证据,酥炸,原味+酸甜,True,A:菜品直接证据,香酥;甘梅,含团购,False,B:团购字段,1,15-20,A,金水区,祭城/大旺城,,,,1,0,火爆鸡米花_手切鸡柳_脆骨肉_秘制鸡块_甘梅薯条_黄金鸡腿块_黄金无骨鸡块_香酥炸鸡皮_大虾去头去虾线_山楂汁,,
FP5HJoqnXqLaZkYc,八块八炸鸡烤肉饭(庙张南区店),Unknown,False,D:无证据,,Unknown,False,D:无证据,,裹粉炸,False,A:菜品直接证据,酥炸,原味+酸甜,True,A:菜品直接证据,香酥;麻辣;黑椒;照烧;酸甜,堂食+外带,False,C:店名推断,烤肉,15-20,A,金水区,祭城/大旺城,,2,,1,0,五香卤蛋_酸甜番茄酱_墨西哥鸡肉卷_爆浆撒尿牛肉丸_小米南瓜粥_山野菜杂面_无骨香酥炸鸡_猪肉大葱手工水饺_韭菜鸡蛋纯手工水饺_山野菜杂面条,,
G2wg03UwPo4MbkDY,爱上叉骨炸鸡(东区店),中式,False,A:菜品直接证据,香酥鸡,整鸡/大单品+鸡架/锁骨/叉骨+鸡块/鸡米花/鸡柳,True,A:菜品直接证据,脆皮鸡;鸡腿;鸡翅;叉骨;鸡块,裹粉炸,False,A:菜品直接证据,脆皮,原味+酸甜,True,A:菜品直接证据,香酥;黑椒;番茄,含外卖,False,B:外卖字段,1,15-20,A,金水区,祭城/大旺城,口味:3.6 环境:3.6 服务:3.6,9,1,,0,博爱油酥烧饼_雪花啤酒_忆霖番茄酱_黄金小叉骨_香酥鸡块_香酥伴翅_甘梅地瓜条_哈尔滨啤酒_金锣小烤肠,,
l7R0UH9gL8eAyO4G,Beicun北村黄油芝士炸鸡(郑州店),韩式,False,C:品牌映射,brand:Beicun,鸡翅,False,C:品牌映射,brand:Beicun,裹粉炸,False,C:品牌映射,brand:Beicun,黄油芝士,False,C:品牌映射,brand:Beicun,堂食+外带,False,C:品牌映射,brand:Beicun,Unknown,D,二七区,长江中路沿线,口味:3.6 环境:3.6 服务:3.6,1,,,0,,,
l1ZEE8Qv1hS0K898,馋嘴鸭,Unknown,False,D:无证据,,Unknown,False,D:无证据,,Unknown,False,D:无证据,,Unknown,False,D:无证据,,含团购,False,B:团购字段,1,Unknown,D,二七区,长江中路沿线,,8,,1,0,整只馋嘴鸭_烧饼夹鸭_烙馍夹鸭,,
k8l5J6pcdTqZNGoV,爱上叉骨炸鸡(兴华南街店),中式,False,A:菜品直接证据,香酥鸡,整鸡/大单品+鸡腿+鸡翅+鸡架/锁骨/叉骨+鸡块/鸡米花/鸡柳,True,A:菜品直接证据,脆皮鸡;鸡腿;鸡翅;鸡叉骨;鸡柳,裹粉炸,False,A:菜品直接证据,脆皮,原味,True,A:菜品直接证据,香酥;甘梅,堂食+外卖+团购,False,B:多字段组合,外卖:1/团购:1,15-20,A,二七区,长江中路沿线,口味:3.9 环境:3.7 服务:3.7,12,1,1,0,黄金小叉骨_台湾小烤肠_鸡腿肉鸡柳拼盘_招牌御膳叉骨_爆汁一口肠_黑加仑_香酥伴翅_脆皮鸡翅根_崂山啤酒,,
kagfVIelorB3zCSP,鸡员外爆汁烤鸡,Unknown,False,D:无证据,,整鸡/大单品,False,A:菜品直接证据,烤鸡,烤炸复合,False,A:菜品直接证据,烤鸡,Unknown,False,D:无证据,,含团购,False,B:团购字段,1,30-50,A,二七区,长江中路沿线,,1,,1,0,卤烤羊排_爆汁烤鸡_卤烤羔羊腿_鸡员外爆汁烤鸡,,
HaxvdEsEUFRhuaz9,芯耀炸鸡(王胡砦幸福家园店),中式,False,A:菜品直接证据,香酥鸡,整鸡/大单品+鸡架/锁骨/叉骨,True,A:菜品直接证据,香酥鸡;鸡叉骨,Unknown,False,D:无证据,,原味,False,A:菜品直接证据,香酥,含团购,False,B:团购字段,1,Unknown,D,二七区,长江中路沿线,,3,,1,0,龙骨脆_香酥鸡叉骨,,
k1peZ2TuAvFOrK4Q,小马炸鸡(郑航街店),中式,False,C:品牌映射,brand:小马,鸡腿+鸡翅+鸡架/锁骨/叉骨+鸡块/鸡米花/鸡柳+鸡脖/其他部位,True,C:品牌映射,brand:小马,生炸/现炸,False,C:品牌映射,brand:小马,原味+酸甜,True,C:品牌映射,brand:小马,档口/摊位,False,C:品牌映射,brand:小马,15-20,A,二七区,长江中路沿线,口味:3.5 环境:3.5 服务:3.5,5,1,,0,凤骨脆_第半价丨香酥脆骨肉_买纯鸡腿肉送鸡叉骨_鸡皮_香酥翅根_鸡叉骨十鸡米花_统一金桔柠檬罐装_统一鲜橙多罐装_比点丨鸡米花_五一优享丨鸡叉骨,,
H7zcKe5VluQPQWLQ,豫兴茂炸鸡(行云路店),Unknown,False,D:无证据,,鸡块/鸡米花/鸡柳+鸡脖/其他部位,True,A:菜品直接证据,鸡腿;鸡柳;鸡皮,裹粉炸,False,A:菜品直接证据,酥炸,原味,True,A:菜品直接证据,香酥;麻辣;黑椒,含团购,False,B:团购字段,1,20-30,A,二七区,长江中路沿线,口味:3.6 环境:3.6 服务:3.6,33,,1,0,方便面_鱼籽烧_五花肉串_鸡心_大头菜_黑椒肉肠_香炸鸡肉串_骨肉相连_香炸鸡皮_川香鸡柳,,
la4JhRiaN1qrxuGa,曼巴鸭梨·韩风炸鸡,韩式,False,A:菜品直接证据,韩式,鸡翅+鸡块/鸡米花/鸡柳,True,A:菜品直接证据,全翅;无骨炸鸡,腌炸,False,A:菜品直接证据,酱炸,香辣+甜辣+酸甜,True,A:菜品直接证据,香辣;芝士;酸甜,堂食+外卖+团购,False,B:多字段组合,外卖:1/团购:1,20-30,A,二七区,长江中路沿线,口味:3.8 环境:3.7 服务:3.8,24,1,1,0,浪味仙蔬菜芝士炸鸡_韩式无骨炸鸡_香辣炸平菇_韩式年糕_韩式1966葱酱炸鸡_酸甜萝卜_鸡全翅,,
idVdCfCg9vBMvwTV,三哥炸串(锦华小区店),Unknown,False,D:无证据,,Unknown,False,D:无证据,,Unknown,False,D:无证据,,酸甜,False,A:菜品直接证据,甘梅,含外卖,False,B:外卖字段,1,Unknown,D,二七区,长江中路沿线,,,1,,0,炸饼_甘梅薯条,,
jY25MO4qgqAGy3RU,正新鸡排·炸鸡烧烤(绿博一号店),美式/西式,False,C:品牌映射,brand:正新,鸡翅+鸡排,True,C:品牌映射,brand:正新,裹粉炸,False,C:品牌映射,brand:正新,原味,False,C:品牌映射,brand:正新,档口/摊位,False,C:品牌映射,brand:正新,10-15,A,中牟县,中牟县,口味:3.4 环境:3.4 服务:3.4,12,1,1,0,爆料鸡排_中国鸡排汉堡_金锤翅根_正新大烤肠,,
k6x6N58WhvHTOFbl,正新鸡排·炸鸡烧烤(惠民广场店),美式/西式,False,C:品牌映射,brand:正新,整鸡/大单品+鸡翅+鸡排+鸡块/鸡米花/鸡柳,True,C:品牌映射,brand:正新,裹粉炸,False,C:品牌映射,brand:正新,原味,False,C:品牌映射,brand:正新,档口/摊位,False,C:品牌映射,brand:正新,10-15,A,中牟县,中牟县,口味:3.5 环境:3.5 服务:3.5,8,1,1,0,金锤翅根_吮指鸡块_欢乐炸鸡桶_正新大烤肠_香辣鸡排套_中国鸡排汉堡_大鸡肉串,,
kaTbXlrL1V7KqcJl,不可炸鸡,中式,False,C:品牌映射,brand:不可,整鸡/大单品,False,C:品牌映射,brand:不可,生炸/现炸,False,C:品牌映射,brand:不可,原味,False,C:品牌映射,brand:不可,档口/摊位,False,C:品牌映射,brand:不可,20-30,A,中牟县,中牟县,,,,,0,,,
k9WvWbhjssjPZIcj,肴之鸡炸鸡(绿博新城七号院店),韩式,True,A:菜品直接证据,韩式;新疆,鸡腿+鸡排,True,A:菜品直接证据,琵琶腿;鸡排;无骨炸鸡,Unknown,False,D:无证据,,香辣,True,A:菜品直接证据,香辣;蒜香;蜂蜜;孜然;酱油;芥末,含团购,False,B:团购字段,1,Unknown,D,中牟县,中牟县,口味:3.4 环境:3.4 服务:3.4,1,,1,0,芝士爆浆鸡排_网红酸奶麻花_藤椒琵琶腿_韩国进口果汁_盐酥杏鲍菇_深海鳕鱼排_大福_雪花啤酒_芝士拉丝热狗_大脸鸡排,,
H9lOaBMBE7Lx8kZi,韩老板韩式炸鸡,韩式,False,C:品牌映射,brand:韩老板,鸡块/鸡米花/鸡柳,False,C:品牌映射,brand:韩老板,裹粉炸,False,C:品牌映射,brand:韩老板,甜辣,False,C:品牌映射,brand:韩老板,档口/摊位,False,C:品牌映射,brand:韩老板,Unknown,D,中牟县,中牟县,口味:3.4 环境:3.4 服务:3.4,1,1,,0,,,
GaKd7MLrG0YSAZ8b,麦德富风味炸鸡,Unknown,False,D:无证据,,Unknown,False,D:无证据,,Unknown,False,D:无证据,,Unknown,False,D:无证据,,Unknown,False,D:无证据,,15-20,A,中牟县,中牟县,,,,,0,,,
G5IcoQkVBmLCildQ,ONI-SAUCE韩式炸鸡(祭城店),韩式,False,C:店名推断,韩式,Unknown,False,D:无证据,,Unknown,False,D:无证据,,Unknown,False,D:无证据,,含外卖,False,B:外卖字段,1,Unknown,D,金水区,祭城/大旺城,,,1,,0,,,
G8nyjPnw2F0Vq0XI,吮指姑娘·韩式炸鸡(祭城店),韩式,False,A:菜品直接证据,韩式,整鸡/大单品+鸡腿+鸡块/鸡米花/鸡柳,True,A:菜品直接证据,烤鸡;鸡腿;鸡块,烤炸复合,False,A:菜品直接证据,烤鸡,香辣+酱香,True,A:菜品直接证据,香辣;芝士;黑椒;奥尔良,含团购,False,B:团购字段,1,20-30,A,金水区,祭城/大旺城,,,,1,0,香辣鸡腿堡_爆款脆薯条_韩式馋嘴年糕_香辣包_爆香一口肠_法式奥尔良烤鸡_无骨鸡块,,
FQN8a0vWS5XxyEV4,爆掌柜生炸鸡架(王府井店),中式,False,C:品牌映射,brand:爆掌柜,鸡腿+鸡翅+鸡块/鸡米花/鸡柳+鸡脖/其他部位,True,C:品牌映射,brand:爆掌柜,生炸/现炸,False,C:品牌映射,brand:爆掌柜,香辣+酱香,True,C:品牌映射,brand:爆掌柜,档口/摊位,False,C:品牌映射,brand:爆掌柜,10-15,A,中原区,锦艺城/王府井,口味:3.6 环境:3.5 服务:3.5,14,,1,11,生炸小鸡腿_生炸蘑菇_生炸琵琶腿_锅巴土豆_生炸鸡胗_五香里脊肉夹饼_咖喱鸡柳肉夹饼_奥尔良腿排夹饼_香辣伴翅_生炸麻辣翅尖,,
kaY8BqU6O5ng45jN,味俱全肉肉炸鸡烤串,Unknown,False,D:无证据,,鸡腿+鸡排+鸡块/鸡米花/鸡柳,True,A:菜品直接证据,鸡腿;鸡排;鸡米花,Unknown,False,D:无证据,,Unknown,False,D:无证据,,堂食+外卖+团购,False,B:多字段组合,外卖:1/团购:1,10-15,A,上街区,铝城公园,口味:4.0 环境:4.0 服务:4.0,17,1,1,0,肉肉精品鸡柳_肉肉鸭肠_肉肉黄金小鸡腿_肉肉鸡排_肉肉精品鸡米花,,
FdNIy7lNlmdm1A73,十六炸串,Unknown,False,D:无证据,,鸡翅,False,A:菜品直接证据,鸡翅,Unknown,False,D:无证据,,香辣,True,A:菜品直接证据,辣椒;黑椒,堂食+外卖+团购,False,B:多字段组合,外卖:1/团购:1,10-15,A,上街区,铝城公园,口味:3.6 环境:3.7 服务:3.7,12,1,1,0,土豆_半切鱿鱼_素鸡_鱼豆腐_百香果_手把五花肉_李子园甜牛奶_鸭血_棒棒鸡_素面筋,,
l5AJweV2Cjn5rc7r,正新鸡排(上街店),美式/西式,False,C:品牌映射,brand:正新,整鸡/大单品+鸡翅+鸡排+鸡块/鸡米花/鸡柳,True,C:品牌映射,brand:正新,裹粉炸,False,C:品牌映射,brand:正新,原味,False,C:品牌映射,brand:正新,档口/摊位,False,C:品牌映射,brand:正新,10-15,A,上街区,铝城公园,口味:3.6 环境:3.7 服务:3.7,139,1,1,0,正新大烤肠_正新饮品_火爆鱿鱼_大鸡肉串_老式锅包肉_脆皮翅根_金丝鸡排_雪花鸡柳串_疯狂烤翅_锅巴土豆,,
G6moI23w1XGw6eMD,卤汁豆腐,Unknown,False,D:无证据,,鸡翅,True,A:菜品直接证据,翅根;鸡排,Unknown,False,D:无证据,,孜然+酸甜,True,A:菜品直接证据,香酥;孜然;番茄,含外卖,False,B:外卖字段,1,10-15,A,上街区,铝城公园,口味:3.5 环境:3.5 服务:3.5,5,1,,0,人气王鲜香卤汁豆腐_胡萝卜_金针菇_娃娃菜_卷心菜_平菇_香炸鹌鹑_孜然鸡排_五香鸡排_番茄鸡排,,
l8aoFqX0YcYpWymR,工人路炸鸡(上街宝弟店),Unknown,False,D:无证据,,鸡腿,True,A:菜品直接证据,鸡腿;鸡翅;鸡排,Unknown,False,D:无证据,,原味+香辣+椒盐,True,A:菜品直接证据,原味;香辣;椒盐,含团购,False,B:团购字段,1,20-30,A,上街区,铝城公园,口味:3.4 环境:3.4 服务:3.4,4,,1,0,雪花勇闯天涯_鸡排_香辣小龙虾炸饼_海苔风味炸饼_藤椒川香炸饼_经典原味炸饼_香酥椒盐炸饼,,
l5ftRrD650rXoAuC,小娟包菜串,Unknown,False,D:无证据,,Unknown,False,D:无证据,,Unknown,False,D:无证据,,Unknown,False,D:无证据,,堂食+外卖+团购,False,B:多字段组合,外卖:1/团购:1,Unknown,D,上街区,铝城公园,口味:3.5 环境:3.5 服务:3.5,3,1,1,0,方面筋_素鸡_生菜_粉丝_粉浆面_调凉皮_调擀面皮_野菜面条_豆腐竹,,
l1RhtcVEHulZZ7xa,郑记一品串串香(亚星花园店),Unknown,False,D:无证据,,整鸡/大单品+鸡翅+鸡脖/其他部位,True,A:菜品直接证据,烤鸡;鸡翅;鸡爪,烤炸复合,False,A:菜品直接证据,烤鸡,香辣,False,A:菜品直接证据,麻辣,堂食+外卖+团购,False,B:多字段组合,外卖:1/团购:1,<10,A,上街区,铝城公园,口味:3.5 环境:3.4 服务:3.5,4,1,1,0,麻辣香包_雪花勇闯天涯_麻辣鸡爪_烤鸡翅_烤五花肉_烤奶香小馒头_粉浆面条_小米绿豆稀饭_酸辣面_桂花肠,,
laxfI9894US5WDIR,熊家无二·韩式炸鸡(上街店),韩式,False,C:品牌映射,brand:熊家,鸡翅,False,C:品牌映射,brand:熊家,裹粉炸,False,C:品牌映射,brand:熊家,甜辣+孜然+酱香,True,C:品牌映射,brand:熊家,外卖型,False,C:品牌映射,brand:熊家,20-30,A,上街区,铝城公园,口味:3.8 环境:3.9 服务:3.9,24,1,1,0,西域孜然粉_无骨腿肉_韩式火鸡面_摇摇薯_芝士球_泰椒酱_果饮_酱料_时蔬石锅拌饭_韩式炸酱面,,
k8vOMfFe4OEgf2VZ,七猫炸鸡&粉粉,中式,True,A:菜品直接证据,老式炸鸡;韩式;东北,鸡腿+鸡块/鸡米花/鸡柳,True,A:菜品直接证据,大鸡;鸡腿;鸡排;鸡叉骨;鸡米花,裹粉炸,False,A:菜品直接证据,酥炸,香辣+椒盐+酸甜,True,A:菜品直接证据,香酥;辣;椒盐;奥尔良;番茄,堂食+外卖+团购,False,B:多字段组合,外卖:1/团购:1,Unknown,D,上街区,铝城公园,口味:3.4 环境:3.4 服务:3.4,1,1,1,0,麻酱凉皮_酸辣金汤玉米面_韩式夹心年糕_柠檬水_海苔鸡柳_奶香玉米甜心_韩式无骨鸡腿肉_番茄米线_椒盐鸡米花_东北玉米凉面,,
H12pfBEz8DBiKvhQ,永芳炸串,Unknown,False,D:无证据,,鸡腿+鸡翅+鸡排+鸡块/鸡米花/鸡柳,True,A:菜品直接证据,鸡腿;鸡翅;鸡排;鸡柳;鸡心,Unknown,False,D:无证据,,Unknown,False,D:无证据,,堂食+外卖+团购,False,B:多字段组合,外卖:1/团购:1,Unknown,D,上街区,铝城公园,口味:3.4 环境:3.4 服务:3.4,2,1,1,0,鸡腿肉串_炸鸡柳_藤椒鸡排_浆面条_包菜_娃娃菜_土豆片_素鸡翅_豆角_面筋圈,,
lal4GPq49hmZe20X,老妈炸串,Unknown,False,D:无证据,,鸡排,True,A:菜品直接证据,鸡排;鸡块,Unknown,False,D:无证据,,原味,True,A:菜品直接证据,经典;香辣,堂食+外卖+团购,False,B:多字段组合,外卖:1/团购:1,<10,A,上街区,铝城公园,口味:3.4 环境:3.4 服务:3.4,4,1,1,0,老式烧饼_雪碧透心凉_苕皮_百事可乐经典包装_炸淀粉肠_油炸龙豆_炸羊肉串_小面筋圈_蚕丝肉_豆扣,,
k9uHZKxhKV8BVr0C,发园炸串,Unknown,False,D:无证据,,鸡脖/其他部位,False,A:菜品直接证据,鸡皮,Unknown,False,D:无证据,,Unknown,False,D:无证据,,Unknown,False,D:无证据,,20-30,A,上街区,铝城公园,口味:4.1 环境:3.6 服务:3.8,37,,,0,鸡皮_脆骨_玉米粒_香菇_茄子_青椒_年糕_千丝万缕_枣肠_豆角,,
k4rTwUIHzUD5pCKX,潼掌柜生炸鸡架,中式,False,C:品牌映射,brand:潼掌柜,鸡腿+鸡架/锁骨/叉骨+鸡脖/其他部位,True,C:品牌映射,brand:潼掌柜,生炸/现炸,False,C:品牌映射,brand:潼掌柜,香辣,False,C:品牌映射,brand:潼掌柜,档口/摊位,False,C:品牌映射,brand:潼掌柜,<10,A,上街区,铝城公园,口味:3.8 环境:3.9 服务:3.8,11,1,1,0,超级生炸鸡叉骨_生炸脆鸡胗_生炸鸡背肉_爆汁小鸡腿_开花鸡腿_生炸鸡架,,
j9LgzNPJByTa2sjZ,爆掌柜生炸鸡架(王府井店),中式,False,C:品牌映射,brand:爆掌柜,鸡腿+鸡架/锁骨/叉骨+鸡脖/其他部位,True,C:品牌映射,brand:爆掌柜,生炸/现炸,False,C:品牌映射,brand:爆掌柜,香辣,False,C:品牌映射,brand:爆掌柜,档口/摊位,False,C:品牌映射,brand:爆掌柜,10-15,A,中原区,锦艺城/王府井,口味:3.5 环境:3.5 服务:3.5,12,1,,11,生炸小鸡腿_生榨鸡叉骨_生炸琵琶腿_锅巴土豆_生炸鸡胗_柠檬爆汁鸡叉骨,,
k7npDYmqjWBt1yRH,糊涂炸鸡,Unknown,False,D:无证据,,整鸡/大单品+鸡腿,True,A:菜品直接证据,大鸡;鸡腿,Unknown,False,D:无证据,,Unknown,False,D:无证据,,含团购,False,B:团购字段,1,Unknown,D,上街区,铝城公园,,,,1,0,轰炸大鸡腿_炸小鸡腿,,
kaZaSQPpngPtgVfa,兵哥包菜串,Unknown,False,D:无证据,,Unknown,False,D:无证据,,Unknown,False,D:无证据,,Unknown,False,D:无证据,,含团购,False,B:团购字段,1,<10,A,上街区,铝城公园,,,,1,0,上华菠菜_外婆菜鸡蛋灌饼_大窑荔枝汽水_蓝莓果汁_宽粉_麻酱水饺_炒米_打卤棒骨_木樨炒方便面_功夫汽水,,
H5TthFInkDWS9Jyl,王小乖·老式炸鸡(家家欣购物中心店),中式,False,A:菜品直接证据,香酥鸡,整鸡/大单品+鸡腿+鸡架/锁骨/叉骨,True,A:菜品直接证据,大鸡;鸡腿;鸡架;鸡爪,生炸/现炸,False,A:菜品直接证据,生炸,原味,True,A:菜品直接证据,香酥;微辣,堂食+外卖+团购,False,B:多字段组合,外卖:1/团购:1,<10,A,中牟县,锦荣悦汇城,口味:3.8 环境:3.8 服务:3.8,22,1,1,0,招牌大鸡腿_现炸烟熏鸡架_招牌秘制大鸡腿_现炸香酥鸡叉骨_手工棒棒鸡_香酥鸡背肉,,
G4RX8z3Sm4jWaP6R,游喜鸡·炸鸡(鸡排·拌饭),Unknown,False,D:无证据,,Unknown,False,D:无证据,,Unknown,False,D:无证据,,Unknown,False,D:无证据,,含外卖,False,B:外卖字段,1,Unknown,D,中牟县,锦荣悦汇城,,,1,,0,,,
k7l8wxwTT6SKRUok,火爆炸串,Unknown,False,D:无证据,,鸡块/鸡米花/鸡柳,False,A:菜品直接证据,鸡柳,Unknown,False,D:无证据,,Unknown,False,D:无证据,,含团购,False,B:团购字段,1,<10,A,上街区,铝城公园,,,,1,0,炸鸡柳_炸淀粉肠,,
l3T2GMtt4mLbqB5U,桂花香炸串(金屏路店),Unknown,False,D:无证据,,鸡块/鸡米花/鸡柳+鸡脖/其他部位,True,A:菜品直接证据,鸡柳;鸡胗,Unknown,False,D:无证据,,Unknown,False,D:无证据,,含外卖,False,B:外卖字段,1,15-20,A,上街区,铝城公园,口味:4.3 环境:4.0 服务:4.1,96,1,,0,豆腐干_烧饼_鸡柳_羊肉_花花牛妙酸乳饮品_南瓜饼_糊涂面条_蔬菜茄片_双汇蒸煮淀粉肉肠_鸡胗,,
G8K1xibh47My8YRu,延庆观炸鸡(济源路店),中式,False,C:品牌映射,brand:延庆观,整鸡/大单品,False,C:品牌映射,brand:延庆观,卤炸,False,C:品牌映射,brand:延庆观,原味,False,C:品牌映射,brand:延庆观,档口/摊位,False,C:品牌映射,brand:延庆观,15-20,A,上街区,铝城公园,口味:3.4 环境:3.4 服务:3.4,4,1,,0,招牌鸡肉块_招牌鸡翅中_招牌鸡翅根,,
G4EhVBTzLVoIfmfI,斯林炸串(嘉盛溪畔美域店),Unknown,False,D:无证据,,Unknown,False,D:无证据,,Unknown,False,D:无证据,,Unknown,False,D:无证据,,含外卖,False,B:外卖字段,1,Unknown,D,上街区,铝城公园,口味:3.4 环境:3.4 服务:3.4,1,1,,0,锡纸粉丝花甲,,
G3yxZwmaCCzpfp8X,张屯屯开花鸡腿(淮阳路店),中式,False,C:品牌映射,brand:张屯屯,鸡排+鸡架/锁骨/叉骨+鸡块/鸡米花/鸡柳,True,C:品牌映射,brand:张屯屯,生炸/现炸,False,C:品牌映射,brand:张屯屯,原味,False,C:品牌映射,brand:张屯屯,档口/摊位,False,C:品牌映射,brand:张屯屯,10-15,A,上街区,铝城公园,口味:3.5 环境:3.5 服务:3.5,6,1,1,0,糖心爆浆糍粑_囤囤鸡排_海苔鸡柳_手工鲜切鸡柳_焦香鸡叉骨_炸鸡锅包肉_牛奶雪花酪_爆香生炸鸡架_冰镇乌梅汁_招牌鸡块,,
k23jMBSZwX7eXiJ3,小眼咪炸鸡(金屏路店),Unknown,False,D:无证据,,鸡翅+鸡块/鸡米花/鸡柳,True,A:菜品直接证据,鸡腿;鸡翅;鸡叉骨;鸡米花,Unknown,False,D:无证据,,Unknown,False,D:无证据,,Unknown,False,D:无证据,,Unknown,D,上街区,铝城公园,,,,,0,娃哈哈AD钙奶_翅中_鸡米花_无骨鸡翅,,
k9a3DVYcobaGg7ZL,壹杭麻辣串·炸串·砂锅(明珠公馆店),Unknown,False,D:无证据,,Unknown,False,D:无证据,,Unknown,False,D:无证据,,香辣,False,C:店名推断,麻辣,Unknown,False,D:无证据,,10-15,A,上街区,铝城公园,,,,,0,豆腐皮_纯筋面筋_茼蒿_油麦菜_砂锅土豆粉_炸莲菜_手拍面_营养面_粉丝_炒饼丝,,
k8YhxxuLL5rE00ph,尕凤生炸鸡架(瀚宇天悦店),Unknown,False,D:无证据,,鸡架/锁骨/叉骨+鸡脖/其他部位,True,A:菜品直接证据,鸡腿;鸡架;鸡柳;鸡脖,生炸/现炸,False,A:菜品直接证据,生炸,香辣,False,A:菜品直接证据,麻辣,堂食+外卖+团购,False,B:多字段组合,外卖:1/团购:1,10-15,A,金水区,陈寨/张家村,,14,1,1,0,招牌焦糖生炸鲜鸡架_生炸鸡脖_银梅可乐_银梅口乐_藤椒鸡半翅_土豆薯条_麻辣鸡伴翅_超级鸡叉骨,,
G1itMrTiLcjcVY4j,老郑州中式炸鸡,中式,False,C:店名推断,中式炸鸡,鸡腿+鸡排,True,A:菜品直接证据,鸡腿;鸡排;鸡叉骨,Unknown,False,D:无证据,,原味+黑胡椒+酸甜,True,A:菜品直接证据,香酥;黑胡椒;甘梅,含团购,False,B:团购字段,1,10-15,A,二七区,长途客运总站,口味:3.9 环境:3.9 服务:3.9,25,,1,0,香酥手枪腿_手枪腿儿_厚切鸡排_黑胡椒_甘梅_鸡鲍鱼_三味拼炸鸡,,
k3eSWmD2DlLSZ6pN,正新鸡排·炸鸡烧烤(碧云路店),美式/西式,False,C:品牌映射,brand:正新,整鸡/大单品+鸡翅+鸡排+鸡块/鸡米花/鸡柳,True,C:品牌映射,brand:正新,裹粉炸,False,C:品牌映射,brand:正新,原味,False,C:品牌映射,brand:正新,档口/摊位,False,C:品牌映射,brand:正新,15-20,A,二七区,长途客运总站,口味:3.8 环境:3.5 服务:3.9,39,1,1,0,正新鸡排_鸡米花_正新大烤肠_金锤翅根_现炸翅根_香辣大鸡排,,
H5M2gRJA4cveEvkM,CJ吃鸡,Unknown,False,D:无证据,,Unknown,False,D:无证据,,Unknown,False,D:无证据,,Unknown,False,D:无证据,,Unknown,False,D:无证据,,Unknown,D,二七区,长途客运总站,,,,,0,,,
E28DhekiG9OFSfJt,锦州烧烤·龙虾·虾尾(郑州总店),Unknown,False,D:无证据,,整鸡/大单品+鸡架/锁骨/叉骨+鸡脖/其他部位,True,A:菜品直接证据,烤鸡;鸡架;鸡心,烤炸复合,False,A:菜品直接证据,烤鸡,香辣+椒盐,True,A:菜品直接证据,麻辣;蒜香;椒盐,堂食+外卖+团购,False,B:多字段组合,外卖:1/团购:1,30-50,A,二七区,长途客运总站,口味:4.0 环境:4.0 服务:4.0,266,1,1,2,招牌炒方便面_鸡架_吃蟹工具_高压锅乳山生蚝_烤手工牛肉串_烤香菇_烤鸡心_麻辣甲鱼_椒盐大虾_酸菜鱼,,
G42ObLpE0b59Srs3,御膳叉骨炸鸡(通站路店),中式,False,C:品牌映射,brand:御膳,鸡架/锁骨/叉骨,False,C:品牌映射,brand:御膳,生炸/现炸,False,C:品牌映射,brand:御膳,椒盐,False,C:品牌映射,brand:御膳,档口/摊位,False,C:品牌映射,brand:御膳,20-30,A,二七区,长途客运总站,口味:3.7 环境:3.6 服务:3.6,30,1,1,0,无骨鸡柳_可口可乐罐装_芬达罐装_康师傅矿泉水_花花牛乳酸菌_益生菌瓶装_芒顿小镇瓶装_雪碧罐装_悦动力_鸡背肉,,
l6TRP34w5mNh0DQk,大麦先生韩国炸鸡(航海中路店),韩式,False,C:品牌映射,brand:大麦先生,鸡腿+鸡翅+鸡块/鸡米花/鸡柳,True,C:品牌映射,brand:大麦先生,裹粉炸,False,C:品牌映射,brand:大麦先生,甜辣+黑胡椒,True,C:品牌映射,brand:大麦先生,堂食+外带,False,C:品牌映射,brand:大麦先生,30-50,A,二七区,长途客运总站,,10,,,0,黄金芝士球_炸翅中_黑胡椒鸡块_炸鸡腿,,
k4nSQmD29K7xKffB,延庆观炸鸡(淮南街分店),中式,False,C:品牌映射,brand:延庆观,鸡翅+鸡架/锁骨/叉骨+鸡块/鸡米花/鸡柳+鸡脖/其他部位,True,C:品牌映射,brand:延庆观,卤炸,False,C:品牌映射,brand:延庆观,原味,False,C:品牌映射,brand:延庆观,档口/摊位,False,C:品牌映射,brand:延庆观,20-30,A,二七区,长江中路沿线,口味:4.0 环境:4.0 服务:4.0,31,,,0,炸鸡配薯条_鸡翅根_椒盐小河虾_招牌鸡叉骨_川香鸡柳_鸡皮_炸土豆条_叉骨尝鲜款_叉骨_红玫瑰花束,,
H7g9293ggpaoIOhO,鲜啤坊原浆鲜啤秘制炸鸡,Unknown,False,D:无证据,,Unknown,False,D:无证据,,Unknown,False,D:无证据,,Unknown,False,D:无证据,,含团购,False,B:团购字段,1,20-30,A,金水区,陈寨/张家村,,2,,1,0,招牌精酿福佳白_精酿黄啤_招牌精酿黄啤_招牌精酿蜜桃黄啤,,
l2mqjsremWVFocXO,HanBang韩式炸鸡火鸡面,韩式,False,C:品牌映射,brand:HanBang,鸡块/鸡米花/鸡柳,False,C:品牌映射,brand:HanBang,裹粉炸,False,C:品牌映射,brand:HanBang,甜辣,False,C:品牌映射,brand:HanBang,外卖型,False,C:品牌映射,brand:HanBang,15-20,A,金水区,陈寨/张家村,,,1,,0,,,
l12sTUutbaAzLUUw,御膳叉骨,中式,False,C:品牌映射,brand:御膳,鸡架/锁骨/叉骨,False,C:品牌映射,brand:御膳,生炸/现炸,False,C:品牌映射,brand:御膳,椒盐,False,C:品牌映射,brand:御膳,档口/摊位,False,C:品牌映射,brand:御膳,Unknown,D,金水区,陈寨/张家村,,,,,0,,,
l2eY8S5KgWNSGmaC,许记香酥鸡鸭(园田花园店),中式,False,A:菜品直接证据,香酥鸡,整鸡/大单品,False,A:菜品直接证据,香酥鸡,Unknown,False,D:无证据,,原味,False,A:菜品直接证据,香酥,堂食+外卖+团购,False,B:多字段组合,外卖:1/团购:1,20-30,A,金水区,陈寨/张家村,口味:3.4 环境:3.4 服务:3.4,4,1,1,0,精品香酥鸡,,
k1Cd5KK1fa6CdWpw,喜胡同鲜炸鸡(正商园田花园店),Unknown,False,D:无证据,,鸡腿+鸡架/锁骨/叉骨+鸡块/鸡米花/鸡柳,True,A:菜品直接证据,鸡腿;鸡叉骨;鸡块,生炸/现炸,False,A:菜品直接证据,现做,原味,False,A:菜品直接证据,香酥,堂食+外卖+团购,False,B:多字段组合,外卖:1/团购:1,15-20,A,金水区,陈寨/张家村,口味:3.8 环境:3.9 服务:3.9,12,1,1,0,焦香鸡叉骨_无骨鸡块_爆汁鸡鲍鱼_香酥平菇_现做酸梅汤_爆汁小鸡腿_湾湾全家桶,,
GaPZ9P5haBvtgG6c,鸡柳大人(晨曦店),中式,False,C:品牌映射,brand:鸡柳大人,整鸡/大单品+鸡翅+鸡块/鸡米花/鸡柳,True,C:品牌映射,brand:鸡柳大人,生炸/现炸,False,C:品牌映射,brand:鸡柳大人,椒盐,False,C:品牌映射,brand:鸡柳大人,档口/摊位,False,C:品牌映射,brand:鸡柳大人,15-20,A,二七区,长途客运总站,口味:3.5 环境:3.5 服务:3.4,,1,,36,招牌四合一_空气年糕_开花大香肠_掌中宝_黑金鸡米花_香骨鸡_香酥鸡烤饼_黄金鸡翅尖_脆皮年糕_鸡柳年糕薯条三合一,,
l4xb9bfsg7q1nwrq,海棠湾特色风味炸鱼坊(晨曦小区北区店),Unknown,False,D:无证据,,Unknown,False,D:无证据,,Unknown,False,D:无证据,,Unknown,False,D:无证据,,Unknown,False,D:无证据,,Unknown,D,二七区,长途客运总站,,,,,0,,,
Ha3mH5BbjlZOiT4F,蓝屿韩式炸鸡(祥云路店),韩式,False,C:品牌映射,brand:蓝屿,鸡翅,False,C:品牌映射,brand:蓝屿,裹粉炸,False,C:品牌映射,brand:蓝屿,甜辣,False,C:品牌映射,brand:蓝屿,外卖型,False,C:品牌映射,brand:蓝屿,Unknown,D,二七区,长途客运总站,,,,1,0,糯叽叽年糕条_原味苏打水_咔滋鸡腿纯肉块,,
k9ovbiJUE9UNjxx1,嘎嘎好吃绝味炸鸡,Unknown,False,D:无证据,,Unknown,False,D:无证据,,Unknown,False,D:无证据,,Unknown,False,D:无证据,,Unknown,False,D:无证据,,Unknown,D,二七区,长途客运总站,,,,,0,,,
k5ZgOTX7OWfOjKV5,D坊炸鸡,Unknown,False,D:无证据,,Unknown,False,D:无证据,,Unknown,False,D:无证据,,Unknown,False,D:无证据,,Unknown,False,D:无证据,,Unknown,D,二七区,长途客运总站,,,,,0,,,
l7SWw4f7Okk6e4B8,筋饷脆爱上叉骨炸鸡(祥云路店),中式,False,A:菜品直接证据,香酥鸡,整鸡/大单品,True,A:菜品直接证据,香酥鸡;鸡腿;鸡叉骨;鸡柳,Unknown,False,D:无证据,,原味,False,A:菜品直接证据,香酥,堂食+外卖+团购,False,B:多字段组合,外卖:1/团购:1,15-20,A,二七区,长途客运总站,口味:3.6 环境:3.6 服务:3.6,2,1,1,0,黑加仑_无骨鸡腿肉,,
EizEgbwdQy8ELUFY,火凤炸鸡,Unknown,False,D:无证据,,鸡腿,False,A:菜品直接证据,鸡腿,Unknown,False,D:无证据,,黑胡椒+酸甜,True,A:菜品直接证据,黑胡椒;甘梅,含团购,False,B:团购字段,1,<10,A,二七区,长途客运总站,口味:3.5 环境:3.5 服务:3.5,1,,1,0,黑胡椒_甘梅_招牌鸡腿块,,
k65BodLQxEZ3fLDx,豫见炸海鱼,Unknown,False,D:无证据,,Unknown,False,D:无证据,,Unknown,False,D:无证据,,原味+椒盐,True,A:菜品直接证据,香酥;椒盐,含团购,False,B:团购字段,1,Unknown,D,二七区,长途客运总站,口味:3.5 环境:3.5 服务:3.5,5,,1,0,椒盐香酥多春鱼_椒盐香酥带鱼_招牌无刺鳕鱼_椒盐香酥鲜虾,,
ioCHkf9gFWKnVkQn,炸鸡小店,中式,True,A:菜品直接证据,香酥鸡;吮指,整鸡/大单品+鸡块/鸡米花/鸡柳,True,A:菜品直接证据,大鸡;鸡腿;鸡翅;鸡叉骨;鸡米花,裹粉炸,False,A:菜品直接证据,脆皮,原味+酸甜,True,A:菜品直接证据,香酥;橙,Unknown,False,D:无证据,,15-20,A,二七区,长途客运总站,口味:3.5 环境:3.5 服务:3.5,2,,,0,雪花鸡柳_甘梅地瓜条_鸡米花_爆米花_香酥鸡块,,
l2skuxyb9zLUuvUM,奶茶炸鸡小吃(瀚海海尚店),Unknown,False,D:无证据,,Unknown,False,D:无证据,,Unknown,False,D:无证据,,Unknown,False,D:无证据,,Unknown,False,D:无证据,,Unknown,D,金水区,东风路,,,,,0,,,
k3Psb1WGGDWjKjib,美汁堡炸鸡汉堡(天旺广场店),中式,False,A:菜品直接证据,香酥鸡,整鸡/大单品+鸡腿+鸡翅+鸡块/鸡米花/鸡柳,True,A:菜品直接证据,大鸡;鸡腿;鸡翅;鸡排;鸡米花,裹粉炸,False,A:菜品直接证据,脆皮,原味+酱香,True,A:菜品直接证据,香酥;辣;奥尔良,含外卖,False,B:外卖字段,1,10-15,A,金水区,东风路,口味:3.8 环境:3.8 服务:3.8,577,1,,0,美味蛋挞_田园脆鸡堡_老北京鸡肉卷_脆皮香酥大鸡腿_鸡柳汉堡_酥脆可口鸡米花_雀巢奶茶_雀巢咖啡_鸡翅_奥尔良烤腿堡,,
kadhbAD7Ell3VUId,禾雨鲜炸鸡柳,美式/西式,True,A:菜品直接证据,原味鸡;三合一,鸡腿,False,A:菜品直接证据,鸡腿,生炸/现炸,False,C:店名推断,鲜炸,原味+香辣+甜辣,True,A:菜品直接证据,原味;香辣;芝士,堂食+外卖+团购,False,B:多字段组合,外卖:1/团购:1,Unknown,D,金水区,东风路,,6,1,1,0,奶酪鱼条_芝士玉米热狗棒_香辣原味鸡腿_精品薯塔_三合一,,
HaRG2rZJJOU5i6Uy,小马炸鸡(宏图街店),中式,False,C:品牌映射,brand:小马,鸡腿+鸡翅+鸡排+鸡块/鸡米花/鸡柳,True,C:品牌映射,brand:小马,生炸/现炸,False,C:品牌映射,brand:小马,甜辣+酸甜,True,C:品牌映射,brand:小马,档口/摊位,False,C:品牌映射,brand:小马,15-20,A,金水区,东建材,口味:4.0 环境:4.0 服务:4.0,59,1,1,0,黄金翅中_金甲鸡柳送番茄酱_鸡排_鸡腿肉_小酥肉_炸年糕_炸狼牙土豆_炸牛奶_炸芝士_花生米,,
G5Ey56tBTqfPrkWU,延庆观炸鸡(宏图街店),中式,False,C:品牌映射,brand:延庆观,整鸡/大单品+鸡排+鸡块/鸡米花/鸡柳,True,C:品牌映射,brand:延庆观,卤炸,False,C:品牌映射,brand:延庆观,原味+黑胡椒+酸甜,True,C:品牌映射,brand:延庆观,档口/摊位,False,C:品牌映射,brand:延庆观,30-50,A,金水区,东建材,口味:3.8 环境:3.7 服务:3.8,505,1,1,0,炸鸡大乱斗_素什锦_花花牛奶_鸡肉脆骨丸_黄金脆骨丸_香酥炸饼_黑椒鸡块_脆皮鸡排_藤椒包_甘梅粉,,
l9U2ct6b1fLcUTV4,西安烤面筋(十里铺店),Unknown,False,D:无证据,,整鸡/大单品+鸡块/鸡米花/鸡柳+鸡脖/其他部位,True,A:菜品直接证据,烤鸡;鸡柳;鸡心,烤炸复合,False,A:菜品直接证据,烤鸡,甜辣,True,A:菜品直接证据,芝士;黑胡椒,含团购,False,B:团购字段,1,10-15,A,金水区,东建材,,,,1,0,黑胡椒烤肉_绝味烤鸭肠_特色烤鱿鱼耳_烤鸡心串_薯塔_纯肉熊大棒_金丝鸡柳棒,,
H33YdndA8zdFNnK9,寂寞炸串,Unknown,False,D:无证据,,鸡块/鸡米花/鸡柳,False,A:菜品直接证据,鸡柳,Unknown,False,D:无证据,,Unknown,False,D:无证据,,含外卖,False,B:外卖字段,1,15-20,A,金水区,东建材,口味:3.6 环境:3.6 服务:3.6,8,1,,0,豆蔻_湿面筋_娃娃菜_洋葱片_卷心菜_蟹排_香菇_海带结_韭菜段_西兰花,,
l2p8hF8x0Vk6isI1,希今·烙馍卷面筋,Unknown,False,D:无证据,,Unknown,False,D:无证据,,Unknown,False,D:无证据,,Unknown,False,D:无证据,,堂食+外卖+团购,False,B:多字段组合,外卖:1/团购:1,Unknown,D,金水区,东建材,,1,1,1,0,烙馍卷面筋_烙馍卷剁椒面筋,,
l4UuokZ0y4NASY6J,被吃空的炸串店(白庄社区店),Unknown,False,D:无证据,,Unknown,False,D:无证据,,Unknown,False,D:无证据,,Unknown,False,D:无证据,,含团购,False,B:团购字段,1,Unknown,D,金水区,东建材,,,,1,0,炸串全家福_西葫芦肉虾仁饺_香炸爆汁鱼丸_虾米饺,,
k9n0QOwBLFQlVNcy,王朝炸鸡(白庄店),Unknown,False,D:无证据,,鸡翅+鸡架/锁骨/叉骨,True,A:菜品直接证据,鸡翅;鸡叉骨,Unknown,False,D:无证据,,香辣,False,A:菜品直接证据,香辣,堂食+外卖+团购,False,B:多字段组合,外卖:1/团购:1,<10,A,金水区,东建材,口味:3.6 环境:3.6 服务:3.6,2,1,1,0,龙骨脆_香辣鸡肉卷_招牌鸡叉骨_旋风藤椒鸡翅根,,
H8TG1PtMyOCbXOAr,奈斯汉堡,Unknown,False,D:无证据,,Unknown,False,D:无证据,,Unknown,False,D:无证据,,Unknown,False,D:无证据,,含外卖,False,B:外卖字段,1,15-20,A,金水区,东建材,,,1,,0,,,
k9iFsU7onHUlDerf,四囍鸡排,Unknown,False,D:无证据,,鸡排,False,A:菜品直接证据,鸡排,Unknown,False,D:无证据,,Unknown,False,D:无证据,,含外卖,False,B:外卖字段,1,Unknown,D,金水区,东建材,,,1,,0,四囍主打鸡排,,
G4o82HoWH1jcUQ6w,顶呱呱秘制炸鸡(蓝天空港店),Unknown,False,D:无证据,,Unknown,False,D:无证据,,Unknown,False,D:无证据,,Unknown,False,D:无证据,,Unknown,False,D:无证据,,Unknown,D,金水区,东建材,,,,,0,,,
G5rSJXSaiLnh70Rx,鸿禾龙虾烧烤,Unknown,False,D:无证据,,整鸡/大单品+鸡翅,True,A:菜品直接证据,烤鸡;鸡翅,烤炸复合,False,A:菜品直接证据,烤鸡,香辣,False,A:菜品直接证据,麻辣,含团购,False,B:团购字段,1,50+,A,金水区,东建材,口味:3.7 环境:3.6 服务:3.6,14,,1,0,肉筋_板筋_烤羊眼_烤金针菇_特色虾尾_鸡肉盖面_牛肉串_烤鸡翅_骨肉相连_烤鱼豆腐,,
GamMbYiMgf84QIwQ,上京城中国鸡排(白庄店),中式,True,A:菜品直接证据,香酥鸡;台式,鸡腿+鸡排+鸡架/锁骨/叉骨+鸡块/鸡米花/鸡柳,True,A:菜品直接证据,大鸡;鸡腿;鸡排;鸡架;鸡块,裹粉炸,True,A:菜品直接证据,脆皮;生炸,香辣+甜辣+酸甜,True,A:菜品直接证据,香酥;香辣;芝士;菠萝,堂食+外卖+团购,False,B:多字段组合,外卖:1/团购:1,10-15,A,金水区,东建材,口味:3.5 环境:3.5 服务:3.5,5,1,1,7,招牌鸡柳卷饼_中国鳕鱼堡_脆皮炸鸡腿_中国七虾堡_京城脆皮炸鸡腿_招牌香辣鸡排_生炸鸡架_仙女芝士棒_手工大面筋_港味酥皮菠萝堡,,
l6KMJgQdUNDziLDp,咯咯哒炸鸡(大邢屯社区店),Unknown,False,D:无证据,,Unknown,False,D:无证据,,Unknown,False,D:无证据,,Unknown,False,D:无证据,,含外卖,False,B:外卖字段,1,10-15,A,金水区,东建材,口味:3.6 环境:3.6 服务:3.6,1,1,,0,,,
l9zObyA5ZLPLtMz4,一串烟火,Unknown,False,D:无证据,,Unknown,False,D:无证据,,Unknown,False,D:无证据,,Unknown,False,D:无证据,,Unknown,False,D:无证据,,Unknown,D,金水区,东建材,,,,,0,,,
G2yKg28IdHpaW03Y,怪老一蒜香炸鸡(印象汇店),中式,True,A:菜品直接证据,香酥鸡;韩式,整鸡/大单品+鸡翅+鸡排+鸡脖/其他部位,True,A:菜品直接证据,大鸡;翅根;鸡排;鸡叉骨;鸡米花;鸡脖,Unknown,False,D:无证据,,甜辣+酸甜,True,A:菜品直接证据,香酥;蒜香;芝士;甘梅,堂食+外卖+团购,False,B:多字段组合,外卖:1/团购:1,15-20,A,金水区,东建材,口味:3.9 环境:3.9 服务:3.9,212,1,1,0,大脸鸡排_藤椒翅根_甘梅薯条_爽炸香鸡脖_杏鲍菇_韩式炸鸡_心形大鸡排_大大大鸡排_香芋地瓜球_榴莲芝士口味,,
k1dFQJbKakuibu6V,叫了只炸鸡(凤凰城店),中式,False,C:品牌映射,brand:叫了只,鸡翅+鸡架/锁骨/叉骨+鸡块/鸡米花/鸡柳,True,C:品牌映射,brand:叫了只,生炸/现炸,False,C:品牌映射,brand:叫了只,香辣+甜辣,True,C:品牌映射,brand:叫了只,外卖型,False,C:品牌映射,brand:叫了只,15-20,A,金水区,东建材,口味:3.4 环境:3.4 服务:3.4,59,1,1,0,佐口魔鬼爆辣酱_佐口山茶豆豉酱_进口炸年糕六颗尝鲜价_黄金蟹脚棒单点不送_鸡翅包饭_无骨小叉骨_韩式无骨炸鸡送甜辣酱_深海鳕鱼排_网红佐口辣酱_神奇的鸡,,
laqNO0ZglkRx7wnw,GeGe-韩式炸鸡(升龙汇金店),韩式,False,C:品牌映射,brand:GeGe,鸡腿+鸡块/鸡米花/鸡柳,True,C:品牌映射,brand:GeGe,裹粉炸,False,C:品牌映射,brand:GeGe,蒜香+甜辣+黑胡椒+酱香,True,C:品牌映射,brand:GeGe,外卖型,False,C:品牌映射,brand:GeGe,20-30,A,金水区,东风路,口味:3.6 环境:3.6 服务:3.6,15,1,1,0,无骨炸鸡_鸡腿_一整只炸鸡_年糕条_黑胡椒粉_榴莲芝士_蒜香酱油_奶香芝士_无骨鸡块,,
k6py02QcENQN2bC2,御膳叉骨(升龙汇金店·炸串),中式,False,C:品牌映射,brand:御膳,鸡架/锁骨/叉骨,False,C:品牌映射,brand:御膳,生炸/现炸,False,C:品牌映射,brand:御膳,椒盐,False,C:品牌映射,brand:御膳,档口/摊位,False,C:品牌映射,brand:御膳,15-20,A,金水区,东风路,,,1,,0,,,
G7PFXckqZ5qXJPpU,延庆观炸鸡(丰乐路店),中式,False,C:品牌映射,brand:延庆观,鸡腿+鸡翅+鸡排+鸡块/鸡米花/鸡柳,True,C:品牌映射,brand:延庆观,卤炸,False,C:品牌映射,brand:延庆观,原味,False,C:品牌映射,brand:延庆观,档口/摊位,False,C:品牌映射,brand:延庆观,15-20,A,金水区,东风路,口味:4.1 环境:4.2 服务:4.2,741,1,1,0,延庆观琵琶腿_延庆观炸鸡柳_大脸鸡排_全翅膀_翅根_鸡腿肉,,
G3suxUkoTkePOPV3,一家很哇塞的韩式炸鸡(郑州店),韩式,False,C:店名推断,韩式,Unknown,False,D:无证据,,Unknown,False,D:无证据,,Unknown,False,D:无证据,,含外卖,False,B:外卖字段,1,Unknown,D,金水区,东风路,口味:3.7 环境:3.7 服务:3.7,,1,,0,,,
G3pSXi7J1RY2yd1s,延庆观炸鸡(博颂路店),中式,False,C:品牌映射,brand:延庆观,鸡腿+鸡翅+鸡架/锁骨/叉骨+鸡块/鸡米花/鸡柳+鸡脖/其他部位,True,C:品牌映射,brand:延庆观,卤炸,False,C:品牌映射,brand:延庆观,香辣+甜辣+酸甜+芥末,True,C:品牌映射,brand:延庆观,档口/摊位,False,C:品牌映射,brand:延庆观,15-20,A,金水区,东风路,口味:3.9 环境:3.3 服务:3.8,60,1,1,0,招牌鸡米花和鸡皮两掺_韩式蜂蜜芥末双拼风味炸鸡_韩式甜辣酱风味炸鸡_甘梅地瓜条_特色牙签肉_鸡米花牙签肉_鸡米花牙签肉两掺_牙签肉_鸡腿_黄金全翅,,
l9HvqAAuROj0Kkqy,匠哥俩土豆伴炸鸡(瀚海海尚店),Unknown,False,D:无证据,,整鸡/大单品,True,A:菜品直接证据,大鸡;鸡排,Unknown,False,D:无证据,,原味,True,A:菜品直接证据,经典;辣子;蜂蜜,堂食+外卖+团购,False,B:多字段组合,外卖:1/团购:1,10-15,A,金水区,东风路,口味:3.9 环境:3.9 服务:3.9,72,1,1,0,旋风薯塔_纯肉开花肠_校门口棒棒鸡_手打冰柠茶_蜂蜜伴翅_黄金薯塔,,
l7ZEhHfnjjUf6Ojy,正新鸡排·炸鸡烧烤(瀚海店),美式/西式,False,C:品牌映射,brand:正新,鸡排,False,C:品牌映射,brand:正新,裹粉炸,False,C:品牌映射,brand:正新,原味,False,C:品牌映射,brand:正新,档口/摊位,False,C:品牌映射,brand:正新,20-30,A,金水区,东风路,口味:3.7 环境:3.7 服务:3.6,201,1,1,0,小牛肉_脆皮香蕉_冰红茶气泡水_鲜鲜小鱿鱼_帅帅小鸡肉_绝色小鸭肠_单签中翅_正新鸭肉串_鸡肉串_正新小串系列,,
k8Ka40zVfEr23joj,树先生炸鸡(郑州店),韩式,False,A:菜品直接证据,韩式,鸡腿+鸡架/锁骨/叉骨+鸡块/鸡米花/鸡柳,True,A:菜品直接证据,大鸡;鸡腿;鸡叉骨;鸡米花,裹粉炸,False,A:菜品直接证据,脆皮,原味+香辣+酱香,True,A:菜品直接证据,经典;香辣;蒜香;芝士;孜然;奥尔良,堂食+外卖+团购,False,B:多字段组合,外卖:1/团购:1,10-15,A,金水区,东风路,口味:4.0 环境:4.0 服务:4.0,121,1,1,0,鸡腿汉堡_五香鸡块_香辣鸡腿堡_年糕条_蟹黄鸡块_淄博薯饼_奥尔良鸡叉骨_经典咖喱鸡块饭_盐酥鸡米花_韩式麻辣酱,,
l4MGTtYRzsYwlVMn,炸鸡炸鱼,Unknown,False,D:无证据,,Unknown,False,D:无证据,,Unknown,False,D:无证据,,Unknown,False,D:无证据,,Unknown,False,D:无证据,,Unknown,D,金水区,东风路,,,,,0,,,
l6Q8DAcAtD5SVDTc,豆艺臻品-臭豆腐(天明路店),Unknown,False,D:无证据,,鸡排,True,A:菜品直接证据,鸡排;鸡米花,Unknown,False,D:无证据,,原味,True,A:菜品直接证据,香酥;椒盐;孜然,含外卖,False,B:外卖字段,1,<10,A,金水区,东风路,口味:3.6 环境:3.6 服务:3.6,4,1,,0,棒棒鸡_炸地瓜条_炸年糕_炸薯片,,
l6avlUou0CrfKkNZ,袁记炸鸡(原南阳路弘润路店),Unknown,False,D:无证据,,鸡腿,True,A:菜品直接证据,鸡腿;鸡叉骨;鸡柳,Unknown,False,D:无证据,,Unknown,False,D:无证据,,含外卖,False,B:外卖字段,1,10-15,A,金水区,东风路,口味:3.8 环境:3.9 服务:3.9,7,1,,0,特色鸡腿肉,,
H8wIafepTysunaII,炸鸡小铺(金阳光居易店),Unknown,False,D:无证据,,Unknown,False,D:无证据,,Unknown,False,D:无证据,,Unknown,False,D:无证据,,含外卖,False,B:外卖字段,1,15-20,A,金水区,东风路,口味:3.6 环境:3.7 服务:3.7,2,1,,0,,,
Ha7K0r4S8MofAG4G,御膳叉骨炸鸡(明达路店店),中式,False,C:品牌映射,brand:御膳,鸡腿+鸡排+鸡架/锁骨/叉骨+鸡块/鸡米花/鸡柳,True,C:品牌映射,brand:御膳,生炸/现炸,False,C:品牌映射,brand:御膳,椒盐,False,C:品牌映射,brand:御膳,档口/摊位,False,C:品牌映射,brand:御膳,15-20,A,金水区,东风路,,2,1,,0,特色干炸里脊_酥脆盐酥鸡_招牌御膳叉骨_香辣鸡排_香辣牙签肉_特色无骨鸡腿肉_酥酥脆脆金甲鸡柳,,
H3ft3rPpbvJ32B7P,尕凤生炸鸡架(博颂路店),Unknown,False,D:无证据,,鸡腿,True,A:菜品直接证据,鸡腿;鸡架;鸡柳,生炸/现炸,False,A:菜品直接证据,生炸,原味+香辣,True,A:菜品直接证据,原味;麻辣;甘梅,堂食+外卖+团购,False,B:多字段组合,外卖:1/团购:1,10-15,A,金水区,东风路,口味:3.9 环境:3.9 服务:3.9,90,1,1,0,原味五香生炸鸡架_多肉小V叉_银梅口乐_银梅可乐_麻辣鸡伴翅,,
H1okiv1vVENFWNqk,满巍明生炸鸡架(瀚海海尚店),中式,False,C:品牌映射,brand:满巍明,整鸡/大单品+鸡腿+鸡架/锁骨/叉骨+鸡脖/其他部位,True,C:品牌映射,brand:满巍明,生炸/现炸,False,C:品牌映射,brand:满巍明,香辣,False,C:品牌映射,brand:满巍明,档口/摊位,False,C:品牌映射,brand:满巍明,15-20,A,金水区,东风路,口味:4.1 环境:4.1 服务:4.1,74,1,1,19,生炸鸡架_生炸鸡脖_生炸鸡腿肉_巨炸甘梅红薯_炸蘑菇_生炸鸡胗_飘香脆脆薯_脆皮小鸡腿_鸡腱腿_轰炸大鸡腿,,
k8r1HTHkoJzmYBqv,鸡柳大人(郑州瀚海海尚店),中式,False,C:品牌映射,brand:鸡柳大人,鸡块/鸡米花/鸡柳,False,C:品牌映射,brand:鸡柳大人,生炸/现炸,False,C:品牌映射,brand:鸡柳大人,椒盐,False,C:品牌映射,brand:鸡柳大人,档口/摊位,False,C:品牌映射,brand:鸡柳大人,10-15,A,金水区,东风路,口味:4.1 环境:4.0 服务:4.1,13,1,1,36,三合一_鸡柳薯条年糕三合一_空气年糕,,
G8z5xdiKZd7rKjAA,叫了只炸鸡·韩式炸鸡,中式,False,C:品牌映射,brand:叫了只,整鸡/大单品,False,C:品牌映射,brand:叫了只,生炸/现炸,False,C:品牌映射,brand:叫了只,原味,False,C:品牌映射,brand:叫了只,外卖型,False,C:品牌映射,brand:叫了只,20-30,A,金水区,省电视台,,1,1,,0,,,
Eho5TuztvsGsLvts,真鱿味· 铁板烤串炸串(融元广场店),Unknown,False,D:无证据,,整鸡/大单品,True,A:菜品直接证据,大鸡;鸡腿;鸡排;鸡柳,Unknown,False,D:无证据,,酱香,False,A:菜品直接证据,酱汁,堂食+外卖+团购,False,B:多字段组合,外卖:1/团购:1,10-15,A,金水区,省电视台,口味:3.9 环境:4.0 服务:4.0,84,1,1,0,香嫩土豆片_香嫩金针菇_铁板鱿鱼_爽口生菜_鱼豆腐串_鲜嫩香菇_莲藕_酱汁鸡腿肉拌饭_云南爆浆豆腐_招牌鱿鱼烤串,,
k1YYJ22QKG9apNsn,美汁堡炸鸡汉堡(牧专社区店),Unknown,False,D:无证据,,整鸡/大单品+鸡腿+鸡块/鸡米花/鸡柳,True,A:菜品直接证据,大鸡;鸡腿;鸡排;鸡块,Unknown,False,D:无证据,,原味+酱香,True,A:菜品直接证据,经典;辣;奥尔良;菠萝,含外卖,False,B:外卖字段,1,10-15,A,金水区,省电视台,口味:3.5 环境:3.5 服务:3.5,30,1,,0,奥尔良鸡腿堡_奥尔良烤对翅_劲脆鸡腿堡_上校鸡块_鸡肉洋葱圈_鸡肉卷_鳕鱼条_骨肉相连_香酥大鸡柳_雀巢咖啡,,
G14ruKtx134nnj3t,申向国鸡柳卷饼(朝阳街店),中式,False,C:品牌映射,brand:申向国,鸡块/鸡米花/鸡柳,False,C:品牌映射,brand:申向国,生炸/现炸,False,C:品牌映射,brand:申向国,原味,False,C:品牌映射,brand:申向国,档口/摊位,False,C:品牌映射,brand:申向国,10-15,A,金水区,省电视台,,7,1,1,13,,,
G2mCMRWc3RBz6zBJ,怪老一(丰华街店),韩式,False,A:菜品直接证据,韩式,整鸡/大单品+鸡架/锁骨/叉骨+鸡块/鸡米花/鸡柳,True,A:菜品直接证据,全鸡;鸡叉骨;鸡块,Unknown,False,D:无证据,,蒜香,False,A:菜品直接证据,蒜香,含团购,False,B:团购字段,1,15-20,A,中牟县,祥瑞中心花园,,,,1,0,蒜香v字骨_韩式炸鸡_藤椒炸鸡图_招牌无骨鸡块_招牌全鸡_鸡叉骨,,
G4dE79QAgQYy3HbQ,串摊儿自助烤肉,Unknown,False,D:无证据,,Unknown,False,D:无证据,,Unknown,False,D:无证据,,Unknown,False,D:无证据,,堂食+外带,False,C:店名推断,自助,20-30,A,中牟县,祥瑞中心花园,,,,,0,,,
H8UNgNjrHA4RLdc4,小树林大盆骨牛大骨烧烤,Unknown,False,D:无证据,,Unknown,False,D:无证据,,Unknown,False,D:无证据,,Unknown,False,D:无证据,,Unknown,False,D:无证据,,50+,A,中牟县,祥瑞中心花园,口味:3.4 环境:3.4 服务:3.4,2,,,0,秘制霸王牛骨_挂面_秘制猪脚_黄心菜_特色羊肉串_鱼肉丸子_虾肉丸子_秘制骨,,
k87VboZsCFIlT4iL,鸡滋味炸鸡炸鱼(花园路店),Unknown,False,D:无证据,,Unknown,False,D:无证据,,Unknown,False,D:无证据,,Unknown,False,D:无证据,,含外卖,False,B:外卖字段,1,Unknown,D,金水区,省电视台,,,1,,0,,,
l6XXYYDwArK8mpnL,黎太院韩式炸鸡(金城国际店),韩式,False,C:品牌映射,brand:黎太院,鸡块/鸡米花/鸡柳,False,C:品牌映射,brand:黎太院,裹粉炸,False,C:品牌映射,brand:黎太院,香辣+酱香,True,C:品牌映射,brand:黎太院,堂食+外带,False,C:品牌映射,brand:黎太院,20-30,A,金水区,省电视台,,16,1,1,0,爆辣韩式火鸡面_脆皮香肠_嫩脆小翅根_爆辣韩式火鸡面酥酥糯糯年糕_酥酥糯糯年糕_酱料口味自选可拼盘,,
kapbbP0b6rTNeuMz,炸鸡·炸鱼·炸蘑菇(正弘城店),Unknown,False,D:无证据,,Unknown,False,D:无证据,,Unknown,False,D:无证据,,Unknown,False,D:无证据,,含外卖,False,B:外卖字段,1,Unknown,D,金水区,省电视台,,,1,,0,炸蘑菇_炸鱼,,
l14UEJM9TrnceKVW,正新鸡排,美式/西式,False,C:品牌映射,brand:正新,鸡排,False,C:品牌映射,brand:正新,裹粉炸,False,C:品牌映射,brand:正新,原味,False,C:品牌映射,brand:正新,档口/摊位,False,C:品牌映射,brand:正新,10-15,A,中牟县,祥瑞中心花园,,,1,,0,冰红茶气泡水,,
Hazqv4RmzUo0OR6J,鸡柳大人(朝阳街店),中式,False,C:品牌映射,brand:鸡柳大人,整鸡/大单品+鸡腿+鸡翅+鸡架/锁骨/叉骨+鸡块/鸡米花/鸡柳,True,C:品牌映射,brand:鸡柳大人,生炸/现炸,False,C:品牌映射,brand:鸡柳大人,原味+酱香,True,C:品牌映射,brand:鸡柳大人,档口/摊位,False,C:品牌映射,brand:鸡柳大人,15-20,A,金水区,省电视台,口味:4.0 环境:4.0 服务:4.0,12,1,1,36,鸡柳薯条年糕三合一_空气年糕_香酥鸡柳_爆汁鸡腿_蜜汁鸡锁骨_香酥鸡烤饼_翡翠年糕_黄金鸡翅尖_冰粉_精选双拼,,
EvEHDiQoUM0eDQTr,炸鱼皇后·汉堡炸鸡(通泰路店),Unknown,False,D:无证据,,整鸡/大单品+鸡腿+鸡排+鸡架/锁骨/叉骨,True,A:菜品直接证据,大鸡;鸡腿;鸡排;鸡叉骨,Unknown,False,D:无证据,,原味,False,A:菜品直接证据,原味,含团购,False,B:团购字段,1,15-20,A,金水区,东建材,口味:3.5 环境:3.5 服务:3.5,39,,1,0,多肉鸡叉骨_油炸大鸡排_八种海鲜拼_香酥小鸡腿_小酥鱼_海苔虾仁饼_海龙鱼_原味鳕鱼排_鳕鱼堡_红糖冰粉,,
l6fkUXZyIpNfp3gA,新纳西汉堡炸鸡(宏图街店),美式/西式,False,C:品牌映射,brand:新纳西,整鸡/大单品+鸡排,True,C:品牌映射,brand:新纳西,裹粉炸,False,C:品牌映射,brand:新纳西,原味,False,C:品牌映射,brand:新纳西,外卖型,False,C:品牌映射,brand:新纳西,15-20,A,金水区,东建材,口味:3.8 环境:3.8 服务:3.9,44,1,1,0,秘制手扒鸡_脆皮全鸡_田园鲜蔬堡_送同款汉堡_招牌小新鸡排_招牌年糕_劲脆双鸡堡_盐酥鸡_热果珍_原味奶茶,,
laRSNiuQdXgg9udn,好食光铁板牛排炸鸡拌饭,Unknown,False,D:无证据,,Unknown,False,D:无证据,,Unknown,False,D:无证据,,Unknown,False,D:无证据,,含外卖,False,B:外卖字段,1,Unknown,D,金水区,东建材,,,1,,0,,,
k71JDsERdrMwVJ7G,华莱士·炸鸡汉堡(祭城店),Unknown,False,D:无证据,,整鸡/大单品+鸡腿+鸡块/鸡米花/鸡柳,True,A:菜品直接证据,全鸡;鸡腿;鸡翅;鸡米花,Unknown,False,D:无证据,,原味+酱香+酸甜,True,A:菜品直接证据,香酥;香辣;黑椒;蜜汁;酸甜,堂食+外卖+团购,False,B:多字段组合,外卖:1/团购:1,20-30,A,金水区,祭城/大旺城,口味:3.5 环境:3.5 服务:3.5,195,1,1,0,上校鸡块_BBQ全鸡_延边风味香酥伴翅_爆爆爆汁杏鲍菇_华华香脆骨串_蜜汁手扒半鸡_沁爽酸甜菠萝饮（NEW!）_傣家风味舂舂鸡_中果珍_鸡腿冰淇淋泡芙,,
H8oL5ExYWbDnc6yx,多美士炸鸡汉堡(宏图街店),美式/西式,False,C:品牌映射,brand:多美士,鸡翅+鸡块/鸡米花/鸡柳,True,C:品牌映射,brand:多美士,裹粉炸,False,C:品牌映射,brand:多美士,孜然+酱香,True,C:品牌映射,brand:多美士,外卖型,False,C:品牌映射,brand:多美士,10-15,A,金水区,东建材,口味:3.6 环境:3.6 服务:3.6,3,1,1,21,鲜虾堡_蟹黄堡_藤椒翅尖_奥尔良烤翅_孜然鸡柳_黄金蝴蝶虾_海苔洋葱圈_霸王鸡块_汉堡三兄弟_玉米杯,,
E8axQHVA1oadcsKu,胖姐炸鸡体验中心,Unknown,False,D:无证据,,Unknown,False,D:无证据,,Unknown,False,D:无证据,,Unknown,False,D:无证据,,Unknown,False,D:无证据,,Unknown,D,中牟县,中牟县,,,,,0,,,
G2TJlpELbEVSkKrq,知福黄焖鸡·炸鸡(清真店),Unknown,False,D:无证据,,Unknown,False,D:无证据,,Unknown,False,D:无证据,,Unknown,False,D:无证据,,堂食+外卖+团购,False,B:多字段组合,外卖:1/团购:1,10-15,A,金水区,东建材,口味:4.1 环境:3.9 服务:4.1,1,1,1,0,黄焖鸡,,
l1egHjJfA6ymj7r9,幺巴御膳叉骨,中式,False,C:品牌映射,brand:御膳,鸡架/锁骨/叉骨,False,C:品牌映射,brand:御膳,生炸/现炸,False,C:品牌映射,brand:御膳,椒盐,False,C:品牌映射,brand:御膳,档口/摊位,False,C:品牌映射,brand:御膳,Unknown,D,上街区,上街区,,,1,,0,,,
k6ZkCOhYT1uvuLs4,油炸泡泡,Unknown,False,D:无证据,,Unknown,False,D:无证据,,Unknown,False,D:无证据,,Unknown,False,D:无证据,,Unknown,False,D:无证据,,Unknown,D,上街区,铝城公园,,,,,0,,,
G4rzgmbgyHOhT8zL,上京城正道鸡排,中式,False,A:菜品直接证据,香酥鸡,整鸡/大单品+鸡腿+鸡排+鸡架/锁骨/叉骨,True,A:菜品直接证据,香酥鸡;鸡腿;鸡排;鸡架,生炸/现炸,False,A:菜品直接证据,生炸,原味,False,A:菜品直接证据,香酥,含团购,False,B:团购字段,1,<10,A,上街区,上街区,口味:3.4 环境:3.4 服务:3.4,2,,1,0,火爆秘制鸭肠_生炸鸡架_藤椒鸡腿腿肉_怪味小叉骨_招牌香酥鸡排,,
k8zahbX8ALOC5eHK,黄金炸串(星海花园店),Unknown,False,D:无证据,,Unknown,False,D:无证据,,Unknown,False,D:无证据,,Unknown,False,D:无证据,,Unknown,False,D:无证据,,Unknown,D,上街区,上街区,口味:3.5 环境:3.5 服务:3.4,5,,,0,,,
k7JHJlDisIdGnp0w,小眼眯炸鸡(登封路店),Unknown,False,D:无证据,,鸡翅,True,A:菜品直接证据,鸡翅;鸡叉骨;鸡米花,Unknown,False,D:无证据,,Unknown,False,D:无证据,,含外卖,False,B:外卖字段,1,10-15,A,上街区,上街区,,,1,,0,带皮鸡米花_拼单鸡柳_花花牛乳酸菌,,
H1GB5zGlzB7Y9D2l,偶遇炸炸炸(上街店),Unknown,False,D:无证据,,鸡块/鸡米花/鸡柳,True,A:菜品直接证据,鸡柳;鸡皮,Unknown,False,D:无证据,,黑胡椒,False,A:菜品直接证据,黑椒,含外卖,False,B:外卖字段,1,Unknown,D,上街区,上街区,,,1,,0,炸太阳蛋_羊肉串_腊肠_软嫩蟹柳_火爆百串福袋_爆火面筋_香香米饭_铁锅藤椒鸡柳焖面_素豆肠_豆皮,,
kao192XanYaFtXxZ,汉堡炸鸡冷饮(绿博二号院),Unknown,False,D:无证据,,鸡排,False,A:菜品直接证据,鸡排,Unknown,False,D:无证据,,香辣,False,A:菜品直接证据,香辣,Unknown,False,D:无证据,,Unknown,D,中牟县,中牟县,,,,,0,香辣鸡排堡_果蔬鸡肉堡,,
kawTQkTChSRyzO1B,哆唛堡·汉堡炸鸡,Unknown,False,D:无证据,,Unknown,False,D:无证据,,Unknown,False,D:无证据,,Unknown,False,D:无证据,,含外卖,False,B:外卖字段,1,Unknown,D,中牟县,中牟县,,,1,,0,,,
l8oGX0Cn8CKRtbkh,真鱿味烧烤(海亮时代店),Unknown,False,D:无证据,,鸡排,True,A:菜品直接证据,鸡排;鸡心,Unknown,False,D:无证据,,香辣,False,A:菜品直接证据,香辣,堂食+外卖+团购,False,B:多字段组合,外卖:1/团购:1,20-30,A,金水区,柳林刘庄,口味:3.6 环境:3.5 服务:3.4,19,1,1,0,爆浆豆腐_香脆土豆_手打香肠_香嫩金针菇_轰炸鸡排_龙珠串_超级鸡肉串_爆汁大苕皮_香辣土豆片_手把小腊肠,,
FCERBFzFe84N3S1B,叫了只炸鸡(瀚海晴洲店),中式,False,C:品牌映射,brand:叫了只,整鸡/大单品,False,C:品牌映射,brand:叫了只,生炸/现炸,False,C:品牌映射,brand:叫了只,香辣+甜辣+孜然+酸甜,True,C:品牌映射,brand:叫了只,外卖型,False,C:品牌映射,brand:叫了只,15-20,A,金水区,柳林刘庄,口味:3.7 环境:3.6 服务:3.6,8,1,,0,雪花啤酒_红豆派_香芋派_菠萝派_香辣孜然调料包_鸡翅一箩筐_泰式甜辣酱_沙拉酱_康师傅纯净水_来瓶怡宝,,
laOiwNViZ4dwLzQx,唐糖烤面筋,Unknown,False,D:无证据,,Unknown,False,D:无证据,,Unknown,False,D:无证据,,Unknown,False,D:无证据,,堂食+外卖+团购,False,B:多字段组合,外卖:1/团购:1,<10,A,金水区,柳林刘庄,口味:3.5 环境:3.5 服务:3.5,1,1,1,0,烤小面筋,,
k7BRgHBaAxiycCxK,第一部落烤串(宏明路店),地方特色,False,A:菜品直接证据,广式,整鸡/大单品+鸡腿+鸡排,True,A:菜品直接证据,大鸡;鸡腿;鸡排;鸡胗,裹粉炸,False,A:菜品直接证据,脆皮,酱香,False,A:菜品直接证据,奥尔良,堂食+外卖+团购,False,B:多字段组合,外卖:1/团购:1,10-15,A,金水区,柳林刘庄,,,1,1,0,娃娃菜_脆香大鸡排_脆皮年糕串_嫩滑鸡肉_藤椒鸡腿肉_爆汁苕皮串_广式腊肠_部落大烤肠_部落大肉串_部落大香肠,,
G7QVoCQydLxkjToO,叫了只炸鸡(宏康路店),中式,False,C:品牌映射,brand:叫了只,整鸡/大单品,False,C:品牌映射,brand:叫了只,生炸/现炸,False,C:品牌映射,brand:叫了只,香辣+蒜香+甜辣+椒盐+黑胡椒,True,C:品牌映射,brand:叫了只,外卖型,False,C:品牌映射,brand:叫了只,15-20,A,金水区,柳林刘庄,口味:3.5 环境:3.5 服务:3.5,1,,1,0,蒜香酱_蒜香撒粉_椒盐撒粉_麻辣撒粉_黑胡椒撒粉_秘制鸡块_琥珀酱,,
FqrLnUvdYaJv3UW0,延庆观炸鸡(海亮时代广场店),中式,False,C:品牌映射,brand:延庆观,整鸡/大单品+鸡翅+鸡排+鸡架/锁骨/叉骨+鸡脖/其他部位,True,C:品牌映射,brand:延庆观,卤炸,False,C:品牌映射,brand:延庆观,原味+酱香,True,C:品牌映射,brand:延庆观,档口/摊位,False,C:品牌映射,brand:延庆观,15-20,A,金水区,柳林刘庄,口味:3.5 环境:3.5 服务:3.5,6,,1,0,延庆观鸡叉骨_香酥炸鸡皮_小翅根_经典大鸡排_小百事可乐_奥尔良炸全鸡_大鸡全翅_藤椒翅尖馋嘴小零食_秘制炸鸡来了_达利园益生菌,,
l43TqBkyLY4cftQb,喜胡同鲜炸鸡(柳林路店),Unknown,False,D:无证据,,整鸡/大单品+鸡排+鸡架/锁骨/叉骨+鸡块/鸡米花/鸡柳,True,A:菜品直接证据,大鸡;鸡排;鸡架;鸡块,生炸/现炸,False,A:菜品直接证据,现做,Unknown,False,D:无证据,,堂食+外卖+团购,False,B:多字段组合,外卖:1/团购:1,20-30,A,金水区,柳林刘庄,口味:3.6 环境:3.6 服务:3.6,22,1,1,0,无骨鸡块_焦香鸡叉骨_现做酸梅汤_鸡鲍鱼_纯肉棒棒鸡排_嘎嘎香大鸡架_双鸡堡鸡排堡,,
k95xlQI77MxZP0dw,炸鸡炸鱼,中式,False,A:菜品直接证据,中式炸鸡,整鸡/大单品+鸡腿+鸡架/锁骨/叉骨,True,A:菜品直接证据,香酥鸡;鸡腿;鸡叉骨,裹粉炸,False,A:菜品直接证据,脆炸,原味+香辣+酸甜,True,A:菜品直接证据,香酥;辣椒;甘梅,含团购,False,B:团购字段,1,<10,A,金水区,柳林刘庄,,,,1,0,甘梅薯条_香椿辣椒盒_香酥小白条_巴沙鱼柳无皮无刺_紫薯香芋地瓜丸_干炸锅包_香酥素丸子_香酥中式炸鸡_酥脆炸鸡腿_香酥鸡叉骨,,
l4NJUVXujpvD9wyS,烟熏鸡架烤冷面·炸鸡炸串,韩式,False,A:菜品直接证据,韩式,鸡腿,True,A:菜品直接证据,手枪腿;鸡块,裹粉炸,False,A:菜品直接证据,脆皮,Unknown,False,D:无证据,,堂食+外卖+团购,False,B:多字段组合,外卖:1/团购:1,10-15,A,金水区,柳林刘庄,口味:3.7 环境:3.7 服务:3.6,26,1,1,0,烤冷面_炸杏鲍鱼菇_川蜀味手枪腿_脆皮淀粉肠_火鸡面烤冷面,,
k1MdJ4lcVEZA5lzc,香客达汉堡炸鸡(三全路店),中式,False,A:菜品直接证据,脆皮炸鸡,鸡腿,True,A:菜品直接证据,鸡腿;鸡翅,裹粉炸,False,A:菜品直接证据,脆皮,原味,True,A:菜品直接证据,原味;香辣;橙,堂食+外卖+团购,False,B:多字段组合,外卖:1/团购:1,15-20,A,金水区,柳林刘庄,口味:3.5 环境:3.5 服务:3.5,72,1,1,0,薯条_蓝莓奶茶_咖喱鸡肉饭_黄金鸡肉棒_鸡肉蔬菜堡_墨西哥鸡肉卷_咖啡_紫薯豌豆球_原味奶茶_藤椒鸡腿堡,,
k41043ygPzgNTEVj,香酥鸡开会(三全路店),中式,False,C:店名推断,香酥鸡,鸡腿,False,A:菜品直接证据,鸡腿,Unknown,False,D:无证据,,原味,False,C:店名推断,香酥,含团购,False,B:团购字段,1,20-30,A,金水区,柳林刘庄,口味:3.4 环境:3.4 服务:3.4,14,,1,0,纯鸡腿,,
l3TMiPbugbLO3zDk,宵孟记炸鸡汉堡,Unknown,False,D:无证据,,整鸡/大单品+鸡排+鸡架/锁骨/叉骨+鸡块/鸡米花/鸡柳,True,A:菜品直接证据,大鸡;鸡排;鸡架;鸡块,Unknown,False,D:无证据,,Unknown,False,D:无证据,,含团购,False,B:团购字段,1,10-15,A,二七区,马寨镇,口味:3.8 环境:3.8 服务:3.9,11,,1,0,鸡柳卷饼_大鸡架_超大鸡排_嫩汁无骨鸡块,,
l1FJ7tA1Dm3AG9Vo,延庆观炸鸡(宏明路店),中式,False,C:品牌映射,brand:延庆观,整鸡/大单品,False,C:品牌映射,brand:延庆观,卤炸,False,C:品牌映射,brand:延庆观,原味,False,C:品牌映射,brand:延庆观,档口/摊位,False,C:品牌映射,brand:延庆观,15-20,A,金水区,柳林刘庄,口味:3.5 环境:3.5 服务:3.5,5,1,1,0,鸡翅骨,,
G6Gce11v6I8uKGGa,阿姐炸串(万丰慧城店),Unknown,False,D:无证据,,鸡脖/其他部位,False,A:菜品直接证据,鸡皮,Unknown,False,D:无证据,,Unknown,False,D:无证据,,堂食+外卖+团购,False,B:多字段组合,外卖:1/团购:1,Unknown,D,中原区,863软件园,,,1,1,0,豆皮卷金针菇_豆皮卷香菜_豆皮卷韭菜_土豆_面筋_棒棒鸡_腊肠_盐酥鸡串_狮子头_玉米,,
l6HFjT0xVu7pbq2I,熊家无二·韩式炸鸡(中牟店),韩式,False,C:品牌映射,brand:熊家,鸡翅,False,C:品牌映射,brand:熊家,裹粉炸,False,C:品牌映射,brand:熊家,蒜香+甜辣+孜然+酱香,True,C:品牌映射,brand:熊家,外卖型,False,C:品牌映射,brand:熊家,15-20,A,中牟县,世纪城,口味:3.5 环境:3.6 服务:3.6,32,1,1,2,传统海苔饭_蒜香酱油_西域孜然粉_酱酱裹炸年糕_泰椒酱_无骨腿肉_芝士球_摇摇薯_韩式火鸡面_韩风汉堡,,
l5yCajXyeFBmbQPQ,爆掌柜生炸鸡架(十里铺街店),中式,False,C:品牌映射,brand:爆掌柜,鸡腿+鸡架/锁骨/叉骨,True,C:品牌映射,brand:爆掌柜,生炸/现炸,False,C:品牌映射,brand:爆掌柜,香辣,False,C:品牌映射,brand:爆掌柜,档口/摊位,False,C:品牌映射,brand:爆掌柜,10-15,A,金水区,东建材,,,1,1,11,生炸鸡腿肉_生炸鸡叉骨_招牌生炸鸡架_柠檬爆汁鸡叉骨,,
k5Mno69um4Zp33Uy,沃沃鸡香酥鸡柳卷饼(官渡大街店),中式,False,C:店名推断,香酥鸡,鸡块/鸡米花/鸡柳,False,A:菜品直接证据,鸡柳,Unknown,False,D:无证据,,香辣,True,A:菜品直接证据,麻辣;孜然;番茄,含团购,False,B:团购字段,1,<10,A,中牟县,世纪城,口味:3.9 环境:3.9 服务:3.9,15,,1,0,沃沃鸡鸡柳卷饼,,
H3YX1nOyjgSLjPJw,满巍明生炸鸡架(宏图街店),中式,False,C:品牌映射,brand:满巍明,整鸡/大单品+鸡腿+鸡架/锁骨/叉骨+鸡块/鸡米花/鸡柳,True,C:品牌映射,brand:满巍明,生炸/现炸,False,C:品牌映射,brand:满巍明,香辣,False,C:品牌映射,brand:满巍明,档口/摊位,False,C:品牌映射,brand:满巍明,20-30,A,金水区,东建材,口味:4.0 环境:4.0 服务:4.0,26,1,1,19,生炸鸡架_脆皮小鸡腿_鸡腱腿_芝香藕条_轰炸大鸡腿_椒盐架豆王_生椰鸡腱_给力大鸡柳_超级鸡叉骨_生椰拿铁鸡腱腿,,
G6CdCYuCOAPgYOzH,瓜唐厘韩式炸鸡,韩式,False,C:品牌映射,brand:瓜唐厘,鸡块/鸡米花/鸡柳,False,C:品牌映射,brand:瓜唐厘,裹粉炸,False,C:品牌映射,brand:瓜唐厘,甜辣,False,C:品牌映射,brand:瓜唐厘,外卖型,False,C:品牌映射,brand:瓜唐厘,Unknown,D,中原区,,,1,,1,0,韩式无骨鸡块,,
l8EhhYZAnpNRwqFN,延庆观炸鸡,中式,False,C:品牌映射,brand:延庆观,鸡腿+鸡排+鸡架/锁骨/叉骨+鸡块/鸡米花/鸡柳,True,C:品牌映射,brand:延庆观,卤炸,False,C:品牌映射,brand:延庆观,原味,False,C:品牌映射,brand:延庆观,档口/摊位,False,C:品牌映射,brand:延庆观,15-20,A,二七区,二七区,口味:3.7 环境:3.7 服务:3.7,6,,1,0,风味鸡叉骨_新奥尔良鸡排堡_至尊双层牛肉堡_五香牙签肉_黄金龙骨脆_炸鸡拼盘_招牌鸡米花_诱人琵琶腿_劲脆炸鸡腿堡_鸡米花牙签肉两掺,,
iM3WMkyMPdFLCvzk,同顺遥·炸串拌饼拌面(富华新苑店),Unknown,False,D:无证据,,Unknown,False,D:无证据,,Unknown,False,D:无证据,,Unknown,False,D:无证据,,堂食+外卖+团购,False,B:多字段组合,外卖:1/团购:1,10-15,A,二七区,二七万达,,,1,1,0,,,
H8LlUjhgAKIsDMdc,HanBang韩式炸鸡·火鸡面(二七万达店),韩式,False,C:品牌映射,brand:HanBang,鸡块/鸡米花/鸡柳,False,C:品牌映射,brand:HanBang,裹粉炸,False,C:品牌映射,brand:HanBang,甜辣,False,C:品牌映射,brand:HanBang,外卖型,False,C:品牌映射,brand:HanBang,15-20,A,二七区,二七万达,口味:3.4 环境:3.4 服务:3.4,,,,0,,,
Ha6KeI9uXeBv0F4N,臭豆腐杏仁茶(亚星店),Unknown,False,D:无证据,,整鸡/大单品,True,A:菜品直接证据,大鸡;鸡排,裹粉炸,False,A:菜品直接证据,脆皮,甜辣,False,A:菜品直接证据,芝士,含外卖,False,B:外卖字段,1,30-50,A,二七区,二七万达,口味:3.5 环境:3.4 服务:3.5,2,1,,0,芋圆_芝士热狗棒_椰果_海之言_花牛乳酸菌_香菜_酸菜_葡萄干_黑芝麻_枸杞,,
k2u8JOCZ2h1YNy2c,正新鸡排·炸鸡烧烤(郑州二七万达店),美式/西式,False,C:品牌映射,brand:正新,整鸡/大单品+鸡翅+鸡排,True,C:品牌映射,brand:正新,裹粉炸,False,C:品牌映射,brand:正新,原味,False,C:品牌映射,brand:正新,档口/摊位,False,C:品牌映射,brand:正新,10-15,A,二七区,二七万达,口味:3.9 环境:3.9 服务:3.9,45,1,1,0,正新鸡排_金锤翅根_鸭肉串_大鸡肉串,,
ikNXdDd9AeVsolYT,伴拌烤肉鸡排饭,Unknown,False,D:无证据,,鸡排,False,C:店名推断,鸡排,Unknown,False,D:无证据,,Unknown,False,D:无证据,,堂食+外带,False,C:店名推断,烤肉,15-20,A,二七区,二七万达,口味:3.5 环境:3.5 服务:3.5,1,1,,0,,,
k8VOmKysmgC1Iddi,鸡柳大人(二七万达店),中式,False,C:品牌映射,brand:鸡柳大人,鸡块/鸡米花/鸡柳,False,C:品牌映射,brand:鸡柳大人,生炸/现炸,False,C:品牌映射,brand:鸡柳大人,椒盐,False,C:品牌映射,brand:鸡柳大人,档口/摊位,False,C:品牌映射,brand:鸡柳大人,15-20,A,二七区,二七万达,口味:3.5 环境:3.5 服务:3.4,2,1,,36,油炸耳钉娘炮男,,
H12kbuYP7d6iQjg5,梨尚京韩式炸鸡(二七万达店),韩式,False,C:品牌映射,brand:梨尚京,鸡块/鸡米花/鸡柳,False,C:品牌映射,brand:梨尚京,裹粉炸,False,C:品牌映射,brand:梨尚京,甜辣,False,C:品牌映射,brand:梨尚京,档口/摊位,False,C:品牌映射,brand:梨尚京,<10,A,二七区,二七万达,,1,,1,0,,,
G72roIbQ4KDJFDZM,烤串炸串拌饼,Unknown,False,D:无证据,,Unknown,False,D:无证据,,Unknown,False,D:无证据,,Unknown,False,D:无证据,,含团购,False,B:团购字段,1,Unknown,D,二七区,二七万达,,,,1,0,,,
k2qU7O1sam7IiK1H,刘家炸鸡老店,Unknown,False,D:无证据,,鸡腿,True,A:菜品直接证据,手枪腿;翅中;鸡叉骨;鸡米花,Unknown,False,D:无证据,,Unknown,False,D:无证据,,含外卖,False,B:外卖字段,1,Unknown,D,二七区,二七万达,口味:3.6 环境:3.5 服务:3.7,5,1,,0,炸鸡全翅,,
k7BGIX59GEVGVQkJ,香炸坊韩式炸鸡(教苑小区建云街15号院店),韩式,False,C:品牌映射,brand:香炸坊,鸡腿+鸡块/鸡米花/鸡柳,True,C:品牌映射,brand:香炸坊,裹粉炸,False,C:品牌映射,brand:香炸坊,甜辣,False,C:品牌映射,brand:香炸坊,档口/摊位,False,C:品牌映射,brand:香炸坊,Unknown,D,二七区,二七万达,,,,1,0,香炸琵琶腿_韩式无骨炸鸡块,,
l6nfouOWmuiEhQuX,鸡柳大人,中式,False,C:品牌映射,brand:鸡柳大人,鸡块/鸡米花/鸡柳,False,C:品牌映射,brand:鸡柳大人,生炸/现炸,False,C:品牌映射,brand:鸡柳大人,椒盐,False,C:品牌映射,brand:鸡柳大人,档口/摊位,False,C:品牌映射,brand:鸡柳大人,15-20,A,二七区,二七万达,,,,,36,,,
G949nHYczIERsaY1,炸串时代,Unknown,False,D:无证据,,整鸡/大单品+鸡脖/其他部位,True,A:菜品直接证据,嫩鸡;鸡心,Unknown,False,D:无证据,,Unknown,False,D:无证据,,含团购,False,B:团购字段,1,30-50,A,二七区,二七万达,,,,1,0,时代炸年糕_细嫩肌肉串_时代炸鸡心_细嫩鸡肉串_虎皮大青椒_招牌炸排骨_手心掌中宝_拇指小面筋_绝味鸭肠_黄金玉米粒,,
l1C2eCDTdiixuQs3,keke鸡火爆烤鸡腿,Unknown,False,D:无证据,,整鸡/大单品,True,C:店名推断,烤鸡;鸡腿,烤炸复合,False,C:店名推断,烤鸡,Unknown,False,D:无证据,,Unknown,False,D:无证据,,Unknown,D,二七区,二七万达,,,,,0,,,
ECC6IX1ZR1J4gAQo,叫了只炸鸡(二七万达店),中式,False,C:品牌映射,brand:叫了只,整鸡/大单品+鸡翅+鸡排+鸡块/鸡米花/鸡柳,True,C:品牌映射,brand:叫了只,生炸/现炸,False,C:品牌映射,brand:叫了只,原味,False,C:品牌映射,brand:叫了只,外卖型,False,C:品牌映射,brand:叫了只,20-30,A,二七区,二七万达,口味:3.5 环境:3.5 服务:3.5,33,1,1,0,性感薯条_炸骨肉相连单点不送_鸡翅包饭需配炸鸡_红薯条_炸鸡翅根_欢乐小吃拼盘_来鸡米花_性感大鸡排_网红拉丝芝士棒_来瓶可乐,,
H49Cdltoyaldy4EB,麦唧唧烤肉拌饭,Unknown,False,D:无证据,,Unknown,False,D:无证据,,Unknown,False,D:无证据,,Unknown,False,D:无证据,,堂食+外带,False,C:店名推断,烤肉,Unknown,D,中牟县,九龙镇,,,1,,0,,,
kax4zFD1AM8aI5pl,猪大顺·自助烤肉炸鸡(二七万达店),Unknown,False,D:无证据,,鸡腿,False,A:菜品直接证据,手枪腿,Unknown,False,D:无证据,,Unknown,False,D:无证据,,堂食+外带,False,C:店名推断,自助,50+,A,二七区,二七万达,口味:3.9 环境:4.0 服务:3.9,352,,,3,单人·自助烤肉无限续_手枪腿,,
k8YidYoYhxoz43Wv,郑味佳脆皮炸鸡汉堡,中式,False,C:店名推断,脆皮炸鸡,Unknown,False,D:无证据,,裹粉炸,False,C:店名推断,脆皮,Unknown,False,D:无证据,,Unknown,False,D:无证据,,Unknown,D,二七区,二七万达,,,,,0,,,
G3n0tFf1ujmucv5E,蓝曦汉堡·炸鸡(教苑小区建云街15号院店),Unknown,False,D:无证据,,鸡排,False,A:菜品直接证据,鸡排,Unknown,False,D:无证据,,酱香,False,A:菜品直接证据,奥尔良,含团购,False,B:团购字段,1,15-20,A,二七区,二七万达,,,,1,0,藤椒鸡排堡_奥尔良鸡排堡,,
G5cu0nmF1eeRbCdL,香酥炸鸡(天泰艺墅世家店),Unknown,False,D:无证据,,Unknown,False,D:无证据,,裹粉炸,False,C:店名推断,酥炸,原味,False,C:店名推断,香酥,Unknown,False,D:无证据,,Unknown,D,二七区,二七万达,口味:3.4 环境:3.4 服务:3.4,1,,,0,炸鸡,,
G6R9vd32qoSybvUb,胡夫炸串(富田太阳城店),中式,False,C:品牌映射,brand:胡夫,鸡架/锁骨/叉骨,False,C:品牌映射,brand:胡夫,生炸/现炸,False,C:品牌映射,brand:胡夫,香辣,False,C:品牌映射,brand:胡夫,档口/摊位,False,C:品牌映射,brand:胡夫,20-30,A,管城回族区,富田太阳城,口味:3.9 环境:3.9 服务:3.9,10,1,,5,素鸡_茄子_黄瓜_当红辣子鸡_剁椒面_金汤酸菜面_香辣砂锅刀削面_旋风大薯塔_炸平菇_炸西葫芦,,
G7xUDMduDhYlGZNU,延庆观炸鸡(富田太阳城店),中式,False,C:品牌映射,brand:延庆观,整鸡/大单品,False,C:品牌映射,brand:延庆观,卤炸,False,C:品牌映射,brand:延庆观,原味,False,C:品牌映射,brand:延庆观,档口/摊位,False,C:品牌映射,brand:延庆观,15-20,A,管城回族区,富田太阳城,口味:3.9 环境:3.7 服务:3.8,3,1,,0,鸡米花,,
l62QfCwVSp4wivfc,爱之尚面馆鸡排(世纪公园店),Unknown,False,D:无证据,,鸡排+鸡块/鸡米花/鸡柳,True,A:菜品直接证据,鸡排;鸡块,Unknown,False,D:无证据,,黑胡椒,False,A:菜品直接证据,黑椒,含团购,False,B:团购字段,1,10-15,A,管城回族区,富田太阳城,口味:3.8 环境:3.8 服务:3.8,186,,1,0,鸡排_黑椒鸡块_提篮肉饼_红烧丸子_虎皮鸡蛋_加州风情对翅_手工水饺_紫菜蛋花汤_松树鸡柳_卤面筋,,
l8B19z3j4UXylLx7,上京城中国鸡排(锦凤花园店),中式,False,A:菜品直接证据,香酥鸡,整鸡/大单品+鸡腿+鸡排,True,A:菜品直接证据,大鸡;鸡腿;鸡排;鸡架;鸡米花,裹粉炸,True,A:菜品直接证据,脆皮;生炸,原味,True,A:菜品直接证据,香酥;芝士,堂食+外卖+团购,False,B:多字段组合,外卖:1/团购:1,10-15,A,中牟县,九龙镇,口味:4.0 环境:4.0 服务:4.0,15,1,1,0,对翅_中国鸡排堡_手擀七虾堡_手擀鳕鱼堡_中国鸡腿堡_解腻酸梅汤_脆皮淀粉肠_咖喱脆皮鸡腿排拌饭_京城脆皮鸡腿拌饭_中国鳕鱼堡,,
k7YHCnsu0X6fPqLx,九龙胡家风味炸鸡,Unknown,False,D:无证据,,Unknown,False,D:无证据,,Unknown,False,D:无证据,,Unknown,False,D:无证据,,Unknown,False,D:无证据,,Unknown,D,中牟县,九龙镇,,,,,0,,,
l9ChkYuKStwwsIPy,正道鸡排(经开店),Unknown,False,D:无证据,,鸡架/锁骨/叉骨+鸡块/鸡米花/鸡柳,True,A:菜品直接证据,叉骨;鸡块,Unknown,False,D:无证据,,Unknown,False,D:无证据,,含团购,False,B:团购字段,1,10-15,A,中牟县,九龙镇,口味:3.4 环境:3.4 服务:3.4,1,,1,0,伊刻活泉矿泉水_怪味小叉骨_鸡块龙骨小叉骨_宫廷怪味小叉骨_饼夹羊肉串_伊利优酸乳_拜仁巴赫啤酒,,
G5dKE2MloJHtj1Ir,李土豆烧烤,Unknown,False,D:无证据,,Unknown,False,D:无证据,,Unknown,False,D:无证据,,香辣+蒜香,True,A:菜品直接证据,麻辣;蒜香,含团购,False,B:团购字段,1,30-50,A,中牟县,九龙镇,,1,,1,0,蒜香小龙虾_麻辣小龙虾_土豆串_精酿鲜啤_特色炒虾尾,,
l9SbB1m6vVz889oV,汉江里炸鸡(二七万达店),中式,True,A:菜品直接证据,脆皮炸鸡;韩国,鸡脖/其他部位,False,A:菜品直接证据,鸡爪,裹粉炸,True,A:菜品直接证据,脆皮;酱炸;焗,香辣+蒜香+甜辣+酱香,True,A:菜品直接证据,香辣;蒜香;甜辣;酱油,堂食+外卖+团购,False,B:多字段组合,外卖:1/团购:1,30-50,A,二七区,二七万达,口味:4.4 环境:4.4 服务:4.4,634,1,1,0,蟹香蛋黄焗炸鸡_芝士瀑布火锅_芝士火鸡面_半米五拼撒粉炸鸡_香辣泡菜脆皮炸鸡_年糕香肠_葱鸡_泡菜炸饺_韩国火辣鸡爪_蒜香酱油,,
H8eKQ3YlyT8ZF26u,麦德美·韩式炸鸡(九龙店),韩式,False,C:品牌映射,brand:麦德美,鸡块/鸡米花/鸡柳,False,C:品牌映射,brand:麦德美,裹粉炸,False,C:品牌映射,brand:麦德美,甜辣,False,C:品牌映射,brand:麦德美,外卖型,False,C:品牌映射,brand:麦德美,Unknown,D,中牟县,九龙镇,,,1,,0,,,
k7uuIisn9n2HBxyJ,正新鸡排(九龙宇通和谐家园店),美式/西式,False,C:品牌映射,brand:正新,整鸡/大单品+鸡腿+鸡排+鸡架/锁骨/叉骨+鸡块/鸡米花/鸡柳,True,C:品牌映射,brand:正新,裹粉炸,False,C:品牌映射,brand:正新,原味+酱香,True,C:品牌映射,brand:正新,档口/摊位,False,C:品牌映射,brand:正新,10-15,A,中牟县,九龙镇,口味:3.8 环境:3.8 服务:3.8,91,1,1,0,原味鸡排_鸡叉骨_脆皮鸡块_奥尔良鸡腿堡_正新鸡肉串_盐酥鸡米花_正新烤肠_无骨鸡柳_鱿鱼_正新锁骨串,,
k8SXw3wEqCMiE3r7,哆样中国炸鸡(九龙镇店),美式/西式,True,A:菜品直接证据,原味鸡;东北,整鸡/大单品+鸡腿+鸡翅+鸡排+鸡架/锁骨/叉骨+鸡块/鸡米花/鸡柳,True,A:菜品直接证据,大鸡;鸡腿;翅根;鸡排;鸡架;鸡柳,裹粉炸,False,A:菜品直接证据,脆皮,原味+香辣+甜辣+酱香,True,A:菜品直接证据,原味;香辣;芝士;奥尔良,堂食+外卖+团购,False,B:多字段组合,外卖:1/团购:1,<10,A,中牟县,九龙镇,口味:3.5 环境:3.5 服务:3.5,1,1,1,0,芝士拉丝热狗棒_东北大鸡架_劲脆香辣鸡腿堡_哆样薯条_海苔鸡柳_奥尔良翅根_原味鸡柳_莲夹_哆样大鸡排_招牌脆皮大鸡腿,,
l1C9vncRv3KuCknU,Soonsoo韩国精品炸鸡(大卫城店),韩式,False,C:品牌映射,brand:Soonsoo,整鸡/大单品,False,C:品牌映射,brand:Soonsoo,裹粉炸,False,C:品牌映射,brand:Soonsoo,香辣+蒜香+甜辣,True,C:品牌映射,brand:Soonsoo,堂食+外带,False,C:品牌映射,brand:Soonsoo,30-50,A,金水区,丹尼斯·大卫城,口味:4.4 环境:4.4 服务:4.5,529,1,1,0,招牌芝士年糕_甜辣脆皮炸鸡_黄金芝士撒粉炸鸡_柠檬糖蒜炸鸡_奶霜精酿啤酒_cass啤酒_招牌韩国拌面_海苔脆脆冷面_鸡蛋拌面_炒面,,
k3KipQXoaYllO0SX,鸡柳大人(大卫城旗舰店),中式,False,C:品牌映射,brand:鸡柳大人,整鸡/大单品+鸡腿+鸡翅+鸡架/锁骨/叉骨+鸡块/鸡米花/鸡柳,True,C:品牌映射,brand:鸡柳大人,生炸/现炸,False,C:品牌映射,brand:鸡柳大人,原味+蒜香+酱香,True,C:品牌映射,brand:鸡柳大人,档口/摊位,False,C:品牌映射,brand:鸡柳大人,15-20,A,金水区,丹尼斯·大卫城,口味:4.2 环境:4.2 服务:4.2,125,1,1,36,招牌三合一_鸡柳薯条年糕三合一_黄金鸡翅尖_香骨鸡_香酥鸡烤饼_蒜香排骨_爆汁鸡腿_开花大香肠_蜜汁鸡锁骨_翡翠年糕,,
Ga0DiiTJkzTp9ds8,满巍明生炸鸡架(二七万达店),中式,False,C:品牌映射,brand:满巍明,鸡腿+鸡架/锁骨/叉骨+鸡脖/其他部位,True,C:品牌映射,brand:满巍明,生炸/现炸,False,C:品牌映射,brand:满巍明,香辣,False,C:品牌映射,brand:满巍明,档口/摊位,False,C:品牌映射,brand:满巍明,15-20,A,二七区,二七万达,口味:4.1 环境:4.1 服务:4.1,65,1,1,19,满巍明生炸鸡架_剑忘翅_巨炸甘梅地瓜_超级鸡叉骨_美味脆鸡胗_究极鸡腿肉_生炸鸡胗_生炸杏鲍菇_脆皮小鸡腿_鸡腱腿,,
G7by7sCeGd13RRGj,摇滚小子·不裹粉炸鸡(大卫城店),中式,False,C:品牌映射,brand:摇滚小子,鸡翅+鸡排,True,C:品牌映射,brand:摇滚小子,生炸/现炸,False,C:品牌映射,brand:摇滚小子,原味+椒盐,True,C:品牌映射,brand:摇滚小子,档口/摊位,False,C:品牌映射,brand:摇滚小子,20-30,A,金水区,丹尼斯·大卫城,口味:4.0 环境:4.0 服务:3.9,291,1,1,0,摇滚红薯条_摇滚小香肠_摇滚妃子笑_摇滚鸡翅根_摇滚掌中宝_摇滚鸡翅_招牌鸡排骨_摇滚椒麻翅尖_摇滚鸡经典拿铁_摇滚鸡青堤果咖,,
G8b8Oe3lyVmrDClM,熊家韩式炸鸡(官渡西路店),韩式,False,C:品牌映射,brand:熊家,鸡翅,False,C:品牌映射,brand:熊家,裹粉炸,False,C:品牌映射,brand:熊家,甜辣,False,C:品牌映射,brand:熊家,外卖型,False,C:品牌映射,brand:熊家,Unknown,D,中牟县,中牟大厦,,,,,0,,,
laDHVd544V4H69vA,正新鸡排·炸鸡烧烤(金朔店),美式/西式,False,C:品牌映射,brand:正新,鸡翅+鸡排,True,C:品牌映射,brand:正新,裹粉炸,False,C:品牌映射,brand:正新,原味,False,C:品牌映射,brand:正新,档口/摊位,False,C:品牌映射,brand:正新,10-15,A,中牟县,中牟大厦,,,,1,0,爆料鸡排_金锤翅根_中国鸡排汉堡_正新大烤肠,,
k7eReE2RyAFRbxSr,正新鸡排(大厦店),美式/西式,False,C:品牌映射,brand:正新,鸡腿+鸡排+鸡块/鸡米花/鸡柳,True,C:品牌映射,brand:正新,裹粉炸,False,C:品牌映射,brand:正新,原味,False,C:品牌映射,brand:正新,档口/摊位,False,C:品牌映射,brand:正新,10-15,A,中牟县,中牟大厦,口味:3.7 环境:3.6 服务:3.8,82,1,1,0,正新鸡排_正新鸡腿_蜜雪冰城冰鲜柠檬水_正新鸡肉串_正新薯条_藤椒鸡条_小鱿鱼串_正新鸭肠_黑椒鸡块_爆料鸡排,,
G9RVZw69FGtGQOS1,正新鸡排·炸鸡烧烤(荟萃路店),美式/西式,False,C:品牌映射,brand:正新,整鸡/大单品+鸡排,True,C:品牌映射,brand:正新,裹粉炸,False,C:品牌映射,brand:正新,原味,False,C:品牌映射,brand:正新,档口/摊位,False,C:品牌映射,brand:正新,10-15,A,中牟县,中牟大厦,口味:3.6 环境:3.6 服务:3.6,7,1,1,0,爆料鸡排_正新大烤肠_香辣鸡排套_大鸡肉串_鸭肉串,,
HaunDp7CL8l16hji,惠美炸鸡(建设路店),中式,True,A:菜品直接证据,香酥鸡;韩式,整鸡/大单品+鸡排+鸡块/鸡米花/鸡柳,True,A:菜品直接证据,大鸡;鸡排;鸡叉骨;鸡米花,裹粉炸,False,A:菜品直接证据,脆皮,原味+甜辣,True,A:菜品直接证据,香酥;芝士,堂食+外卖+团购,False,B:多字段组合,外卖:1/团购:1,10-15,A,中牟县,中牟大厦,,,1,1,0,黑凤柴鸡_精品茶油鸭_宝粒佳大鸡排_香酥脆皮炸鸡_笑脸薯_黄金芝士棒_手工肉肠_惠美薯条_黄金鸡柳,,
H6vzng1nlmolIgid,正新鸡排(世纪城店),美式/西式,False,C:品牌映射,brand:正新,整鸡/大单品+鸡腿+鸡块/鸡米花/鸡柳,True,C:品牌映射,brand:正新,裹粉炸,False,C:品牌映射,brand:正新,原味+甜辣+酸甜,True,C:品牌映射,brand:正新,档口/摊位,False,C:品牌映射,brand:正新,10-15,A,中牟县,中牟大厦,口味:3.8 环境:3.6 服务:3.7,94,1,1,0,小猪肉串_雪花鸡柳串_脆皮香蕉_金桔柠檬水_橙汁_烤肠单串_烤鸡肉_拉丝芝士棒_香酥鸡腿_小鸡肉串,,
H1Wi8z5S4HKEmdrP,皮皮炸串,地方特色,False,A:菜品直接证据,东北,鸡翅,True,A:菜品直接证据,鸡翅;鸡胗,Unknown,False,D:无证据,,原味,True,A:菜品直接证据,原味;麻辣,含外卖,False,B:外卖字段,1,Unknown,D,中牟县,中牟大厦,,1,1,,0,鸡胗_QQ鱼排_哈尔滨啤酒_炸实蛋_原味炒酸奶_豆角_千页豆腐串_兰花豆干串_纯肉肠_青椒香肠,,
kalIQ9xf0AdftgGC,清真·俏阿婆爆汁炸香鸡,Unknown,False,D:无证据,,整鸡/大单品+鸡腿+鸡翅+鸡架/锁骨/叉骨+鸡块/鸡米花/鸡柳,True,A:菜品直接证据,全鸡;手枪腿;翅根;鸡叉骨;鸡米花,裹粉炸,False,A:菜品直接证据,脆皮,原味,True,A:菜品直接证据,香酥;蒜香;甘梅,含团购,False,B:团购字段,1,10-15,A,金水区,丰业广场/千盛广场,口味:3.9 环境:3.9 服务:3.9,103,,1,0,爆汁琵琶腿_清真秘制鸡叉骨_嘎嘣脆_爆汁手枪腿_爆汁全鸡_爆汁鸡米花_茄汁薯条_脆皮秘制翅根_秘制蒜香鸡块,,
k7fcwKXqDUC4LznN,多美士炸鸡汉堡(生产路店),美式/西式,False,C:品牌映射,brand:多美士,鸡排,False,C:品牌映射,brand:多美士,裹粉炸,False,C:品牌映射,brand:多美士,原味,False,C:品牌映射,brand:多美士,外卖型,False,C:品牌映射,brand:多美士,10-15,A,金水区,丰业生活广场,口味:3.6 环境:3.6 服务:3.6,34,1,1,21,板烧腿排堡_骨肉相_酷拉拉排骨堡_黑胡椒_黄金蝴蝶虾_酷啦啦排骨_拉丝热狗棒_牛肉饼_单人简餐_深海鳕鱼堡,,
k6FiQJW3CSCgsy3N,王胖子炸鸡炸鱼(南阳路79号院店),中式,False,A:菜品直接证据,香酥鸡,整鸡/大单品+鸡腿+鸡块/鸡米花/鸡柳+鸡脖/其他部位,True,A:菜品直接证据,香酥鸡;鸡腿;鸡翅;鸡叉骨;鸡米花;鸡皮,生炸/现炸,False,A:菜品直接证据,现炸,原味,True,A:菜品直接证据,香酥;椒盐,堂食+外卖+团购,False,B:多字段组合,外卖:1/团购:1,15-20,A,金水区,丰业生活广场,口味:3.5 环境:3.4 服务:3.4,1,1,1,0,炸鸡腿_脆骨鸡块_无骨鸡块_鸡皮_秘制鸡柳_香酥鸡米花_薯条_秘制带鱼_现炸鱼排_秘制鸡柳香酥鸡米花拼盘,,
k3zcfUlt9p9HdcQm,满巍明生炸鸡架(大卫城店),中式,False,C:品牌映射,brand:满巍明,鸡腿+鸡架/锁骨/叉骨+鸡块/鸡米花/鸡柳+鸡脖/其他部位,True,C:品牌映射,brand:满巍明,生炸/现炸,False,C:品牌映射,brand:满巍明,香辣,False,C:品牌映射,brand:满巍明,档口/摊位,False,C:品牌映射,brand:满巍明,20-30,A,金水区,丹尼斯·大卫城,口味:4.5 环境:4.4 服务:4.5,610,1,1,19,生炸鸡腿肉_生炸鸡柳_生炸鸡脖_生炸蘑菇_爱的椒盐架豆王_美味脆鸡胗_超级鸡叉骨_活力杏鲍菇_生椰拿铁鸡脖_生椰拿铁鸡肋条,,
k2KKtrLQzoF8sYoG,御膳叉骨炸鸡(岳砦市场店),中式,False,C:品牌映射,brand:御膳,鸡架/锁骨/叉骨,False,C:品牌映射,brand:御膳,生炸/现炸,False,C:品牌映射,brand:御膳,椒盐,False,C:品牌映射,brand:御膳,档口/摊位,False,C:品牌映射,brand:御膳,10-15,A,金水区,丰业生活广场,口味:4.1 环境:4.1 服务:4.1,98,1,1,0,,,
k4c86pQQ9YUe2IfY,POTATO BOX CLUB 卷卷薯条炸鸡(南阳新村店),美式/西式,True,A:菜品直接证据,美式炸鸡;泰式;三合一,鸡排,True,A:菜品直接证据,鸡排;鸡米花,裹粉炸,True,A:菜品直接证据,脆皮;现炸,Unknown,False,D:无证据,,堂食+外卖+团购,False,B:多字段组合,外卖:1/团购:1,15-20,A,金水区,丰业生活广场,口味:4.3 环境:4.2 服务:4.3,318,1,1,0,炸香菇_新鲜现炸荞麦薯片_泰式脆皮山药片_新鲜现切薯片_招牌薯条年糕山药三合一,,
l6kcgbMOz01z5s5Y,文盛兴熟食工厂店(南阳新村店),Unknown,False,D:无证据,,Unknown,False,D:无证据,,Unknown,False,D:无证据,,Unknown,False,D:无证据,,含外卖,False,B:外卖字段,1,50+,A,金水区,丰业生活广场,,,1,,0,,,
FFzahI6HiZTjgmGM,南仓街炸鸡(丰乐路店),美式/西式,False,A:菜品直接证据,美式,整鸡/大单品+鸡腿+鸡翅+鸡块/鸡米花/鸡柳,True,A:菜品直接证据,大鸡;鸡腿;鸡翅;鸡块,生炸/现炸,True,A:菜品直接证据,现做;烤鸡,原味+香辣+黑胡椒+酱香,True,A:菜品直接证据,经典;辣椒;黑椒;奥尔良,堂食+外卖+团购,False,B:多字段组合,外卖:1/团购:1,20-30,A,金水区,丰业生活广场,口味:3.6 环境:3.6 服务:3.6,63,1,1,0,手枪腿_油炸烧鸡_新辣堡_超大鸡块_鸡翅_辣椒油_奥尔良烤鸡腿堡_经典黑椒鸡块_爆浆咸蛋黄夹心鸡肉棒_奥尔良烤翅,,
H1de0mYVx4qdhFmp,赵先生黄油芝士炸鸡火鸡面,韩式,False,C:品牌映射,brand:赵先生,鸡翅,False,C:品牌映射,brand:赵先生,裹粉炸,False,C:品牌映射,brand:赵先生,黄油芝士,False,C:品牌映射,brand:赵先生,外卖型,False,C:品牌映射,brand:赵先生,Unknown,D,新郑市,人民路,,,1,,0,,,
k9Vng6ZiR2AJR6CA,糕老板(新郑店),复合型,False,A:菜品直接证据,三合一,整鸡/大单品+鸡排,True,A:菜品直接证据,大鸡;鸡排;鸡米花,裹粉炸,False,A:菜品直接证据,脆皮,Unknown,False,D:无证据,,堂食+外卖+团购,False,B:多字段组合,外卖:1/团购:1,<10,A,新郑市,人民路,口味:3.7 环境:3.7 服务:3.7,28,1,1,0,招牌三合一_超爆米花桶招牌三合一_年糕_脆皮大鸡排_台湾泡菜臭豆腐_外焦里嫩的炸鸡排,,
laBFH4ZrpevcslYl,多美士炸鸡汉堡(刘申庄店),美式/西式,False,C:品牌映射,brand:多美士,鸡腿+鸡翅,True,C:品牌映射,brand:多美士,裹粉炸,False,C:品牌映射,brand:多美士,原味,False,C:品牌映射,brand:多美士,外卖型,False,C:品牌映射,brand:多美士,15-20,A,中牟县,人民医院,口味:3.6 环境:3.6 服务:3.6,9,,1,3,香鸡堡_黄金鸡棒_炒鸡鸡腿堡_香辣大翅根_藤椒翅尖_冰柠果蜜柠檬汁_黄金紫薯酥_骨肉相,,
l7VAHf3TmhgcWV5U,正新鸡排·炸鸡烧烤(百汇新天地店),美式/西式,False,C:品牌映射,brand:正新,整鸡/大单品+鸡翅+鸡排,True,C:品牌映射,brand:正新,裹粉炸,False,C:品牌映射,brand:正新,原味,False,C:品牌映射,brand:正新,档口/摊位,False,C:品牌映射,brand:正新,10-15,A,新郑市,新郑市,,,,1,0,正新大烤肠_爆料鸡排_香辣鸡排套_金锤翅根桶_大鸡肉串_中国鸡排汉堡,,
Gas6s4u2N9pDdV85,叫了只炸鸡(西亚斯店),中式,False,C:品牌映射,brand:叫了只,整鸡/大单品,False,C:品牌映射,brand:叫了只,生炸/现炸,False,C:品牌映射,brand:叫了只,原味,False,C:品牌映射,brand:叫了只,外卖型,False,C:品牌映射,brand:叫了只,15-20,A,新郑市,人民路,,,1,,0,辣子鸡肉饭_烤肠_咖喱鸡肉饭_雪花啤酒_蓝启柠檬_香芋味奶茶_薯条_蟹黄堡_现榨樱桃_深海鳕鱼堡,,
G6aNXXzHfzpsY2FE,申向国鸡柳卷饼(城堡店),中式,False,C:品牌映射,brand:申向国,鸡块/鸡米花/鸡柳,False,C:品牌映射,brand:申向国,生炸/现炸,False,C:品牌映射,brand:申向国,原味,False,C:品牌映射,brand:申向国,档口/摊位,False,C:品牌映射,brand:申向国,<10,A,新郑市,人民路,,,1,,0,鸡柳卷饼,,
G3R42R3W2mkjA8UO,是欧巴呀韩国炸鸡(西亚斯店),韩式,False,C:品牌映射,brand:是欧巴呀,鸡块/鸡米花/鸡柳,False,C:品牌映射,brand:是欧巴呀,裹粉炸,False,C:品牌映射,brand:是欧巴呀,甜辣,False,C:品牌映射,brand:是欧巴呀,档口/摊位,False,C:品牌映射,brand:是欧巴呀,Unknown,D,新郑市,人民路,口味:3.5 环境:3.5 服务:3.5,2,1,,0,乐堡啤酒罐装_美年达罐_百事可乐罐装,,
jrMa1xkht9CmD5SU,重生之我是炸鸡店老板,韩式,False,A:菜品直接证据,韩式,Unknown,False,D:无证据,,Unknown,False,D:无证据,,Unknown,False,D:无证据,,含外卖,False,B:外卖字段,1,15-20,A,新郑市,人民路,口味:3.5 环境:3.5 服务:3.5,,1,,0,韩式炸鸡无骨腿肉块,,
kaQ2gN0rC0ch3WiR,吃空·炸串拌饼(新郑店),Unknown,False,D:无证据,,整鸡/大单品,True,A:菜品直接证据,炸鸡块;鸡块,裹粉炸,False,A:菜品直接证据,脆皮,甜辣,False,A:菜品直接证据,芝士,堂食+外卖+团购,False,B:多字段组合,外卖:1/团购:1,<10,A,新郑市,人民路,口味:4.0 环境:4.0 服务:4.0,16,1,1,0,开学季冲销量尝鲜盲盒炸串_炸春卷_炸鸡块_炸南瓜饼_牛肉丸_炸手工纯肉狮子头_干炸平菇_炸豆干_脆皮茄条_爆炸烤冷面皮,,
H7BjVCPDLlRlYV3d,夺魂小串(西亚斯店),Unknown,False,D:无证据,,鸡脖/其他部位,False,A:菜品直接证据,鸡胗,Unknown,False,D:无证据,,Unknown,False,D:无证据,,含团购,False,B:团购字段,1,<10,A,新郑市,人民路,口味:3.5 环境:3.5 服务:3.5,2,,1,0,红虾_一把鸭肠_小鸡胗_一把小面筋_纯鸡肉_真牛肉,,
kaCffy9u2yGEMi7r,延庆观炸鸡(西亚斯店),中式,False,C:品牌映射,brand:延庆观,鸡翅+鸡架/锁骨/叉骨+鸡块/鸡米花/鸡柳,True,C:品牌映射,brand:延庆观,卤炸,False,C:品牌映射,brand:延庆观,原味+甜辣+椒盐,True,C:品牌映射,brand:延庆观,档口/摊位,False,C:品牌映射,brand:延庆观,15-20,A,新郑市,人民路,口味:3.5 环境:3.5 服务:3.5,7,1,,0,炸鸡翅_美味鸡翅根_炸带鱼_弹软萌雪媚娘_胃动力_秘制鸡叉骨_经典鸡米花_芝士拉丝热狗棒_椒盐黄金蘑菇_黄金鸡脆骨,,
l4h6YP7apB9mqq61,唐记排骨,韩式,True,A:菜品直接证据,无骨炸鸡;三合一,鸡架/锁骨/叉骨+鸡块/鸡米花/鸡柳,True,A:菜品直接证据,鸡叉骨;鸡块,Unknown,False,D:无证据,,椒盐,True,A:菜品直接证据,椒麻;甘梅,堂食+外卖+团购,False,B:多字段组合,外卖:1/团购:1,10-15,A,新郑市,人民路,口味:3.9 环境:3.9 服务:4.0,16,1,1,0,特惠鸡叉骨_鸡肉洋葱圈_黄金鸡块_娃哈哈AD钙_空气年糕_三合一_椒麻鸡脆骨_无骨炸鸡_雪花啤酒,,
l4ar7dmTESKpvzm0,延庆观汴梁炸鸡(丰乐路店),中式,False,C:品牌映射,brand:延庆观,鸡翅+鸡架/锁骨/叉骨,True,C:品牌映射,brand:延庆观,卤炸,False,C:品牌映射,brand:延庆观,原味,False,C:品牌映射,brand:延庆观,档口/摊位,False,C:品牌映射,brand:延庆观,10-15,A,金水区,丰业广场/千盛广场,口味:3.6 环境:3.6 服务:3.6,6,,1,0,风味鸡叉骨_鲜嫩翅中_蜜汁翅根_黄金黄金龙骨脆_炸鸡三拼,,
G4JhX6EQn0atyZ77,7啃韩式炸鸡,韩式,False,C:品牌映射,brand:7啃,鸡翅,False,C:品牌映射,brand:7啃,裹粉炸,False,C:品牌映射,brand:7啃,原味+香辣+甜辣+酱香,True,C:品牌映射,brand:7啃,外卖型,False,C:品牌映射,brand:7啃,15-20,A,金水区,丰业广场/千盛广场,口味:4.0 环境:3.8 服务:4.0,41,1,1,0,韩式无骨炸鸡_芝士球_韩式无骨鸡块_香酥虾_秘制辣芝士粉_火鸡面_芝士双拼炸鸡_ 酱料双拼炸鸡,,
k4PMzsQEaGzF9UBS,老郑州炸鸡(外贸家属院店),中式,False,C:店名推断,老郑州,鸡腿+鸡排,True,A:菜品直接证据,鸡腿;鸡排,Unknown,False,D:无证据,,原味+黑胡椒+酸甜,True,A:菜品直接证据,香酥;黑胡椒;甘梅,Unknown,False,D:无证据,,Unknown,D,金水区,丰业广场/千盛广场,口味:3.8 环境:3.8 服务:3.8,2,,,0,香酥手抢腿_厚切鸡排_招牌鸡腿块_甘梅_黑胡椒_鸡鲍鱼,,
la7IuH2FZBJGDwzY,丸黎·章鱼烧·韩式炸鸡(怡丰新都汇店),韩式,False,C:品牌映射,brand:丸黎,鸡块/鸡米花/鸡柳,False,C:品牌映射,brand:丸黎,裹粉炸,False,C:品牌映射,brand:丸黎,香辣+甜辣+椒盐,True,C:品牌映射,brand:丸黎,档口/摊位,False,C:品牌映射,brand:丸黎,20-30,A,金水区,丰业广场/千盛广场,口味:3.7 环境:3.7 服务:3.7,30,1,1,0,安格斯牛肉汉堡_芝士玉米_招牌安格斯牛肉堡_霸王鸡腿堡_川辣章鱼小丸子_玉米奶香章鱼烧_藤椒麻麻章鱼烧_山葵青芥章鱼烧_锅巴土豆_肉酱拌面,,
kaFPIUYqJP0yIfcD,bigbear韩式炸鸡(金水区店),韩式,False,C:品牌映射,brand:bigbear,鸡架/锁骨/叉骨+鸡块/鸡米花/鸡柳,True,C:品牌映射,brand:bigbear,裹粉炸,False,C:品牌映射,brand:bigbear,原味+甜辣+酸甜,True,C:品牌映射,brand:bigbear,堂食+外带,False,C:品牌映射,brand:bigbear,10-15,A,金水区,丰业广场/千盛广场,口味:3.6 环境:3.6 服务:3.6,60,1,1,0,炸货盒子_青花椒鸡叉骨_原味鸡块_甘梅薯条_炸鸡柳_美味淀粉肠_蝉蛹_甜品盒子_鸡肉类随意拼盘_芝士奶香,,
k9blWg99Yw7x5lcd,炸鸡叉骨,Unknown,False,D:无证据,,鸡架/锁骨/叉骨,False,C:店名推断,鸡叉骨,Unknown,False,D:无证据,,Unknown,False,D:无证据,,Unknown,False,D:无证据,,Unknown,D,中牟县,中牟县,,,,,0,,,
G2Zy1obUAjRZI46j,乐滋炸鸡,中式,False,A:菜品直接证据,香酥鸡,整鸡/大单品+鸡排,True,A:菜品直接证据,香酥鸡;鸡排,Unknown,False,D:无证据,,原味+酸甜,True,A:菜品直接证据,香酥;海苔肉松,含团购,False,B:团购字段,1,Unknown,D,中牟县,中牟县,,,,1,0,海苔肉松鸡排_超大排_香酥鸡肉堡,,
jEnG4fkk5VeL9Ws4,多美士炸鸡汉堡(八岗店),美式/西式,False,C:品牌映射,brand:多美士,鸡翅+鸡块/鸡米花/鸡柳,True,C:品牌映射,brand:多美士,裹粉炸,False,C:品牌映射,brand:多美士,香辣+酱香,True,C:品牌映射,brand:多美士,外卖型,False,C:品牌映射,brand:多美士,15-20,A,中牟县,中牟县,,,,,3,田园香蔬堡_奥尔良烤腿堡_至尊牛排堡_辣子鸡丁饭_奥尔良烤腿_骨肉相连_香辣鸡翅_红豆派_香芋派_玉米杯,,
k2NaVzup2DVfAfpJ,多美士炸鸡汉堡(豫金源广场店),美式/西式,False,C:品牌映射,brand:多美士,鸡排,False,C:品牌映射,brand:多美士,裹粉炸,False,C:品牌映射,brand:多美士,原味,False,C:品牌映射,brand:多美士,外卖型,False,C:品牌映射,brand:多美士,15-20,A,中牟县,中牟县,,1,1,,0,,,
G4uND9pLwL66AOX1,卢氏炸鸡汉堡,Unknown,False,D:无证据,,鸡排+鸡块/鸡米花/鸡柳,True,A:菜品直接证据,鸡排;鸡柳,Unknown,False,D:无证据,,酱香,False,A:菜品直接证据,蜜汁,Unknown,False,D:无证据,,Unknown,D,中牟县,中牟县,口味:3.5 环境:3.5 服务:3.5,2,,,0,秘制鸡柳卷_冰可乐_鸡排堡_蜜汁烤全腿_管饱双鸡堡,,
G5g1T43C0gLS2sF4,虹峡炸鸡(青年西路店),Unknown,False,D:无证据,,Unknown,False,D:无证据,,Unknown,False,D:无证据,,Unknown,False,D:无证据,,Unknown,False,D:无证据,,Unknown,D,中牟县,中牟大厦,,,,,0,一整只炸鸡_两斤炸鸡,,
l4tOtZZ31AKXBoUq,虹峡炸鸡(府前街店),Unknown,False,D:无证据,,Unknown,False,D:无证据,,Unknown,False,D:无证据,,Unknown,False,D:无证据,,含外卖,False,B:外卖字段,1,Unknown,D,中牟县,中牟大厦,口味:3.5 环境:3.5 服务:3.5,1,1,,0,,,
k9kx12PS19QbcIqw,惠美炸鸡(府前街店),中式,False,A:菜品直接证据,香酥鸡,整鸡/大单品,True,A:菜品直接证据,大鸡;鸡腿;鸡叉骨;鸡米花,Unknown,False,D:无证据,,原味,True,A:菜品直接证据,原味;橙,含团购,False,B:团购字段,1,<10,A,中牟县,中牟大厦,口味:3.7 环境:3.7 服务:3.7,356,,1,0,爱尚鸡米花_黄金薯条_苹果果汁_芒果果汁_葡萄果汁_草莓果汁_原味咖啡_哈密瓜汁_美年达葡萄味_柠檬水,,
k1Plj4PfykzXaJSj,中国炸鸡郑州九龙镇店,美式/西式,True,A:菜品直接证据,原味鸡;东北,整鸡/大单品+鸡腿+鸡翅+鸡排+鸡架/锁骨/叉骨+鸡块/鸡米花/鸡柳,True,A:菜品直接证据,全鸡;鸡腿;翅根;鸡排;鸡架;鸡柳,裹粉炸,False,A:菜品直接证据,脆皮,原味+香辣+酱香,True,A:菜品直接证据,原味;香辣;奥尔良,含团购,False,B:团购字段,1,<10,A,中牟县,中牟大厦,,,,1,0,东北大鸡架_劲脆香辣鸡腿堡_海苔鸡柳_原味鸡柳_莲夹_奥尔良翅根_招牌脆皮大鸡腿_黄金薯塔_哆样大鸡排_招牌脆皮全鸡整,,
l4krS2ZjRMvM73yd,香客仕·汉堡·炸鸡(郑尉路店),Unknown,False,D:无证据,,鸡排,False,A:菜品直接证据,鸡排,裹粉炸,False,A:菜品直接证据,脆皮,酸甜,False,A:菜品直接证据,菠萝,含外卖,False,B:外卖字段,1,20-30,A,中牟县,中牟县,,,1,,0,菠萝汉堡_半鸡半虾堡_双层牛肉汉堡_柠檬柚子茶_布丁奶茶_红豆奶茶_红豆布丁奶茶_红豆椰果奶茶_橙汁_草莓奶茶,,
H3CMz8duz5oogzW0,爱尚惠美(城东路店),中式,False,C:品牌映射,brand:爱尚惠美,鸡腿+鸡块/鸡米花/鸡柳,True,C:品牌映射,brand:爱尚惠美,裹粉炸,False,C:品牌映射,brand:爱尚惠美,香辣+蒜香,True,C:品牌映射,brand:爱尚惠美,档口/摊位,False,C:品牌映射,brand:爱尚惠美,10-15,A,中牟县,中牟大厦,,,1,1,0,广东炒米粉_鸡蛋炒米_扬州炒米_凉皮_炒饼丝_蒜蓉青菜盖浇饭_酸辣土豆丝盖浇饭_手工骨汤鸡块砂锅_惠美茶油鸭_手雷鸡腿,,
k7hj7s3DzSJSWHda,德丰美式炸鸡(城东路店),中式,False,A:菜品直接证据,脆皮炸鸡,鸡腿+鸡翅+鸡块/鸡米花/鸡柳,True,A:菜品直接证据,鸡腿;翅根;鸡柳,裹粉炸,False,A:菜品直接证据,脆皮,Unknown,False,D:无证据,,含团购,False,B:团购字段,1,20-30,A,中牟县,中牟大厦,,,,1,0,秘制手枪腿_秘制鸡柳堡_德丰秘制鸡柳汉堡_德丰秘制炸鸡柳_秘制琵琶腿_秘制翅根腿_秘制脆皮炸鸡_秘制鸡腿堡,,
l3syoyHKNFwRppF2,项师傅炸鸡汉堡(红专路店),Unknown,False,D:无证据,,鸡腿+鸡翅+鸡排,True,A:菜品直接证据,大鸡;鸡腿;烤翅;鸡排,裹粉炸,True,A:菜品直接证据,脆皮;烤翅,甜辣,True,A:菜品直接证据,芝士;奥尔良;番茄,堂食+外卖+团购,False,B:多字段组合,外卖:1/团购:1,<10,A,金水区,丰业广场/千盛广场,口味:4.0 环境:4.0 服务:4.0,118,1,1,3,黄金薯条_项师傅鸡肉卷_小鸡排_脆皮小鸡腿_项师傅哆肉堡_脆皮香蕉_牛肉堡_奥尔良烤翅_骨肉相连两串_秘制全腿,,
H294Vri6yw6Yc3GG,赛可赛西汉堡炸鸡披萨(文通路店),Unknown,False,D:无证据,,整鸡/大单品+鸡腿+鸡翅+鸡块/鸡米花/鸡柳,True,A:菜品直接证据,脆皮鸡;鸡腿;鸡翅;鸡柳,裹粉炸,True,A:菜品直接证据,脆皮;烤翅,香辣+孜然+酱香,True,A:菜品直接证据,香辣;孜然;奥尔良,含团购,False,B:团购字段,1,15-20,A,中牟县,中牟县,,,,1,0,藤椒鸡拌面_小龙虾拌面_脆皮鸡腿_鸡翅包饭_香辣翅根_薯条_奥尔良烤翅_香辣翅小排_手枪腿_孜然鸡柳,,
k86jnZwwuG2drKH3,客比客汉堡·炸鸡(三官庙店),Unknown,False,D:无证据,,Unknown,False,D:无证据,,Unknown,False,D:无证据,,Unknown,False,D:无证据,,堂食+外卖+团购,False,B:多字段组合,外卖:1/团购:1,10-15,A,中牟县,中牟县,口味:3.4 环境:3.4 服务:3.4,1,1,1,0,披萨_至珍七虾堡,,
l9LTyc1ovAhLFujM,哆哆麦韩式炸鸡汉堡(绿博一号店),中式,False,C:品牌映射,brand:哆哆,鸡排,False,C:品牌映射,brand:哆哆,裹粉炸,False,C:品牌映射,brand:哆哆,香辣+黑胡椒+酱香,True,C:品牌映射,brand:哆哆,档口/摊位,False,C:品牌映射,brand:哆哆,15-20,A,中牟县,中牟县,口味:3.5 环境:3.5 服务:3.5,2,1,1,0,砂锅刀削面_砂锅土豆粉_香辣牛肉面_海鲜披萨_珍珠奶茶_软盒饮料_黑椒鸡块_微辣鸡米花_奥尔良销魂半鸡_鸡肉堡,,
k60ibgdNlCPL2aaI,牟大叔韩式炸鸡火鸡面汉堡(绿博新城店),韩式,False,C:品牌映射,brand:牟大叔,鸡块/鸡米花/鸡柳,False,C:品牌映射,brand:牟大叔,裹粉炸,False,C:品牌映射,brand:牟大叔,甜辣,False,C:品牌映射,brand:牟大叔,档口/摊位,False,C:品牌映射,brand:牟大叔,Unknown,D,中牟县,中牟县,,1,1,1,0,泡椒萝卜_韩式炸年糕_笑脸薯饼_送年糕,,
G6nvR6MlZEGQE22N,惠美炸鸡(青年路店),Unknown,False,D:无证据,,鸡块/鸡米花/鸡柳+鸡脖/其他部位,True,A:菜品直接证据,鸡腿;鸡柳;鸡爪,Unknown,False,D:无证据,,香辣+蒜香,True,A:菜品直接证据,香辣;蒜蓉;黑椒,含团购,False,B:团购字段,1,<10,A,中牟县,中牟大厦,口味:3.7 环境:3.7 服务:3.7,61,,1,0,美年达葡萄味_蘑菇炒肉_麻辣鸡爪_烧腐竹_蒜蓉青菜_青椒肉丝_香辣鸡柳_酸辣绿豆芽_麻辣土豆丝_虎皮鸡蛋,,
k6jADE9Atp1J24S4,大大鸡排(汉堡炸鸡),Unknown,False,D:无证据,,整鸡/大单品+鸡排,True,A:菜品直接证据,全鸡;鸡腿;鸡排;鸡柳,裹粉炸,False,A:菜品直接证据,脆皮,甜辣,True,A:菜品直接证据,蜂蜜;甘梅,堂食+外卖+团购,False,B:多字段组合,外卖:1/团购:1,Unknown,D,中牟县,人民医院,,1,1,1,0,大脸鸡排_脆皮双鸡堡_蜂蜜柠檬茶_牛肉味披萨_芝士鸡排汉堡_秋天的第茶_百香果金桔茶_琥珀烤全鸡手撕鸡新品尝鲜价_初恋香水柠檬茶草莓味_网红淀粉肠,,
H6UpBJnhgM0YA23Q,三养火鸡面·芝士炸鸡,韩式,False,C:品牌映射,brand:三养,鸡翅,False,C:品牌映射,brand:三养,裹粉炸,False,C:品牌映射,brand:三养,火鸡面,False,C:品牌映射,brand:三养,档口/摊位,False,C:品牌映射,brand:三养,<10,A,管城回族区,新世界百货,,0,,,,,,
H3y6NmETSWN6MuiE,朴东杰黄油芝士炸鸡·火鸡面,韩式,False,C:品牌映射,brand:朴东杰,鸡翅,False,C:品牌映射,brand:朴东杰,裹粉炸,False,C:品牌映射,brand:朴东杰,黄油芝士,False,C:品牌映射,brand:朴东杰,堂食+外带,False,C:品牌映射,brand:朴东杰,Unknown,D,中牟县,新世纪广场,,0,,,,,,
k2DVa9GvNG03REz1,漯禾阿杰炸鸡,Unknown,False,D:无证据,,Unknown,False,D:无证据,,Unknown,False,D:无证据,,Unknown,False,D:无证据,,Unknown,False,D:无证据,,Unknown,D,新密市,市人民医院,,0,,,,,,
l2QPIXH6EXmn1bfg,临榆炸鸡腿(郑州科技学院北苑店),中式,False,C:品牌映射,brand:临榆,鸡腿,False,"C:店名推断(修正,优先于品牌映射)",brand:临榆,腌炸,False,C:品牌映射,brand:临榆,原味,False,C:品牌映射,brand:临榆,档口/摊位,False,C:品牌映射,brand:临榆,Unknown,D,荥阳市,荥阳市,,0,,,,,鸡排,brand_product_conflict
k6znNd0XgGyf7aBR,姬富贵中式炸鸡(万象城店),中式,False,C:店名推断,中式炸鸡,Unknown,False,D:无证据,,Unknown,False,D:无证据,,Unknown,False,D:无证据,,Unknown,False,D:无证据,,15-20,A,二七区,西大街,,0,,,,,,
l1mNZgDUoDXs4btQ,麦新美炸鸡汉堡,Unknown,False,D:无证据,,Unknown,False,D:无证据,,Unknown,False,D:无证据,,Unknown,False,D:无证据,,Unknown,False,D:无证据,,Unknown,D,管城回族区,福都生活广场,,,,,0,,,
k59cS20yC1hI6Lck,多美士炸鸡汉堡(紫辰路店),美式/西式,False,C:品牌映射,brand:多美士,整鸡/大单品+鸡排+鸡块/鸡米花/鸡柳,True,C:品牌映射,brand:多美士,裹粉炸,False,C:品牌映射,brand:多美士,原味,False,C:品牌映射,brand:多美士,外卖型,False,C:品牌映射,brand:多美士,15-20,A,管城回族区,福都生活广场,口味:3.7 环境:3.6 服务:3.7,4,1,,21,果珍_蜜汁烤鸡_咖喱鸡排_果蜜冰爽柠檬汁_上校霸王鸡块_酷啦啦排骨_红豆奶茶_缤纷拼盘_红脆香薯条_雪糕鸡块,,
k4aMq4e3Kf4uHJYO,功夫薯条,Unknown,False,D:无证据,,Unknown,False,D:无证据,,Unknown,False,D:无证据,,Unknown,False,D:无证据,,Unknown,False,D:无证据,,10-15,A,二七区,二七万达,,0,,,,,,
k2w1XOorKsyd1OjE,金橙旺陈皮鸭,复合型,False,A:菜品直接证据,新派,Unknown,False,D:无证据,,Unknown,False,D:无证据,,酱香,False,A:菜品直接证据,酱香,堂食+外卖+团购,False,B:多字段组合,外卖:1/团购:1,15-20,A,金水区,曼哈顿广场/英协路,口味:3.9 环境:3.9 服务:3.9,8,1,1,0,酱香陈皮鸭两只_酱香陈皮鸭一只_新派陈皮鸭两只,,
G8nQ6iGDZHH7ToAN,1977炸鸡屋,Unknown,False,D:无证据,,Unknown,False,D:无证据,,裹粉炸,False,A:菜品直接证据,脆皮,甜辣+酱香,True,A:菜品直接证据,芝士;奥尔良;菠萝,含外卖,False,B:外卖字段,1,Unknown,D,金水区,曼哈顿广场/英协路,,1,1,,0,撒尿牛肉丸肉_馒头_包心鱼丸_酥肉_哈尔滨_奥尔良对翅_拉丝芝士热狗棒_黄金红薯条_脆皮炸椰奶_藤椒扒翅,,
G9JaJRFAR4ZRIVcr,多美士炸鸡汉堡(玉凤路店),美式/西式,False,C:品牌映射,brand:多美士,鸡翅+鸡块/鸡米花/鸡柳,True,C:品牌映射,brand:多美士,裹粉炸,False,C:品牌映射,brand:多美士,香辣+酱香,True,C:品牌映射,brand:多美士,外卖型,False,C:品牌映射,brand:多美士,15-20,A,金水区,曼哈顿广场/英协路,口味:3.7 环境:3.7 服务:3.7,9,1,1,21,蟹黄堡_汉堡三兄弟_藤椒翅尖_奶茶_coco虾_奥尔良烤腿_玉米杯_川香鸡柳_香辣大翅根_卡通鸡块,,
H9UfAdECEYwGcw38,韩黎院·韩式炸鸡汉堡(曼哈顿店),韩式,False,C:品牌映射,brand:韩黎院,鸡块/鸡米花/鸡柳,False,C:品牌映射,brand:韩黎院,裹粉炸,False,C:品牌映射,brand:韩黎院,甜辣,False,C:品牌映射,brand:韩黎院,堂食+外带,False,C:品牌映射,brand:韩黎院,20-30,A,金水区,曼哈顿广场/英协路,,,,1,0,脆皮炸鸡整只口味自选,,
laOhjq2BdtDmms3L,鸡公子御膳叉骨炸鸡(福元路店),中式,False,C:品牌映射,brand:御膳,鸡排+鸡架/锁骨/叉骨+鸡块/鸡米花/鸡柳,True,C:品牌映射,brand:御膳,生炸/现炸,False,C:品牌映射,brand:御膳,椒盐,False,C:品牌映射,brand:御膳,档口/摊位,False,C:品牌映射,brand:御膳,15-20,A,金水区,曼哈顿广场/英协路,口味:3.8 环境:3.6 服务:3.8,25,,1,0,鸡叉骨_黑啤_鸡块鸡排双拼_伴翅,,
k7Ql9gNfJnGS0yBh,有家炸鸡(银基王朝店),中式,False,A:菜品直接证据,香酥鸡,鸡腿+鸡翅+鸡块/鸡米花/鸡柳,True,A:菜品直接证据,大鸡;鸡腿;翅中;鸡叉骨;鸡米花,裹粉炸,False,A:菜品直接证据,脆皮,椒盐+黑胡椒+酸甜,True,A:菜品直接证据,香酥;椒盐;黑椒;甘梅,含团购,False,B:团购字段,1,15-20,A,金水区,曼哈顿广场/英协路,口味:3.7 环境:3.7 服务:3.8,25,,1,0,黑椒鸡块_脆皮翅根_霸王手枪腿_美味翅中_香脆薯条_美味盐酥鸡_龙骨脆_椒盐小火烧_甘梅地瓜条_骨肉相连,,
H2pBzfdZ3QnVKOid,王呲呲黄牛肉老火锅·烧烤(顺河路店),地方特色,False,A:菜品直接证据,重庆,Unknown,False,D:无证据,,Unknown,False,D:无证据,,香辣,False,A:菜品直接证据,麻辣,含团购,False,B:团购字段,1,30-50,A,金水区,曼哈顿广场/英协路,口味:3.6 环境:3.6 服务:3.6,123,,1,0,青菜时蔬_重庆贡菜_外腰_海带丝_冰鲜脑花_小黄鱼_千丝土豆_泡椒皮蛋_羊眼_呲呲冰杨梅,,
G2lGEog167dJoESO,延庆观炸鸡(福元路店),中式,False,C:品牌映射,brand:延庆观,鸡腿+鸡翅+鸡架/锁骨/叉骨+鸡块/鸡米花/鸡柳,True,C:品牌映射,brand:延庆观,卤炸,False,C:品牌映射,brand:延庆观,原味,False,C:品牌映射,brand:延庆观,档口/摊位,False,C:品牌映射,brand:延庆观,15-20,A,金水区,曼哈顿广场/英协路,口味:3.9 环境:3.9 服务:3.9,207,,1,0,延庆观鸡米花_延庆观牙签肉_延庆观琵琶腿_延庆观炸翅根_延庆观鸡腿_黄金叉骨_琵琶腿_茶兀_南瓜饼_脆皮香蕉,,
EZNp6KKmY50Rh4C0,元掌门老式炸鸡(玉凤路店),中式,False,C:品牌映射,brand:元掌门,鸡翅+鸡架/锁骨/叉骨+鸡脖/其他部位,True,C:品牌映射,brand:元掌门,生炸/现炸,False,C:品牌映射,brand:元掌门,香辣+蒜香,True,C:品牌映射,brand:元掌门,档口/摊位,False,C:品牌映射,brand:元掌门,10-15,A,金水区,曼哈顿广场/英协路,口味:3.6 环境:3.6 服务:3.6,23,1,1,0,鸡肉棒_麻辣鸡架_鲜肉鸡叉骨_焦香鸡胗_蒜香鸡翅_脆骨贝贝肉,,
l82gnt3qnzksggNx,工人路炸鸡(曼哈顿店),中式,False,A:菜品直接证据,香酥鸡,鸡腿+鸡翅,True,A:菜品直接证据,大鸡;鸡腿;鸡翅;鸡排;鸡柳,Unknown,False,D:无证据,,原味,True,A:菜品直接证据,香酥;香辣;孜然,含外卖,False,B:外卖字段,1,30-50,A,金水区,曼哈顿广场/英协路,口味:3.7 环境:3.7 服务:3.7,110,1,,0,招牌翅根_黄金琵琶腿_茶兀,,
jr6jbkETkN8kzNsK,御膳炸鸡烤冷面(曼哈顿店),中式,False,C:品牌映射,brand:御膳,鸡架/锁骨/叉骨,False,C:品牌映射,brand:御膳,生炸/现炸,False,C:品牌映射,brand:御膳,椒盐,False,C:品牌映射,brand:御膳,档口/摊位,False,C:品牌映射,brand:御膳,Unknown,D,金水区,曼哈顿广场/英协路,口味:3.5 环境:3.5 服务:3.5,1,,,0,炸鸡柳,,
G3XGKa8gQ2fJ8Lv9,KimMin-Hee韩式炸鸡(曼哈顿店),韩式,False,C:品牌映射,brand:KimMin-Hee,鸡翅+鸡块/鸡米花/鸡柳,True,C:品牌映射,brand:KimMin-Hee,裹粉炸,False,C:品牌映射,brand:KimMin-Hee,甜辣+酱香,True,C:品牌映射,brand:KimMin-Hee,外卖型,False,C:品牌映射,brand:KimMin-Hee,15-20,A,金水区,曼哈顿广场/英协路,,,1,1,0,炸鱼豆腐_炸地瓜丸_拉丝雪花芝士丸子_雪花芝士酱料_韩式火鸡面_无骨鸡快_无骨鸡块_单人可乐特惠_黄金翅根_韩式酱料,,
l3jRjxtLnOwLtqgX,王朝炸鸡(玉凤路店),Unknown,False,D:无证据,,鸡翅+鸡排+鸡块/鸡米花/鸡柳,True,A:菜品直接证据,鸡腿;鸡翅;鸡排;鸡叉骨;鸡米花;鸡皮,Unknown,False,D:无证据,,香辣,True,A:菜品直接证据,香辣;奥尔良,堂食+外卖+团购,False,B:多字段组合,外卖:1/团购:1,10-15,A,金水区,曼哈顿广场/英协路,口味:3.6 环境:3.6 服务:3.8,25,1,1,0,鸡柳_悦动力乳酸菌_炸烧饼_炸鸡拼盘_无骨拼盘_盼盼水蜜桃风味饮料_比翼双飞_奥尔良鸡排堡_盼盼水蜜桃_旋风藤椒鸡翅根,,
G9dIkSfrrQrLNPuO,叫了只炸鸡(曼哈顿店),中式,False,C:品牌映射,brand:叫了只,整鸡/大单品+鸡腿+鸡翅+鸡块/鸡米花/鸡柳,True,C:品牌映射,brand:叫了只,生炸/现炸,False,C:品牌映射,brand:叫了只,原味+香辣,True,C:品牌映射,brand:叫了只,外卖型,False,C:品牌映射,brand:叫了只,20-30,A,金水区,曼哈顿广场/英协路,口味:3.4 环境:3.4 服务:3.4,1,1,,0,川香鸡柳_大鹏展翅_网红酸奶大麻花_脆皮大鸡腿_香辣鸡腿堡_香酥无骨鸡块_鸡翅一箩筐_悦动力_柠檬红茶_爆浆糍耙,,
l8Q1cm8Xc5CVuHCn,王朝炸鸡(曼哈顿店),Unknown,False,D:无证据,,鸡腿+鸡翅+鸡块/鸡米花/鸡柳+鸡脖/其他部位,True,A:菜品直接证据,鸡腿;翅中;鸡叉骨;鸡米花;鸡皮,Unknown,False,D:无证据,,香辣,False,A:菜品直接证据,香辣,堂食+外卖+团购,False,B:多字段组合,外卖:1/团购:1,15-20,A,金水区,曼哈顿广场/英协路,口味:3.7 环境:3.6 服务:3.6,12,1,1,0,鸡柳_鸡腿堡_鸡米花_薯条_翅中_盼盼水蜜桃风味饮料_鸡肉卷_炸鸡皮_翅根_香辣鸡卷堡,,
G6luxSEM9M63bs6C,王朝炸鸡(未来滨河小区店),Unknown,False,D:无证据,,鸡架/锁骨/叉骨,False,A:菜品直接证据,叉骨,Unknown,False,D:无证据,,香辣,False,A:菜品直接证据,香辣,堂食+外卖+团购,False,B:多字段组合,外卖:1/团购:1,<10,A,金水区,曼哈顿广场/英协路,口味:3.5 环境:3.5 服务:3.5,15,1,1,0,小叉骨_香辣鸡卷堡,,
G8eiTfOIr9tLqXZl,新密怪味炸鸡(密州大道店),Unknown,False,D:无证据,,Unknown,False,D:无证据,,Unknown,False,D:无证据,,Unknown,False,D:无证据,,Unknown,False,D:无证据,,Unknown,D,新密市,客运中心站,,,,,0,,,
l7GWoe05GcTGvpS2,刘记炸鸡(南密新路店),Unknown,False,D:无证据,,Unknown,False,D:无证据,,Unknown,False,D:无证据,,Unknown,False,D:无证据,,Unknown,False,D:无证据,,Unknown,D,新密市,客运中心站,,2,,,0,,,
l2TBSgU0IRzgBQQM,大苕爷烤苕皮(熙地港),Unknown,False,D:无证据,,Unknown,False,D:无证据,,Unknown,False,D:无证据,,Unknown,False,D:无证据,,Unknown,False,D:无证据,,10-15,A,金水区,宝龙城市广场/熙地港,,,,,0,,,
H22My0JmnSzNsXCR,延庆观炸鸡(农业东路店),中式,False,C:品牌映射,brand:延庆观,鸡腿+鸡翅+鸡块/鸡米花/鸡柳,True,C:品牌映射,brand:延庆观,卤炸,False,C:品牌映射,brand:延庆观,原味,False,C:品牌映射,brand:延庆观,档口/摊位,False,C:品牌映射,brand:延庆观,15-20,A,金水区,宝龙城市广场/熙地港,口味:3.8 环境:3.8 服务:3.8,24,1,,0,黄金鸡腿_紫薯球_鸡米花_脆皮春卷_甜品拼盘_甘梅地瓜条_全翅_菌畅乳酸菌_炸椰奶_牛栏山二锅头,,
jelAzo7v48UpkH66,友味·串堂烧饼炸串(熙地港店),地方特色,False,A:菜品直接证据,长沙,鸡块/鸡米花/鸡柳,True,A:菜品直接证据,鸡丁;鸡皮,Unknown,False,D:无证据,,香辣,False,A:菜品直接证据,麻辣,堂食+外卖+团购,False,B:多字段组合,外卖:1/团购:1,20-30,A,金水区,宝龙城市广场/熙地港,口味:3.8 环境:3.8 服务:3.8,171,1,1,0,面筋串_金针菇_长沙大香肠_鸡皮串_火爆鱿鱼饼_藕合_鹌鹑蛋_青椒_香菇_五花肉串,,
G4OwUTv6LKol9JdA,深巷里炸货铺(熙地港店),韩式,False,A:菜品直接证据,火鸡面,整鸡/大单品,True,A:菜品直接证据,大鸡;鸡排;鸡米花,裹粉炸,False,A:菜品直接证据,脆皮,香辣,True,A:菜品直接证据,辣;芝士;奥尔良;甘梅,堂食+外卖+团购,False,B:多字段组合,外卖:1/团购:1,15-20,A,金水区,宝龙城市广场/熙地港,口味:3.9 环境:3.9 服务:3.9,24,1,1,0,芝士热狗棒_鸡米花_芝士三养火鸡面烤冷面_脆皮香蕉_椰蓉炸牛奶_蒸玉米_火山石烤肉肠_悦动力碳酸饮料,,
H7K6TCoSYV7Yf5qr,满巍明生炸鸡架(熙地港店),中式,False,C:品牌映射,brand:满巍明,整鸡/大单品+鸡腿+鸡架/锁骨/叉骨+鸡块/鸡米花/鸡柳+鸡脖/其他部位,True,C:品牌映射,brand:满巍明,生炸/现炸,False,C:品牌映射,brand:满巍明,香辣,False,C:品牌映射,brand:满巍明,档口/摊位,False,C:品牌映射,brand:满巍明,20-30,A,金水区,宝龙城市广场/熙地港,口味:4.1 环境:4.0 服务:4.0,42,1,1,19,生炸鸡架_生炸鸡腿肉_脆皮小鸡腿_芝香藕条_轰炸大鸡腿_生椰鸡腱_给力大鸡柳_生椰拿铁鸡脖_生椰拿铁鸡腱腿_生椰拿铁鸡肋条,,
l9JgJVvowA6xA300,熊家无二·韩式炸鸡(巩义文化街店),韩式,False,C:品牌映射,brand:熊家,鸡腿+鸡排,True,C:品牌映射,brand:熊家,裹粉炸,False,C:品牌映射,brand:熊家,甜辣+酱香,True,C:品牌映射,brand:熊家,外卖型,False,C:品牌映射,brand:熊家,20-30,A,巩义市,宋陵公园,口味:3.4 环境:3.4 服务:3.4,26,1,1,0,盐酥杏鲍鱼菇_韩风鸡排饭_韩风鸡腿汉堡_默认琥珀酱_无骨腿肉_韩式火鸡面_摇摇薯_泰椒酱_招牌粗薯_酱料,,
k3cldjqR1JMDrAF1,满巍明生炸鸡架(郑州杉杉奥莱店),中式,False,C:品牌映射,brand:满巍明,鸡腿+鸡架/锁骨/叉骨+鸡脖/其他部位,True,C:品牌映射,brand:满巍明,生炸/现炸,False,C:品牌映射,brand:满巍明,香辣,False,C:品牌映射,brand:满巍明,档口/摊位,False,C:品牌映射,brand:满巍明,15-20,A,中牟县,杉杉奥特莱斯,口味:4.2 环境:4.2 服务:4.2,154,,1,0,生炸鸡架_脆皮小鸡腿_活力杏鲍菇_巨炸甘梅地瓜_美味脆鸡胗_究极鸡腿肉_超级鸡叉骨,,
l7WaHRPEPU6GCpsq,夸父炸串(杉杉奥特莱斯店),中式,False,C:品牌映射,brand:夸父,鸡架/锁骨/叉骨,False,C:品牌映射,brand:夸父,生炸/现炸,False,C:品牌映射,brand:夸父,香辣,False,C:品牌映射,brand:夸父,档口/摊位,False,C:品牌映射,brand:夸父,15-20,A,中牟县,杉杉奥特莱斯,口味:3.9 环境:4.0 服务:4.1,77,1,1,0,甜甜玉米粒_脆脆小鸭肠_童年淀粉肠_轰炸大鱿鱼_校门口鸡柳_超神土豆片_广式小腊肠_分享香香鸡块_娃娃菜_肥牛多多麻辣烫,,
H819m8BnJwjkmwLP,同顺遥烙馍卷面筋烤冷面(鑫苑城市之家店),Unknown,False,D:无证据,,Unknown,False,D:无证据,,Unknown,False,D:无证据,,Unknown,False,D:无证据,,含外卖,False,B:外卖字段,1,10-15,A,管城回族区,福都生活广场,口味:3.4 环境:3.4 服务:3.4,1,1,,0,烤西兰花,,
G77foBA2DGDcz26n,串门炸鸡(金城街店),美式/西式,False,A:菜品直接证据,原味鸡,鸡翅+鸡块/鸡米花/鸡柳,True,A:菜品直接证据,鸡翅;鸡柳,Unknown,False,D:无证据,,原味,False,A:菜品直接证据,原味,含外卖,False,B:外卖字段,1,20-30,A,管城回族区,福都生活广场,口味:3.4 环境:3.4 服务:3.4,5,1,,0,海苔鸡柳_香脆鸡翅根_原味鸡柳,,
H8H5O0QUcsEqvAvv,猫先生韩国炸鸡(金城街店),韩式,False,C:品牌映射,brand:猫先生,鸡翅,False,C:品牌映射,brand:猫先生,裹粉炸,False,C:品牌映射,brand:猫先生,甜辣,False,C:品牌映射,brand:猫先生,堂食+外带,False,C:品牌映射,brand:猫先生,30-50,A,管城回族区,福都生活广场,,1,1,1,0,黄金地瓜条_网红锅巴土豆_韩式辛拉面_鬼椒面_奶油火鸡面_有骨整只鸡吃到爽_肉松海苔_桃桃芝士炸鸡可双拼_BHC同款雪花芝士撒粉炸鸡_柚子酱,,
Em1oVYk2KdS9KwmU,黎太院韩式炸鸡(福都广场店),韩式,False,C:品牌映射,brand:黎太院,鸡腿+鸡翅+鸡块/鸡米花/鸡柳,True,C:品牌映射,brand:黎太院,裹粉炸,False,C:品牌映射,brand:黎太院,甜辣,False,C:品牌映射,brand:黎太院,堂食+外带,False,C:品牌映射,brand:黎太院,20-30,A,管城回族区,福都生活广场,口味:3.8 环境:3.8 服务:3.8,27,1,1,0,脆甜地瓜条_鸡翅中_嫩脆小鸡腿_神奇的鸡_香甜地瓜丸_韩国进口果汁_秘制无骨鸡块_酥酥糯糯年糕_爆辣韩式火鸡面_爆辣韩式火鸡面酥酥糯糯年糕,,
H4bxfDpBJNrNem4m,小伊家炸串拌饼,Unknown,False,D:无证据,,Unknown,False,D:无证据,,Unknown,False,D:无证据,,Unknown,False,D:无证据,,含外卖,False,B:外卖字段,1,10-15,A,登封市,客运总站,,1,1,,0,千叶豆腐_三荤三素,,
FErS3ERvJMORHaiz,中式炸鸡,中式,False,C:店名推断,中式炸鸡,鸡架/锁骨/叉骨,False,A:菜品直接证据,鸡叉骨,Unknown,False,D:无证据,,Unknown,False,D:无证据,,含团购,False,B:团购字段,1,Unknown,D,管城回族区,福都生活广场,,,,1,0,香炸大虾_香炸鸡叉骨,,
H4keLAulc7wzhvYp,地表最强炸鸡(公路段家属院店),Unknown,False,D:无证据,,鸡架/锁骨/叉骨+鸡块/鸡米花/鸡柳,True,A:菜品直接证据,叉骨;鸡柳,Unknown,False,D:无证据,,原味,False,A:菜品直接证据,原味,含团购,False,B:团购字段,1,Unknown,D,管城回族区,福都生活广场,,,,1,0,原味香肠_无骨鸡柳_招牌叉骨,,
H79soQKU80gIYC1H,一品香叉骨炸鸡(紫辰路店),中式,False,A:菜品直接证据,香酥鸡,鸡排+鸡架/锁骨/叉骨+鸡块/鸡米花/鸡柳,True,A:菜品直接证据,大鸡;鸡腿;鸡排;叉骨;鸡米花,生炸/现炸,False,A:菜品直接证据,现做,原味,True,A:菜品直接证据,香酥;甘梅,含外卖,False,B:外卖字段,1,Unknown,D,管城回族区,福都生活广场,口味:3.4 环境:3.4 服务:3.4,1,1,,0,招牌无骨鸡米花_玉米布丁酥_炸香肠_香酥烧饼_鸡排_牙签肉,,
k7Fj2IKbjlmd9akN,叫了只炸鸡(银莺路店),中式,False,C:品牌映射,brand:叫了只,整鸡/大单品,False,C:品牌映射,brand:叫了只,生炸/现炸,False,C:品牌映射,brand:叫了只,原味,False,C:品牌映射,brand:叫了只,外卖型,False,C:品牌映射,brand:叫了只,20-30,A,管城回族区,福都生活广场,,,1,1,0,脆香牛肉堡_油炸小黄鱼_鲜美鱼块_一鸡两吃_可口可乐无糖罐_可口可乐罐_百事可乐罐,,
k77xznXEYJRkoXjZ,祥瑞酥炸鸡(紫航店),Unknown,False,D:无证据,,Unknown,False,D:无证据,,裹粉炸,False,C:店名推断,酥炸,Unknown,False,D:无证据,,Unknown,False,D:无证据,,Unknown,D,管城回族区,福都生活广场,,1,,,0,,,
laCkQ2kexghUPrFc,福王朝炸鸡(航海花园店),复合型,False,A:菜品直接证据,双拼,鸡翅+鸡架/锁骨/叉骨+鸡块/鸡米花/鸡柳+鸡脖/其他部位,True,A:菜品直接证据,鸡腿;翅中;鸡排;鸡叉骨;鸡米花;鸡皮,Unknown,False,D:无证据,,原味,True,A:菜品直接证据,原味;甘梅,含外卖,False,B:外卖字段,1,20-30,A,管城回族区,福都生活广场,口味:3.7 环境:3.7 服务:3.7,1,1,,0,招牌小叉骨_鸡米花_无骨双拼_炸鸡皮_干炸带鱼_原味优酸乳_翅中,,
kaGFm8Ojgyag2OWw,清真袁记火爆脆皮炸鸡(弓庄街店),中式,False,C:店名推断,脆皮炸鸡,整鸡/大单品+鸡腿+鸡翅+鸡架/锁骨/叉骨+鸡块/鸡米花/鸡柳,True,A:菜品直接证据,大鸡;鸡腿;鸡翅;鸡叉骨;鸡米花,裹粉炸,False,A:菜品直接证据,脆皮,Unknown,False,D:无证据,,含团购,False,B:团购字段,1,15-20,A,管城回族区,福都生活广场,口味:3.8 环境:3.6 服务:3.7,36,,1,0,秘制清真脆皮大鸡叉骨_秘制炸蘑菇_炸鸡块_鸡翅根_小炸鸡腿_袁记清真炸鱼块_鸡柳_鸡米花_招牌脆皮大鸡腿_鸡小腿,,
G753eAZAhABZLLEs,功夫炸海鱼,Unknown,False,D:无证据,,Unknown,False,D:无证据,,Unknown,False,D:无证据,,原味+椒盐,True,A:菜品直接证据,香酥;椒盐,含团购,False,B:团购字段,1,15-20,A,管城回族区,福都生活广场,口味:4.0 环境:4.0 服务:4.0,31,,1,0,扒皮鱼_椒盐香酥带鱼_椒盐香酥鲜虾_平鱼,,
FsTa1McqTjsccfNA,延庆观炸鸡(城东路店),中式,False,C:品牌映射,brand:延庆观,鸡腿+鸡翅+鸡架/锁骨/叉骨+鸡块/鸡米花/鸡柳,True,C:品牌映射,brand:延庆观,卤炸,False,C:品牌映射,brand:延庆观,原味,False,C:品牌映射,brand:延庆观,档口/摊位,False,C:品牌映射,brand:延庆观,15-20,A,管城回族区,福都生活广场,口味:3.8 环境:3.7 服务:3.8,195,1,1,0,鸡翅根_鸡米花_鸡腿排_延庆观炸鸡腿_延庆观牙签肉,,
G7ySb0rIAFd3NJIB,大嫂炸串,Unknown,False,D:无证据,,Unknown,False,D:无证据,,Unknown,False,D:无证据,,Unknown,False,D:无证据,,Unknown,False,D:无证据,,Unknown,D,管城回族区,福都生活广场,,,,,0,,,
H6tAbK1GKcxqAM4Z,新纳西汉堡炸鸡(路劲国际城店),美式/西式,False,C:品牌映射,brand:新纳西,鸡排,False,C:品牌映射,brand:新纳西,裹粉炸,False,C:品牌映射,brand:新纳西,原味,False,C:品牌映射,brand:新纳西,外卖型,False,C:品牌映射,brand:新纳西,10-15,A,中牟县,人民医院,口味:3.5 环境:3.5 服务:3.5,2,1,1,0,冰爽鲜柠檬水_深海鳕鱼堡_金丝藤椒鸡排堡_青藤椒拌面_刀削面_油泼辣子拌面_烤榴莲雪糕_鸭肠_玉米_鱿鱼,,
G9JmT6NK38buJiFU,吉多多炸鸡,Unknown,False,D:无证据,,Unknown,False,D:无证据,,Unknown,False,D:无证据,,Unknown,False,D:无证据,,Unknown,False,D:无证据,,Unknown,D,巩义市,回郭镇,,,,,0,,,
H54lGvMGcwO54WAM,鸡柳大人(inpark银泰店),中式,False,C:品牌映射,brand:鸡柳大人,鸡块/鸡米花/鸡柳,False,C:品牌映射,brand:鸡柳大人,生炸/现炸,False,C:品牌映射,brand:鸡柳大人,椒盐,False,C:品牌映射,brand:鸡柳大人,档口/摊位,False,C:品牌映射,brand:鸡柳大人,15-20,A,金水区,国家森林公园/北龙湖,口味:4.0 环境:3.9 服务:3.9,27,1,1,36,招牌三合一_掌中宝_脆皮年糕_黑金鸡米花_开花大香肠_鸡柳年糕薯条三合一_空气年糕_香骨鸡_精选双拼_原切薯条,,
k2ZGx17TFa6RBIPN,鸡柳大人(荥阳吾悦广场店),中式,False,C:品牌映射,brand:鸡柳大人,整鸡/大单品+鸡腿+鸡翅+鸡架/锁骨/叉骨+鸡块/鸡米花/鸡柳,True,C:品牌映射,brand:鸡柳大人,生炸/现炸,False,C:品牌映射,brand:鸡柳大人,原味+酱香,True,C:品牌映射,brand:鸡柳大人,档口/摊位,False,C:品牌映射,brand:鸡柳大人,<10,A,荥阳市,吾悦广场,口味:3.4 环境:3.4 服务:3.3,24,1,1,0,招牌三合一_掌中宝_香酥鸡烤饼_黄金鸡翅尖_开花大香肠_蜜汁鸡锁骨_香酥鸡柳_黑金鸡米花_香骨鸡_爆汁鸡腿,,
k9wLdiPcIX6qH0Dz,爱上叉骨炸鸡(西陈庄店),Unknown,False,D:无证据,,鸡架/锁骨/叉骨,False,C:店名推断,叉骨,Unknown,False,D:无证据,,Unknown,False,D:无证据,,Unknown,False,D:无证据,,15-20,A,二七区,大石桥/体育场,,,,,0,,,
G24WJVi4S8CqCkhU,鸡叉骨,Unknown,False,D:无证据,,鸡架/锁骨/叉骨,False,C:店名推断,鸡叉骨,Unknown,False,D:无证据,,Unknown,False,D:无证据,,Unknown,False,D:无证据,,Unknown,D,荥阳市,奥帕拉拉水公园,,,,,0,,,
GatOmhKFqeuGWKIc,满巍明生炸鸡架(国贸360店),中式,False,C:品牌映射,brand:满巍明,整鸡/大单品+鸡腿+鸡架/锁骨/叉骨+鸡块/鸡米花/鸡柳+鸡脖/其他部位,True,C:品牌映射,brand:满巍明,生炸/现炸,False,C:品牌映射,brand:满巍明,香辣,False,C:品牌映射,brand:满巍明,档口/摊位,False,C:品牌映射,brand:满巍明,30-50,A,金水区,国贸360,口味:4.3 环境:4.3 服务:4.2,210,1,1,19,生炸鸡架_甘梅地瓜_脆皮小鸡腿_鸡腱腿_芝香藕条_轰炸大鸡腿_生椰鸡腱_给力大鸡柳_生椰拿铁鸡脖_生椰拿铁鸡肋条,,
G5ozTFiXafGlPWBP,周记小龙虾,Unknown,False,D:无证据,,Unknown,False,D:无证据,,Unknown,False,D:无证据,,Unknown,False,D:无证据,,含团购,False,B:团购字段,1,20-30,A,二七区,大商/升龙城,口味:3.7 环境:3.7 服务:3.7,1,,1,0,,,
H3nlCT40xRrywT8l,皇城根老式炸鸡,中式,False,C:品牌映射,brand:皇城根,鸡腿+鸡架/锁骨/叉骨+鸡脖/其他部位,True,C:品牌映射,brand:皇城根,生炸/现炸,False,C:品牌映射,brand:皇城根,原味,False,C:品牌映射,brand:皇城根,档口/摊位,False,C:品牌映射,brand:皇城根,Unknown,D,中牟县,刘集镇,口味:3.5 环境:3.5 服务:3.5,1,1,1,0,鲜炸琵琶腿_现炸鸡爪_鲜炸手枪腿_鲜炸鸡皮_秘制鸡叉骨,,
EHuLaDHbl08s4bR0,小香酥叉骨炸鸡,Unknown,False,D:无证据,,鸡架/锁骨/叉骨,False,C:店名推断,叉骨,Unknown,False,D:无证据,,原味,False,C:店名推断,香酥,含外卖,False,B:外卖字段,1,Unknown,D,中牟县,刘集镇,,,1,,0,,,
k2DecFclPFyoH21S,鸡柳大人(小破街店),中式,False,C:品牌映射,brand:鸡柳大人,整鸡/大单品+鸡架/锁骨/叉骨+鸡块/鸡米花/鸡柳,True,C:品牌映射,brand:鸡柳大人,生炸/现炸,False,C:品牌映射,brand:鸡柳大人,原味+蒜香+酱香,True,C:品牌映射,brand:鸡柳大人,档口/摊位,False,C:品牌映射,brand:鸡柳大人,<10,A,中牟县,刘集镇,口味:3.7 环境:3.6 服务:3.7,9,1,1,4,山药片四合一_冰粉_鸡柳薯条年糕山药片四合一_香酥鸡烤饼_蒜香排骨_开花大香肠_掌中宝_香酥鸡柳_蜜汁鸡锁骨_黑金鸡米花,,
k9pJL3Ou57Q53EPD,喜福炸串,Unknown,False,D:无证据,,Unknown,False,D:无证据,,Unknown,False,D:无证据,,Unknown,False,D:无证据,,含外卖,False,B:外卖字段,1,Unknown,D,中牟县,刘集镇,,,1,,0,,,
l68q8P6bsbzgRxpX,赴约-现烤牛肉干(永顺路店),Unknown,False,D:无证据,,Unknown,False,D:无证据,,Unknown,False,D:无证据,,Unknown,False,D:无证据,,含外卖,False,B:外卖字段,1,Unknown,D,中牟县,刘集镇,,,1,,0,,,
G6tZlisDIemaPu1U,炸鸡草FCM给料放题自助(郑州上东里店),Unknown,False,D:无证据,,鸡腿+鸡块/鸡米花/鸡柳,True,A:菜品直接证据,脆皮鸡;鸡腿;鸡块,裹粉炸,True,A:菜品直接证据,脆皮;现炸,黑胡椒,True,A:菜品直接证据,黑椒;番茄,堂食+外带,False,C:店名推断,自助,30-50,A,中牟县,刘集镇,口味:3.8 环境:3.9 服务:3.9 品种:4.0,129,,1,0,草料卤香鸡腿肉_肯爷黄金鸡块,,
l6fd0yszM9u09dDZ,刘婉婉生炸妙龄鸡(须水店),中式,False,C:品牌映射,brand:刘婉婉,整鸡/大单品,False,C:品牌映射,brand:刘婉婉,生炸/现炸,False,C:品牌映射,brand:刘婉婉,原味,False,C:品牌映射,brand:刘婉婉,档口/摊位,False,C:品牌映射,brand:刘婉婉,<10,A,中原区,元通纺织城,口味:3.6 环境:3.6 服务:3.6,9,1,1,12,现炸黄金鸡柳_无骨上腿肉_鸡背肉_黄金鸡肉卷_奶香地瓜条,,
k2dHoGCepcFYOgpR,元掌门老式炸鸡(冉屯东路店),中式,False,C:品牌映射,brand:元掌门,鸡翅+鸡架/锁骨/叉骨+鸡块/鸡米花/鸡柳+鸡脖/其他部位,True,C:品牌映射,brand:元掌门,生炸/现炸,False,C:品牌映射,brand:元掌门,香辣+蒜香,True,C:品牌映射,brand:元掌门,档口/摊位,False,C:品牌映射,brand:元掌门,15-20,A,中原区,冉屯路/五龙口,口味:3.8 环境:3.7 服务:3.7,4,1,1,0,鸡肉棒_鸡皮_麻辣鸡架_鲜肉鸡叉骨_老式鸡叉骨_焦香鸡胗_蒜香鸡翅_脆骨贝贝肉_手工鲜鸡柳,,
k73BOPH4gsQyKrtN,喜胡同鲜炸鸡(威尼斯2期店),Unknown,False,D:无证据,,整鸡/大单品+鸡腿+鸡排+鸡架/锁骨/叉骨+鸡块/鸡米花/鸡柳,True,A:菜品直接证据,全鸡;鸡腿;鸡排;鸡架;鸡米花,裹粉炸,True,A:菜品直接证据,脆皮;现做,原味,False,A:菜品直接证据,香酥,堂食+外卖+团购,False,B:多字段组合,外卖:1/团购:1,15-20,A,中原区,冉屯路/五龙口,口味:3.5 环境:3.6 服务:3.5,1,1,1,0,无骨鸡块_心形大鸡排_嘎嘎香大鸡架_鸡爆鱼_爆汁小鸡腿,,
laoZeahcgQMSzj1L,炸货铺,Unknown,False,D:无证据,,鸡腿+鸡架/锁骨/叉骨,True,A:菜品直接证据,鸡腿;鸡叉骨,Unknown,False,D:无证据,,酱香,False,A:菜品直接证据,奥尔良,含团购,False,B:团购字段,1,20-30,A,二七区,医学院,口味:3.4 环境:3.4 服务:3.4,,,1,0,奥尔良鸡叉骨_汇源桃汁_鸡腿汉堡,,
laRJj2JLz0HH8lg5,老味炸鸡店,中式,False,C:店名推断,老味,Unknown,False,D:无证据,,Unknown,False,D:无证据,,Unknown,False,D:无证据,,Unknown,False,D:无证据,,15-20,A,二七区,医学院,,,,,0,,,
H9hNgoc9emMG8DI9,临榆炸鸡腿(国基大学城店),中式,False,C:品牌映射,brand:临榆,鸡腿,False,"C:店名推断(修正,优先于品牌映射)",brand:临榆,腌炸,False,C:品牌映射,brand:临榆,原味,False,C:品牌映射,brand:临榆,档口/摊位,False,C:品牌映射,brand:临榆,10-15,A,惠济区,北大学城,口味:3.5 环境:3.5 服务:3.5,11,1,1,16,鲜肉饼_黄金鸡叉骨_黄金香骨鸡_豆皮肉卷_香骨鸡_鸡肉条,鸡排,brand_product_conflict
H2rrE20UdDZBzDtR,汴梁炸鸡延庆观(炸鸡),中式,False,C:品牌映射,brand:延庆观,整鸡/大单品,False,C:品牌映射,brand:延庆观,卤炸,False,C:品牌映射,brand:延庆观,原味,False,C:品牌映射,brand:延庆观,档口/摊位,False,C:品牌映射,brand:延庆观,Unknown,D,惠济区,北大学城,,,1,1,0,无骨鸡柳,,
FgukiXXP0iI8wIP5,子诺御膳叉骨(正商花语里店),中式,False,C:品牌映射,brand:御膳,鸡架/锁骨/叉骨,False,C:品牌映射,brand:御膳,生炸/现炸,False,C:品牌映射,brand:御膳,椒盐,False,C:品牌映射,brand:御膳,档口/摊位,False,C:品牌映射,brand:御膳,Unknown,D,中原区,华强城市广场,,,,,0,,,
Gaw76KkR8Eq1qjwW,怦然新动,Unknown,False,D:无证据,,Unknown,False,D:无证据,,Unknown,False,D:无证据,,Unknown,False,D:无证据,,Unknown,False,D:无证据,,Unknown,D,二七区,升龙广场,,,,,0,,,
G9Rt2vPTcMTSKEcp,炸当道·鸡柳先生(二七万达店),Unknown,False,D:无证据,,鸡块/鸡米花/鸡柳,False,C:店名推断,鸡柳,Unknown,False,D:无证据,,Unknown,False,D:无证据,,Unknown,False,D:无证据,,Unknown,D,二七区,升龙广场,,,,,0,,,
G48k8OOVPLLT9Tye,Biubiubiu韩式炸鸡·芝士炸鸡(二七万达店),韩式,False,C:店名推断,韩式,Unknown,False,D:无证据,,Unknown,False,D:无证据,,甜辣,False,C:店名推断,芝士,含外卖,False,B:外卖字段,1,Unknown,D,二七区,升龙广场,,,1,,0,,,
G4mhY3Kel4g0rQin,正新鸡排·炸鸡烧烤(月湖广场店),美式/西式,False,C:品牌映射,brand:正新,鸡翅+鸡排,True,C:品牌映射,brand:正新,裹粉炸,False,C:品牌映射,brand:正新,原味,False,C:品牌映射,brand:正新,档口/摊位,False,C:品牌映射,brand:正新,10-15,A,惠济区,北大学城,口味:3.5 环境:3.5 服务:3.5,2,1,1,0,爆料鸡排_中国鸡排汉堡_金锤翅根桶,,
G7gmlldeFy1ru8hu,清真回族博爱闪涛酥肉丸子汤,Unknown,False,D:无证据,,Unknown,False,D:无证据,,Unknown,False,D:无证据,,Unknown,False,D:无证据,,含外卖,False,B:外卖字段,1,Unknown,D,管城回族区,康桥商务广场,,,1,,0,,,
H9WgeziBdH2mLpTS,朴东杰黄油芝士炸鸡(建业路店),韩式,False,C:品牌映射,brand:朴东杰,鸡翅,False,C:品牌映射,brand:朴东杰,裹粉炸,False,C:品牌映射,brand:朴东杰,香辣+甜辣,True,C:品牌映射,brand:朴东杰,堂食+外带,False,C:品牌映射,brand:朴东杰,20-30,A,金水区,建业路/英协花园,口味:3.3 环境:3.3 服务:3.3,,1,1,0,翅根中_黄油芝士_奶香芝士_无骨鸡_奶酪芝士_雪花芝士_红辣芝士,,
k5QF8vR1p2nBBsfa,喜胡同鲜炸鸡,Unknown,False,D:无证据,,Unknown,False,D:无证据,,生炸/现炸,False,C:店名推断,鲜炸,Unknown,False,D:无证据,,Unknown,False,D:无证据,,20-30,A,惠济区,惠济万达广场,,,,,0,,,
G7Q2Y7IuGhJTqGe6,柠檬先森韩式炸鸡(上街店),韩式,False,C:店名推断,韩式,Unknown,False,D:无证据,,Unknown,False,D:无证据,,Unknown,False,D:无证据,,含外卖,False,B:外卖字段,1,20-30,A,上街区,廿峡线,,,1,,0,,,
l9eeulenKWiYNAYE,Daoshang8度韩式炸鸡,韩式,False,C:店名推断,韩式,Unknown,False,D:无证据,,Unknown,False,D:无证据,,Unknown,False,D:无证据,,含外卖,False,B:外卖字段,1,15-20,A,荥阳市,建业购物广场,,,1,,0,,,
H11Cy6oe6dhynUUN,炸串研究,Unknown,False,D:无证据,,Unknown,False,D:无证据,,Unknown,False,D:无证据,,Unknown,False,D:无证据,,含外卖,False,B:外卖字段,1,Unknown,D,荥阳市,建业购物广场,,,1,,0,,,
G5ROmc0psD9CFh5T,小团子炸货铺,Unknown,False,D:无证据,,Unknown,False,D:无证据,,Unknown,False,D:无证据,,Unknown,False,D:无证据,,含外卖,False,B:外卖字段,1,Unknown,D,中原区,帝湖,,,1,,0,,,
l37OV9cR8PCG8vn3,贵州鲜炸大薯片,Unknown,False,D:无证据,,Unknown,False,D:无证据,,生炸/现炸,False,C:店名推断,鲜炸,Unknown,False,D:无证据,,Unknown,False,D:无证据,,Unknown,D,巩义市,巩义市,,,,,0,,,
k23hJi0g3KFv9tgj,二水炸串铺,Unknown,False,D:无证据,,Unknown,False,D:无证据,,Unknown,False,D:无证据,,Unknown,False,D:无证据,,Unknown,False,D:无证据,,Unknown,D,中原区,帝湖,,,,,0,,,
EP5hkWIa55Kgonlu,临榆炸鸡腿(郑州商学院紫荆店),中式,False,C:品牌映射,brand:临榆,鸡腿,False,"C:店名推断(修正,优先于品牌映射)",brand:临榆,腌炸,False,C:品牌映射,brand:临榆,原味,False,C:品牌映射,brand:临榆,档口/摊位,False,C:品牌映射,brand:临榆,Unknown,D,巩义市,成功学院,,1,,,0,,鸡排,brand_product_conflict
k3XihCWktmdG3UJF,临榆炸鸡腿(东工都市家苑店),中式,False,C:品牌映射,brand:临榆,鸡腿,True,"C:店名推断(修正,优先于品牌映射)",brand:临榆,腌炸,False,C:品牌映射,brand:临榆,原味,False,C:品牌映射,brand:临榆,档口/摊位,False,C:品牌映射,brand:临榆,<10,A,中牟县,新世纪广场,口味:3.5 环境:3.5 服务:3.5,9,1,1,1,脆皮手枪腿_楂楂鸡块_鲜肉饼_招牌炸鸡腿_红豆饼_开心薯饼_黄金香骨鸡_豆皮鸡肉卷_黄金炸蘑菇_香骨鸡,鸡排,brand_product_conflict
jBknuOwB7mWIdItS,静静炸鸡,Unknown,False,D:无证据,,Unknown,False,D:无证据,,Unknown,False,D:无证据,,Unknown,False,D:无证据,,Unknown,False,D:无证据,,Unknown,D,新密市,新密市,,,,,0,,,
G4xAYbosgdNXJLM2,刘婉婉生炸妙龄鸡(周岗店),中式,False,C:品牌映射,brand:刘婉婉,整鸡/大单品,False,C:品牌映射,brand:刘婉婉,生炸/现炸,False,C:品牌映射,brand:刘婉婉,原味,False,C:品牌映射,brand:刘婉婉,档口/摊位,False,C:品牌映射,brand:刘婉婉,<10,A,新密市,新密市,,,,,0,,,
H1wivI3FAVp1EpWY,临榆炸鸡腿(郑州工业应用技术学院店),中式,False,C:品牌映射,brand:临榆,鸡腿,False,"C:店名推断(修正,优先于品牌映射)",brand:临榆,腌炸,False,C:品牌映射,brand:临榆,原味,False,C:品牌映射,brand:临榆,档口/摊位,False,C:品牌映射,brand:临榆,10-15,A,新郑市,新区/华信学院,,,1,,0,,鸡排,brand_product_conflict
GacdOqiUa0EfWvn5,亨堡味炸鸡汉堡,中式,True,A:菜品直接证据,中式;台式,整鸡/大单品+鸡腿+鸡排+鸡架/锁骨/叉骨,True,A:菜品直接证据,大鸡;鸡腿;鸡排;鸡架,Unknown,False,D:无证据,,Unknown,False,D:无证据,,堂食+外卖+团购,False,B:多字段组合,外卖:1/团购:1,Unknown,D,新郑市,新区/华信学院,口味:3.5 环境:3.5 服务:3.5,2,1,1,0,中式大鸡腿_台式大鸡排_招牌炸鸡叉骨_沈阳大鸡架,,
l419eEWdQ6wlGule,于飞成炸串卷饼(郑州技术学院店),Unknown,False,D:无证据,,整鸡/大单品+鸡腿,True,A:菜品直接证据,大鸡;鸡腿;鸡排;鸡块,裹粉炸,False,A:菜品直接证据,脆皮,Unknown,False,D:无证据,,堂食+外卖+团购,False,B:多字段组合,外卖:1/团购:1,10-15,A,新郑市,新区/华信学院,口味:3.8 环境:3.8 服务:3.8,11,1,1,0,生榨大鸡腿_手工鸡腿肉_大里脊肉_水烙馍_金丝纯肉排_康师傅冰红茶盒装_大年糕_圆饼,,
G4gHxERHrrti15pk,申向国鸡柳卷饼(华信学院店),中式,False,C:品牌映射,brand:申向国,鸡块/鸡米花/鸡柳,False,C:品牌映射,brand:申向国,生炸/现炸,False,C:品牌映射,brand:申向国,香辣+酸甜,True,C:品牌映射,brand:申向国,档口/摊位,False,C:品牌映射,brand:申向国,Unknown,D,新郑市,新区/华信学院,口味:3.5 环境:3.5 服务:3.5,4,,1,0,鸡柳卷饼_番茄味鸡柳卷饼_鸡柳卷饼甘梅味_香辣味鸡柳卷饼,,
H55wKERuiO264emD,叉骨炸鸡,Unknown,False,D:无证据,,鸡架/锁骨/叉骨,False,C:店名推断,叉骨,Unknown,False,D:无证据,,Unknown,False,D:无证据,,Unknown,False,D:无证据,,Unknown,D,惠济区,惠济区,,,,,0,,,
H5z2EpguITUKEJeU,鸡柳大人(巩义恒星时代金街店),中式,False,C:品牌映射,brand:鸡柳大人,整鸡/大单品+鸡腿+鸡翅+鸡架/锁骨/叉骨+鸡块/鸡米花/鸡柳,True,C:品牌映射,brand:鸡柳大人,生炸/现炸,False,C:品牌映射,brand:鸡柳大人,原味+蒜香+酱香,True,C:品牌映射,brand:鸡柳大人,档口/摊位,False,C:品牌映射,brand:鸡柳大人,<10,A,巩义市,成功学院,口味:3.7 环境:3.7 服务:3.7,7,1,1,0,鸡柳薯条二合一_鸡柳年糕二合一_鸡柳薯条年糕三合一_黄金鸡翅尖_香骨鸡_爆汁鸡腿_空气年糕_蜜汁鸡锁骨_香酥鸡柳_蒜香排骨,,
k7gYyNCaG2KYqZhF,侠客炸鸡汉堡,Unknown,False,D:无证据,,Unknown,False,D:无证据,,Unknown,False,D:无证据,,Unknown,False,D:无证据,,含外卖,False,B:外卖字段,1,15-20,A,惠济区,惠济区,,,1,,0,,,
l5sIttWbOtnYSA3D,正新鸡排·炸鸡烧烤(商学院店),美式/西式,False,C:品牌映射,brand:正新,鸡翅+鸡排,True,C:品牌映射,brand:正新,裹粉炸,False,C:品牌映射,brand:正新,原味,False,C:品牌映射,brand:正新,档口/摊位,False,C:品牌映射,brand:正新,10-15,A,巩义市,成功学院,口味:3.6 环境:3.7 服务:3.7,13,1,1,0,爆料鸡排_中国鸡排汉堡_正新大烤肠_香辣鸡排套_金锤翅根桶_金锤翅根,,
l5t3cj7ncAVzsb3l,铭记榨串吧,复合型,False,A:菜品直接证据,双拼,Unknown,False,D:无证据,,Unknown,False,D:无证据,,香辣,False,A:菜品直接证据,辣,Unknown,False,D:无证据,,10-15,A,巩义市,巩义市,,1,,,0,红糖冰粉_胡辣汤豆腐脑两掺_四拼小面包_双拼小蛋糕_椰香蓝莓,,
G7tVLWy1aaY251Zv,炸个串,Unknown,False,D:无证据,,Unknown,False,D:无证据,,Unknown,False,D:无证据,,Unknown,False,D:无证据,,堂食+外卖+团购,False,B:多字段组合,外卖:1/团购:1,Unknown,D,登封市,嵩阳公园,,,1,1,0,炸香菇_炸里脊肉_炸玉米_炸鱼豆腐_炸香肠_酥脆茄子片,,
k7o6luATICDh3aE8,怒饿铁板鸡腿,Unknown,False,D:无证据,,鸡腿,False,A:菜品直接证据,鸡腿,Unknown,False,D:无证据,,Unknown,False,D:无证据,,堂食+外卖+团购,False,B:多字段组合,外卖:1/团购:1,10-15,A,中原区,工大新校区,,,1,1,0,怒饿铁板鸡腿,,
l3h45RuFoZfmUmoa,丁小汐·韩式炸鸡(交通路店),韩式,False,C:店名推断,韩式,整鸡/大单品+鸡腿,True,A:菜品直接证据,脆皮鸡;鸡腿,裹粉炸,False,A:菜品直接证据,脆皮,Unknown,False,D:无证据,,含团购,False,B:团购字段,1,20-30,A,巩义市,宋陵公园,,,,1,0,爆款脆皮鸡腿,,
H4Ea2UruH8Q7qnK4,手撕烤鸭美味炸串,Unknown,False,D:无证据,,Unknown,False,D:无证据,,Unknown,False,D:无证据,,Unknown,False,D:无证据,,堂食+外卖+团购,False,B:多字段组合,外卖:1/团购:1,10-15,A,巩义市,宋陵公园,,,1,1,0,烧饼夹菜_炸鸭架整,,
Ga40aRDSQPACpxVx,黎太院炸鸡无限自助(奥特莱斯店),韩式,False,C:品牌映射,brand:黎太院,鸡块/鸡米花/鸡柳,False,C:品牌映射,brand:黎太院,裹粉炸,False,C:品牌映射,brand:黎太院,甜辣,False,C:品牌映射,brand:黎太院,堂食+外带,False,C:品牌映射,brand:黎太院,30-50,A,新郑市,奥特莱斯/锦艺城,口味:3.9 环境:3.9 服务:3.9,22,,,0,儿童炸鸡无限自助,,
l5IsH6hrPptWaHHZ,西瓜炸串铺,Unknown,False,D:无证据,,Unknown,False,D:无证据,,Unknown,False,D:无证据,,Unknown,False,D:无证据,,Unknown,False,D:无证据,,Unknown,D,巩义市,宋陵公园,,,,,0,,,
k807G3LrCwLb9CUX,语姑娘中国炸鸡,中式,False,C:店名推断,中国炸鸡,Unknown,False,D:无证据,,Unknown,False,D:无证据,,Unknown,False,D:无证据,,Unknown,False,D:无证据,,<10,A,新郑市,奥特莱斯/锦艺城,,,,,0,,,
l3vfx2yrg9erb3UU,爆掌柜生炸鸡架(丁香花园15号),中式,False,C:品牌映射,brand:爆掌柜,鸡腿+鸡架/锁骨/叉骨+鸡脖/其他部位,True,C:品牌映射,brand:爆掌柜,生炸/现炸,False,C:品牌映射,brand:爆掌柜,香辣,False,C:品牌映射,brand:爆掌柜,档口/摊位,False,C:品牌映射,brand:爆掌柜,10-15,A,巩义市,巩义市,口味:3.5 环境:3.5 服务:3.5,2,1,1,0,生炸鸡架_生炸小鸡腿_生炸蘑菇_脆炸蘑菇_生炸鸡叉骨_甘梅地瓜_生炸鸡腿肉_生炸鸡背肉_生炸鸡胗_生炸琵琶腿,,
H12ystJHhPN5qTmD,杜小伟炸鸡(新心花苑店),Unknown,False,D:无证据,,鸡腿+鸡架/锁骨/叉骨,True,A:菜品直接证据,鸡腿;鸡翅;鸡叉骨;鸡丁,Unknown,False,D:无证据,,Unknown,False,D:无证据,,堂食+外卖+团购,False,B:多字段组合,外卖:1/团购:1,10-15,A,巩义市,巩义市,,,1,1,0,炸蘑菇_美味鸡叉骨_招牌手枪腿,,
laLFyTCYfHEgxfo8,吉祥克,Unknown,False,D:无证据,,Unknown,False,D:无证据,,Unknown,False,D:无证据,,Unknown,False,D:无证据,,Unknown,False,D:无证据,,Unknown,D,巩义市,巩义市,,,,,0,,,
l8BxcVpYXzzWJuQ0,刘婉婉生炸妙龄鸡(丁香花园店),中式,False,C:品牌映射,brand:刘婉婉,整鸡/大单品+鸡架/锁骨/叉骨+鸡块/鸡米花/鸡柳,True,C:品牌映射,brand:刘婉婉,生炸/现炸,False,C:品牌映射,brand:刘婉婉,原味,False,C:品牌映射,brand:刘婉婉,档口/摊位,False,C:品牌映射,brand:刘婉婉,<10,A,巩义市,巩义市,口味:4.0 环境:4.0 服务:4.0,23,1,1,7,鸡背肉_黄金鸡肉卷_无骨辣子鸡_奶香地瓜条_现炸黄金鸡柳_生炸全鸡架_无骨上腿肉,,
l1TkPGasHg1uLOJw,马姑娘炸串拌饼布袋馍,Unknown,False,D:无证据,,Unknown,False,D:无证据,,Unknown,False,D:无证据,,Unknown,False,D:无证据,,堂食+外卖+团购,False,B:多字段组合,外卖:1/团购:1,<10,A,新郑市,工程学院/万佳,,,1,1,0,里脊肉片_牛肉丸子,,
l5jqf1o6op41SkHK,刘婉婉生炸妙龄鸡(工贸学院店),中式,False,C:品牌映射,brand:刘婉婉,鸡腿+鸡架/锁骨/叉骨+鸡块/鸡米花/鸡柳,True,C:品牌映射,brand:刘婉婉,生炸/现炸,False,C:品牌映射,brand:刘婉婉,原味,False,C:品牌映射,brand:刘婉婉,档口/摊位,False,C:品牌映射,brand:刘婉婉,<10,A,新郑市,工程学院/万佳,口味:4.0 环境:4.0 服务:4.0,18,1,1,6,鸡腿_鸡背肉_香骨琵琶腿_叉骨_现炸黄金鸡柳_奶香地瓜条_无骨上腿肉,,
H5Sff5pF5MZ31oBS,鸡柳大人(郑州新郑沙窝李店),中式,False,C:品牌映射,brand:鸡柳大人,整鸡/大单品+鸡腿+鸡架/锁骨/叉骨+鸡块/鸡米花/鸡柳,True,C:品牌映射,brand:鸡柳大人,生炸/现炸,False,C:品牌映射,brand:鸡柳大人,原味+香辣+蒜香+酱香,True,C:品牌映射,brand:鸡柳大人,档口/摊位,False,C:品牌映射,brand:鸡柳大人,10-15,A,新郑市,工程学院/万佳,口味:3.5 环境:3.5 服务:3.5,7,1,1,6,香辣里脊串_爆汁鸡腿_蒜香排骨_香酥鸡柳_蜜汁鸡锁骨_脆皮年糕_黑金鸡米花_香骨鸡_冰粉_掌中宝,,
G2b6c82X9C6TfIXt,御膳叉骨,中式,False,C:品牌映射,brand:御膳,鸡架/锁骨/叉骨,False,C:品牌映射,brand:御膳,生炸/现炸,False,C:品牌映射,brand:御膳,椒盐,False,C:品牌映射,brand:御膳,档口/摊位,False,C:品牌映射,brand:御膳,10-15,A,新郑市,工程学院/万佳,,,1,,0,,,
l25zq1WvpN8XkMnz,炸季炸串(郑老庄店),中式,False,C:品牌映射,brand:炸季,鸡架/锁骨/叉骨,False,C:品牌映射,brand:炸季,生炸/现炸,False,C:品牌映射,brand:炸季,香辣,False,C:品牌映射,brand:炸季,档口/摊位,False,C:品牌映射,brand:炸季,15-20,A,新郑市,工程学院/万佳,,,1,1,5,鲜嫩鸡肉_劲霸小面筋_芝麻脆烧饼_芝麻脆小酥饼_女神土豆粉_椒香小酥肉,,
l38doJvLD2SvBEng,临榆炸鸡腿(新郑工贸学院店),中式,False,C:品牌映射,brand:临榆,鸡腿,True,"C:店名推断(修正,优先于品牌映射)",brand:临榆,腌炸,False,C:品牌映射,brand:临榆,原味,False,C:品牌映射,brand:临榆,档口/摊位,False,C:品牌映射,brand:临榆,10-15,A,新郑市,工程学院/万佳,口味:3.5 环境:3.5 服务:3.5,1,,,6,脆皮手枪腿_豆皮鸡肉卷_招牌炸鸡腿_黄金鸡叉骨_炸全翅_香骨鸡,鸡排,brand_product_conflict
H4HU6uDjYhujikWp,新纳西炸鸡汉堡(商都路店),美式/西式,False,C:品牌映射,brand:新纳西,整鸡/大单品+鸡腿+鸡翅+鸡排+鸡块/鸡米花/鸡柳,True,C:品牌映射,brand:新纳西,裹粉炸,False,C:品牌映射,brand:新纳西,香辣+酸甜,True,C:品牌映射,brand:新纳西,外卖型,False,C:品牌映射,brand:新纳西,10-15,A,中牟县,人民医院,口味:3.5 环境:3.5 服务:3.5,2,1,1,0,脆皮大鸡腿_香辣鸡翅_霸王手枪腿_热咖啡_热果汁_盐酥鸡块_柳橙汁_鱼香肉丝盖浇饭_香雪鸡排_百事可乐拉罐,,
H2mvgkdgNOV2WVmQ,面香肉香串香,Unknown,False,D:无证据,,Unknown,False,D:无证据,,Unknown,False,D:无证据,,Unknown,False,D:无证据,,Unknown,False,D:无证据,,Unknown,D,金水区,人民路/紫荆山,,,,,0,,,
H9uLVgJEGhg52qJv,曹三绝新炸鸡炸鱼(金天地大厦店),中式,False,A:菜品直接证据,香酥鸡,整鸡/大单品,True,A:菜品直接证据,香酥鸡;鸡翅;叉骨;鸡米花,Unknown,False,D:无证据,,原味,True,A:菜品直接证据,香酥;甘梅,堂食+外卖+团购,False,B:多字段组合,外卖:1/团购:1,20-30,A,金水区,人民路/紫荆山,口味:3.8 环境:3.8 服务:3.8,17,1,1,0,炸鳕鱼_炸香菇_甘梅薯条_秘制带鱼_无刺龙利鱼_脆骨鸡块_小焦鱼_小河虾_孟记甘草味花生_崂山啤酒,,
H4aUWAacnPWdykMS,怪味炸鸡韩式炸鸡,韩式,False,C:店名推断,韩式,Unknown,False,D:无证据,,Unknown,False,D:无证据,,Unknown,False,D:无证据,,Unknown,False,D:无证据,,Unknown,D,二七区,二七区,,,,,0,,,
H3daiqXs6de1S6dk,0090炸鸡汉堡(西亚斯店),韩式,False,A:菜品直接证据,韩式,鸡翅+鸡块/鸡米花/鸡柳,True,A:菜品直接证据,鸡腿;全翅;鸡块,Unknown,False,D:无证据,,香辣,True,A:菜品直接证据,香辣;蜂蜜;黑椒;蜜汁;芥末,含外卖,False,B:外卖字段,1,15-20,A,新郑市,人民路,口味:3.5 环境:3.5 服务:3.5,4,1,,0,黄金半鸡_炸鸡盒_韩式无骨炸鸡_蜜汁手扒鸡_鸡肉卷_馋嘴翅尖_爆汁腿排_火柴粗薯_蜜汁全翅_黄金蝴蝶虾,,
G6WgXlvNiMUqozzT,夷门瑞恒斋炸鸡,Unknown,False,D:无证据,,鸡腿,True,A:菜品直接证据,鸡腿;翅根;鸡排;叉骨;鸡皮,Unknown,False,D:无证据,,香辣+酸甜,True,A:菜品直接证据,麻辣;菠萝,Unknown,False,D:无证据,,20-30,A,新郑市,人民路,,,,,0,甘梅薯条_半翅_大宋鸡排_小肉排_肉肉拼盘_锅巴土豆_兴盛德麻辣花生,,
G6MOEXrLCeF5XHGZ,WOOL韩式炸鸡(西亚斯店),韩式,False,A:菜品直接证据,韩式,鸡翅+鸡块/鸡米花/鸡柳,True,A:菜品直接证据,翅根;鸡米花,Unknown,False,D:无证据,,甜辣+椒盐+孜然+黑胡椒+酸甜+芥末,True,A:菜品直接证据,辣;蜂蜜;椒盐;孜然;黑椒;酸甜;芥末,含团购,False,B:团购字段,1,Unknown,D,新郑市,人民路,,,,1,0,火鸡面_笑脸薯饼_黑椒鸡块_招牌海苔饭_韩式酸甜炸鸡_黑鸡鸡块_蜂蜜芥末炸鸡_椒盐孜然炸鸡_秘制翅根_雪花啤酒,,
l8HwtmpZJVTojesu,新时沏奶茶·炸鸡(八千办事处店),地方特色,False,A:菜品直接证据,台式,Unknown,False,D:无证据,,Unknown,False,D:无证据,,Unknown,False,D:无证据,,含团购,False,B:团购字段,1,10-15,A,新郑市,人民路,口味:3.5 环境:3.5 服务:3.5,2,,1,0,生椰芋泥芒芒_台式纯肉肠_虎王纯肉肠_杨枝甘露霸王桶_茉香芋泥小丸子_黄金珍珠摇摇奶昔_蜜瓜摇摇奶昔_奇异果柠檬VC吨吨桶_吉拉朵奇异果_羽衣甘蓝奇异果,,
H2kjJs4NEfEBIBFI,多美士炸鸡汉堡(鑫苑店),美式/西式,False,C:品牌映射,brand:多美士,鸡腿+鸡块/鸡米花/鸡柳,True,C:品牌映射,brand:多美士,裹粉炸,False,C:品牌映射,brand:多美士,甜辣+酱香,True,C:品牌映射,brand:多美士,外卖型,False,C:品牌映射,brand:多美士,15-20,A,二七区,二七区,口味:3.7 环境:3.7 服务:3.7,35,1,1,21,奥尔良鸡腿堡_上校鸡块_脆皮小鸡腿_紫菜蛋花汤_拉丝芝士热狗棒_赤焰烤全腿_黑金鸡块_黄金粟米鸡小脆_带翅全腿_蟹黄堡,,
l6t7QG2PbGsGcRJo,蜜汁堡炸鸡饮品(郑州绿地城店),Unknown,False,D:无证据,,Unknown,False,D:无证据,,Unknown,False,D:无证据,,酱香,False,C:店名推断,蜜汁,含外卖,False,B:外卖字段,1,Unknown,D,二七区,二七区,,,1,,0,百香芒芒,,
kancEgFg9UX0w4Vu,小韩炸货铺,Unknown,False,D:无证据,,鸡腿+鸡块/鸡米花/鸡柳,True,A:菜品直接证据,鸡腿;鸡柳,Unknown,False,D:无证据,,酸甜,False,A:菜品直接证据,甘梅,含团购,False,B:团购字段,1,Unknown,D,金水区,人民路/紫荆山,,,,1,0,炸带鱼段_甘梅地瓜_炸鸡柳_炸鸡腿,,
H8IriQXG0TE9vRqM,延庆观炸鸡(顺河路店),中式,False,C:品牌映射,brand:延庆观,鸡腿+鸡翅,True,C:品牌映射,brand:延庆观,卤炸,False,C:品牌映射,brand:延庆观,香辣+酸甜,True,C:品牌映射,brand:延庆观,档口/摊位,False,C:品牌映射,brand:延庆观,15-20,A,金水区,人民路/紫荆山,口味:4.0 环境:4.0 服务:4.1,912,1,1,0,鸡腿肉_鸡翅根_鸡腿鸡翅_番茄酱每单限两包_全家桶_兴盛德麻辣花生_海之言_雪碧罐装_可蓝山泉_飞鱼苏打水饮料,,
l3YDKhcEq80VNGsy,辰辰炸铺(东里路新建楼店),Unknown,False,D:无证据,,鸡架/锁骨/叉骨,True,A:菜品直接证据,鸡叉骨;鸡米花;鸡爪,Unknown,False,D:无证据,,香辣,True,A:菜品直接证据,麻辣;橙,Unknown,False,D:无证据,,Unknown,D,金水区,人民路/紫荆山,,,,,0,冰镇可乐_蚕豆,,
k7lOzjqffbVE6Pwo,清真小马炸鸡(法院西街店),中式,False,C:品牌映射,brand:小马,整鸡/大单品+鸡翅+鸡架/锁骨/叉骨+鸡块/鸡米花/鸡柳,True,C:品牌映射,brand:小马,生炸/现炸,False,C:品牌映射,brand:小马,香辣+甜辣+酱香+酸甜,True,C:品牌映射,brand:小马,档口/摊位,False,C:品牌映射,brand:小马,15-20,A,金水区,人民路/紫荆山,口味:4.2 环境:4.1 服务:4.2,398,1,,0,上校鸡块_甘梅地瓜条_炸鸡翅中_烤鸡_奥尔良叉骨_兴盛德麻辣花生_兴盛德五香花生_鸡翅根_蚕豆_蜂蜜花生,,
H9xiXQEtUHwKi1Qf,二姐韩式炸鸡,韩式,False,A:菜品直接证据,韩式,整鸡/大单品+鸡排,True,A:菜品直接证据,烤鸡;鸡排,烤炸复合,False,A:菜品直接证据,烤鸡,Unknown,False,D:无证据,,含团购,False,B:团购字段,1,Unknown,D,新密市,京密高级中学,,,,1,0,红莲火疯狂烤鸡_韩式纯肉无骨下架_大脸鸡排汉堡,,
H1VBMUgotZ8BTQuD,宴遇爆蛋排骨饭(中牟天泽城店),Unknown,False,D:无证据,,Unknown,False,D:无证据,,Unknown,False,D:无证据,,Unknown,False,D:无证据,,含外卖,False,B:外卖字段,1,Unknown,D,中牟县,人民医院,,,1,,0,,,
l4kS4WoygtGlVkV7,满小满生炸鸡架,Unknown,False,D:无证据,,鸡腿+鸡架/锁骨/叉骨+鸡脖/其他部位,True,A:菜品直接证据,鸡腿;鸡架;鸡胗,生炸/现炸,False,A:菜品直接证据,生炸,蒜香,False,A:菜品直接证据,蒜香,堂食+外卖+团购,False,B:多字段组合,外卖:1/团购:1,10-15,A,中牟县,人民医院,,,1,1,0,爆汁小鸡腿_招牌生炸鸡架+饮料_生炸鸡腿肉_老式蒜香鸡叉骨_生炸鸡胗_生炸鸡背骨_招牌生炸鸡架_生炸鸡背肉_生炸鸡叉骨,,
l3huamj6l99DW4YQ,熊家无二·韩式炸鸡(中牟新城店),韩式,False,C:品牌映射,brand:熊家,鸡翅,False,C:品牌映射,brand:熊家,裹粉炸,False,C:品牌映射,brand:熊家,蒜香+孜然+酱香,True,C:品牌映射,brand:熊家,外卖型,False,C:品牌映射,brand:熊家,15-20,A,中牟县,人民医院,口味:3.7 环境:3.7 服务:3.7,17,1,1,2,西域孜然粉_韩式年糕_XR纯肉小份装_韩式辛拉面_鸡米花_无骨腿肉_泰椒酱_蒜香酱油_果饮_酱料,,
H8z8jmS9r29lzp2u,丫丫炒鸡(天泽城店),Unknown,False,D:无证据,,Unknown,False,D:无证据,,Unknown,False,D:无证据,,Unknown,False,D:无证据,,含外卖,False,B:外卖字段,1,Unknown,D,中牟县,人民医院,,,1,,0,,,
H9RtbyllhiXRlv17,韩味炸鸡·鸡柳卷饼(天泽城店),韩式,False,C:店名推断,韩味,鸡块/鸡米花/鸡柳,False,C:店名推断,鸡柳,Unknown,False,D:无证据,,Unknown,False,D:无证据,,含外卖,False,B:外卖字段,1,Unknown,D,中牟县,人民医院,,,1,,0,,,
l51Wf8weasGn6gXa,烤肉拌饭·鸡排饭,Unknown,False,D:无证据,,鸡排,False,C:店名推断,鸡排,Unknown,False,D:无证据,,Unknown,False,D:无证据,,堂食+外带,False,C:店名推断,烤肉,Unknown,D,中牟县,人民医院,,,1,,0,,,
l8FMgrvlRBTZt5eh,叫了只炸鸡(学苑路店),中式,False,C:品牌映射,brand:叫了只,鸡腿+鸡块/鸡米花/鸡柳,True,C:品牌映射,brand:叫了只,生炸/现炸,False,C:品牌映射,brand:叫了只,香辣+甜辣,True,C:品牌映射,brand:叫了只,外卖型,False,C:品牌映射,brand:叫了只,15-20,A,中牟县,人民医院,,1,1,,0,香辣鸡腿堡_霸王鸡柳_芝士热狗棒_牛肉堡_至珍七虾堡_澳洲皇家酸奶_果妙语芒果汁_新一代啤酒_带酱的炸鸡底味_韩式Q弹年糕,,
k7arFxQN3ktAnBvv,常福有中国炸鸡,中式,False,A:菜品直接证据,香酥鸡,整鸡/大单品+鸡翅,True,A:菜品直接证据,香酥鸡;翅根,裹粉炸,False,A:菜品直接证据,脆皮,原味,False,A:菜品直接证据,香酥,含外卖,False,B:外卖字段,1,Unknown,D,中牟县,人民医院,口味:3.6 环境:3.6 服务:3.6,7,1,,0,脆皮爆汁小翅根_香酥鸡拌翅_脆炸鮟鱇鱼,,
k2mFnnAWvYm5zkcx,烧饼夹菜炸串串,Unknown,False,D:无证据,,Unknown,False,D:无证据,,Unknown,False,D:无证据,,Unknown,False,D:无证据,,Unknown,False,D:无证据,,Unknown,D,中牟县,人民医院,,,,,0,,,
l4ilKdY1w9MTRsYV,许小许香酥炸鸡鸡蛋灌饼(蓝爵世家店),Unknown,False,D:无证据,,Unknown,False,D:无证据,,裹粉炸,False,C:店名推断,酥炸,原味,False,C:店名推断,香酥,含外卖,False,B:外卖字段,1,Unknown,D,中牟县,人民医院,口味:3.4 环境:3.5 服务:3.5,1,1,,0,鸡蛋灌饼,,
H4YxusHZiHDmk9bc,汉江里炸鸡(郑州人民路店),中式,True,A:菜品直接证据,脆皮炸鸡;韩国;美式,鸡块/鸡米花/鸡柳+鸡脖/其他部位,True,A:菜品直接证据,炸鸡块;鸡块;鸡爪,裹粉炸,False,A:菜品直接证据,脆皮,香辣+甜辣,True,A:菜品直接证据,香辣;蒜香;甜辣;酱油,堂食+外卖+团购,False,B:多字段组合,外卖:1/团购:1,30-50,A,管城回族区,人民路百盛,口味:4.2 环境:4.2 服务:4.3,619,1,1,0,芝士瀑布部队火锅_一米十拼_葱鸡_低卡酸奶酱_龙须奶香糍粑_韩国泡菜炸饺_火辣鸡爪_黑莓酪酪炸鸡块_解腻脆萝卜_美式粗薯,,
H5cTE6yhXw69Sp7h,马记烤冷面(营门街店),Unknown,False,D:无证据,,Unknown,False,D:无证据,,Unknown,False,D:无证据,,Unknown,False,D:无证据,,含外卖,False,B:外卖字段,1,Unknown,D,管城回族区,人民路百盛,口味:3.4 环境:3.4 服务:3.4,,1,,0,烤冷面,,
G3vIbEbjmI3JYXBf,喜胡同鲜炸鸡(健康路夜市店),Unknown,False,D:无证据,,整鸡/大单品+鸡腿+鸡架/锁骨/叉骨+鸡块/鸡米花/鸡柳,True,A:菜品直接证据,全鸡;鸡腿;鸡叉骨;鸡块,裹粉炸,True,A:菜品直接证据,脆皮;现做,原味,False,A:菜品直接证据,香酥,堂食+外卖+团购,False,B:多字段组合,外卖:1/团购:1,15-20,A,金水区,健康路/零零茂,口味:3.8 环境:3.6 服务:3.7,13,1,1,0,爆汁小鸡腿_无骨鸡块_爆汁鸡鲍鱼_爆汁鸡爆鱼_香酥脆皮全鸡_鸡鲍鱼_现做酸梅汤_焦香鸡叉骨_香酥平菇,,
H3GyCPPh9fMZUwoJ,遇见炸鸡,Unknown,False,D:无证据,,Unknown,False,D:无证据,,Unknown,False,D:无证据,,Unknown,False,D:无证据,,含外卖,False,B:外卖字段,1,30-50,A,中原区,儿童公园/凯旋门,,,1,,0,,,
k9XKW3NnwaOPzcEx,南仓街炸鸡烧鸡(汝河路店),中式,False,A:菜品直接证据,老式炸鸡,鸡腿,True,A:菜品直接证据,鸡腿;鸡翅,Unknown,False,D:无证据,,Unknown,False,D:无证据,,堂食+外卖+团购,False,B:多字段组合,外卖:1/团购:1,20-30,A,中原区,儿童公园/凯旋门,口味:3.6 环境:3.6 服务:3.6,7,1,1,0,无骨炸腿排_油炸烧鸡,,
laX8suNOvUAACSs1,故里炸鸡(中原新城店),复合型,False,A:菜品直接证据,摩登,整鸡/大单品+鸡翅,True,A:菜品直接证据,全鸡;鸡腿;鸡翅;鸡柳;鸡胗,裹粉炸,False,A:菜品直接证据,脆皮,香辣+甜辣+椒盐+酱香,True,A:菜品直接证据,香酥;辣;蒜香;蜂蜜;椒盐;蜜汁;糖醋,堂食+外卖+团购,False,B:多字段组合,外卖:1/团购:1,10-15,A,中原区,儿童公园/凯旋门,口味:3.9 环境:3.9 服务:4.0,10,1,1,1,流心豆腐_椒盐小伴翅_肉肉大剧场_盐酥杏鲍鱼菇_椒满香鸡骨_脆脆薯角_盐酥大鸡骨_蜜汁辣翅尖_蜂蜜腿肉条_摩登可乐,,
l5Tq9Y9qvZX8EB8Y,元掌门老式炸鸡(淮河路店),中式,False,C:品牌映射,brand:元掌门,鸡翅+鸡架/锁骨/叉骨+鸡脖/其他部位,True,C:品牌映射,brand:元掌门,生炸/现炸,False,C:品牌映射,brand:元掌门,香辣+蒜香,True,C:品牌映射,brand:元掌门,档口/摊位,False,C:品牌映射,brand:元掌门,15-20,A,中原区,儿童公园/凯旋门,口味:3.8 环境:3.9 服务:3.9,3,1,1,0,麻辣鸡架_鲜肉鸡叉骨_蒜香鸡翅_鸡肉棒_脆骨贝贝肉_焦香鸡胗_老式鸡叉骨,,
kaFRH0NzZyvhQfpN,阿里山台湾无骨香脆鸡柳(锦绣山河店),中式,False,A:菜品直接证据,香酥鸡,整鸡/大单品+鸡翅+鸡架/锁骨/叉骨+鸡块/鸡米花/鸡柳,True,A:菜品直接证据,香酥鸡;翅根;鸡叉骨;鸡柳,裹粉炸,False,A:菜品直接证据,酥炸,原味,False,A:菜品直接证据,香酥,含团购,False,B:团购字段,1,<10,A,二七区,亚星锦和广场,,1,,1,0,香酥翅根_秘制鸡叉骨_香酥鸡柳卷饼_香酥鸡柳汉堡_香酥鸡柳堡,,
H8N3yTL5aIXT5uro,浩运炸鸡,中式,False,A:菜品直接证据,香酥鸡,整鸡/大单品+鸡块/鸡米花/鸡柳,True,A:菜品直接证据,脆皮鸡;鸡翅;叉骨;鸡米花,裹粉炸,False,A:菜品直接证据,脆皮,原味,False,A:菜品直接证据,香酥,含外卖,False,B:外卖字段,1,Unknown,D,二七区,亚星锦和广场,,,1,,0,香酥鸡米花_无骨鸡柳,,
G2geMv65cp6joXpj,延庆观炸鸡(二七滨河店),中式,False,C:品牌映射,brand:延庆观,鸡腿+鸡块/鸡米花/鸡柳,True,C:品牌映射,brand:延庆观,卤炸,False,C:品牌映射,brand:延庆观,原味,False,C:品牌映射,brand:延庆观,档口/摊位,False,C:品牌映射,brand:延庆观,15-20,A,二七区,二七区,口味:3.5 环境:3.5 服务:3.5,3,1,1,0,炸鸡柳_炸琵琶腿_炸脆骨肉_炸黄金红薯条_炸整只鸡_一灌可乐,,
H68jdVlUaBa6rmJC,满巍明生炸鸡架(二七杉杉奥莱店),中式,False,C:品牌映射,brand:满巍明,鸡腿+鸡架/锁骨/叉骨+鸡脖/其他部位,True,C:品牌映射,brand:满巍明,生炸/现炸,False,C:品牌映射,brand:满巍明,香辣,False,C:品牌映射,brand:满巍明,档口/摊位,False,C:品牌映射,brand:满巍明,20-30,A,二七区,二七区,口味:4.0 环境:4.0 服务:4.0,41,1,1,19,生炸鸡架_究极鸡腿肉_超级鸡叉骨_巨炸甘梅地瓜_美味脆鸡胗_爽炸香鸡脖_飘香脆脆薯_脆皮小鸡腿_鸡腱腿_芝香藕条,,
l6dGPW7hv4nV7ppA,爱上叉骨炸鸡(荆胡店),中式,False,A:菜品直接证据,香酥鸡,整鸡/大单品,True,A:菜品直接证据,脆皮鸡;鸡腿;鸡翅;鸡叉骨;鸡柳,裹粉炸,False,A:菜品直接证据,脆皮,原味,True,A:菜品直接证据,香酥;番茄,堂食+外卖+团购,False,B:多字段组合,外卖:1/团购:1,10-15,A,二七区,二七区,口味:3.6 环境:3.7 服务:3.6,20,1,1,0,紫薯豌豆丸子_油炸大烤肠_甘梅薯条_优质台湾大烤肠_优质烤肠_正品台湾大烤肠两根,,
l6bX6OgXGpgcCivI,舔狗烧烤(泰宏建业国际城12号院店),Unknown,False,D:无证据,,Unknown,False,D:无证据,,Unknown,False,D:无证据,,Unknown,False,D:无证据,,Unknown,False,D:无证据,,30-50,A,二七区,二七区,口味:3.5 环境:3.5 服务:3.5,4,,,0,招牌蘸料不限量_海鲜丸_丸子_地摊酱焖大鹅_招牌牛排锅_竹蔗毛根马蹄水,,
H4E1ze0IX6cf3nK1,香酥炸鸡,Unknown,False,D:无证据,,Unknown,False,D:无证据,,裹粉炸,False,C:店名推断,酥炸,原味,False,C:店名推断,香酥,Unknown,False,D:无证据,,Unknown,D,二七区,二七区,,,,,0,,,
l5GoU4Tg9X7Mf1Gi,孙记火爆脆皮炸鸡(荆胡社区店),中式,True,A:菜品直接证据,香酥鸡;原味鸡,鸡架/锁骨/叉骨+鸡块/鸡米花/鸡柳,True,A:菜品直接证据,香酥鸡;鸡腿;鸡翅;鸡叉骨;鸡米花,裹粉炸,False,C:店名推断,脆皮,原味,False,A:菜品直接证据,原味,堂食+外卖+团购,False,B:多字段组合,外卖:1/团购:1,<10,A,二七区,二七区,口味:3.5 环境:3.6 服务:3.5,3,1,1,0,无骨鸡米花_原味龙骨脆_人气特色肉多小叉骨_无骨鸡柳,,
H7jDV4gC3NYoctZ4,小熊炸鸡(亚星环翠居店),Unknown,False,D:无证据,,Unknown,False,D:无证据,,Unknown,False,D:无证据,,Unknown,False,D:无证据,,含外卖,False,B:外卖字段,1,Unknown,D,二七区,二七区,,1,1,,0,,,
H4NDce4DNNsWAnd9,蔡老三香酥叉骨炸鸡,中式,False,A:菜品直接证据,香酥鸡,鸡腿+鸡架/锁骨/叉骨+鸡块/鸡米花/鸡柳+鸡脖/其他部位,True,A:菜品直接证据,香酥鸡;鸡腿;翅根;鸡排;叉骨;鸡柳;鸡皮,裹粉炸,False,A:菜品直接证据,脆皮,原味,True,A:菜品直接证据,香酥;甘梅,堂食+外卖+团购,False,B:多字段组合,外卖:1/团购:1,10-15,A,二七区,二七区,口味:3.4 环境:3.4 服务:3.4,44,1,1,0,龙骨脆_无骨鸡柳_雪花鸡柳半斤_甘梅薯条_黄金小叉骨_脆皮超大手枪腿_香脆炸鸡皮,,
F1FMzW3KJ8k3rHOt,,Unknown,False,D:无证据,,Unknown,False,D:无证据,,Unknown,False,D:无证据,,Unknown,False,D:无证据,,Unknown,False,D:无证据,,Unknown,D,二七区,,,,,,0,,,
l7adL4jJmP4fvnDT,没名炸串,Unknown,False,D:无证据,,鸡翅,True,A:菜品直接证据,鸡翅;鸡胗,Unknown,False,D:无证据,,Unknown,False,D:无证据,,Unknown,False,D:无证据,,20-30,A,二七区,二七区,口味:4.2 环境:3.8 服务:4.0,253,,,0,鸭肠_炸豆角_炸年糕_炸鱿鱼_青菜_鸡肉串_鸡胗_青椒_小馒头_鱿鱼头,,
G37BshHKllmRD0XO,叫了只炸鸡(锦绣山河店),中式,False,C:品牌映射,brand:叫了只,整鸡/大单品+鸡翅+鸡架/锁骨/叉骨,True,C:品牌映射,brand:叫了只,生炸/现炸,False,C:品牌映射,brand:叫了只,原味+香辣+甜辣+酱香,True,C:品牌映射,brand:叫了只,外卖型,False,C:品牌映射,brand:叫了只,15-20,A,二七区,亚星锦和广场,口味:3.7 环境:3.7 服务:3.7,16,,1,0,哈密瓜牛奶奶茶_藕盒_蜂蜜芥辣薯条_松子奶茶_奥尔良烤翅_香酥鸡叉骨_奥尔良叉骨_锅巴土豆_网红热狗芝士棒_鸡翅,,
GaTVrI1PttFZu2p7,首尔故事•韩式炸鸡(文化街店),韩式,False,A:菜品直接证据,韩式,鸡翅,False,A:菜品直接证据,翅根,Unknown,False,D:无证据,,Unknown,False,D:无证据,,堂食+外卖+团购,False,B:多字段组合,外卖:1/团购:1,15-20,A,新密市,五四广场/万客隆,,,1,1,0,招牌拼盘口味韩式炸鸡_明星翅根,,
G35s9ucGSaLlJTmX,胖李草本炸鸡,Unknown,False,D:无证据,,Unknown,False,D:无证据,,裹粉炸,False,A:菜品直接证据,脆炸,原味,False,A:菜品直接证据,原切,含外卖,False,B:外卖字段,1,50+,A,新密市,五四广场/万客隆,,,1,,0,香虾_自制卤水豆腐_意大利生菜_脆炸丸子_焖炒柴鸡_劲道鲜宽粉_原切牛板腱_老坛酸菜_谷饲后胸牛肉_草原羔羊肉卷,,
H4lP81Dazt3dZqRp,延庆观炸鸡(北密新路店),中式,False,C:品牌映射,brand:延庆观,整鸡/大单品+鸡翅+鸡架/锁骨/叉骨+鸡块/鸡米花/鸡柳,True,C:品牌映射,brand:延庆观,卤炸,False,C:品牌映射,brand:延庆观,原味+蒜香,True,C:品牌映射,brand:延庆观,档口/摊位,False,C:品牌映射,brand:延庆观,20-30,A,新密市,五四广场/万客隆,口味:3.8 环境:3.8 服务:3.8,201,1,1,0,牙签肉_炸鸡块_香酥鸡翅_翅中_翅根_秘制脆骨_胃动力_伊利优酸乳原味_怡宝纯水_蒜香鸡肉条,,
H1lTjpsc56K7eezs,正新鸡排·炸鸡烧烤(万嘉百汇店),美式/西式,False,C:品牌映射,brand:正新,整鸡/大单品+鸡翅+鸡排+鸡架/锁骨/叉骨+鸡块/鸡米花/鸡柳,True,C:品牌映射,brand:正新,裹粉炸,False,C:品牌映射,brand:正新,香辣+孜然,True,C:品牌映射,brand:正新,档口/摊位,False,C:品牌映射,brand:正新,10-15,A,二七区,亚星锦和广场,口味:3.5 环境:3.7 服务:3.7,60,1,1,0,大鸡肉串_大鸭肉串_正新香辣鸡排_正新大烤肠_爆料鸡排_雪花鸡柳_疯狂烤翅_虾堡_冰红茶气泡水_孜然锁骨串,,
H35W81KKnKZF266r,王先生蒜香炸鸡(淘气堡新天地店),Unknown,False,D:无证据,,Unknown,False,D:无证据,,Unknown,False,D:无证据,,蒜香,False,C:店名推断,蒜香,Unknown,False,D:无证据,,Unknown,D,二七区,亚星锦和广场,,,,,0,,,
H7g4BFJklmilSch5,多美士炸鸡汉堡(亚新新公馆店),美式/西式,False,C:品牌映射,brand:多美士,鸡腿+鸡块/鸡米花/鸡柳,True,C:品牌映射,brand:多美士,裹粉炸,False,C:品牌映射,brand:多美士,原味,False,C:品牌映射,brand:多美士,外卖型,False,C:品牌映射,brand:多美士,10-15,A,二七区,亚星锦和广场,口味:3.4 环境:3.4 服务:3.4,5,,1,21,真香翅盒_玉米布丁_劲脆鸡腿堡_墨西哥鸡肉卷_经典鸡米花_田园香蔬堡_至珍七虾堡_双层劲霸堡_芒果慕斯_玉米杯,,
G4vge26Fj8rtdxEy,咏巷老北京炸鸡,Unknown,False,D:无证据,,Unknown,False,D:无证据,,Unknown,False,D:无证据,,Unknown,False,D:无证据,,Unknown,False,D:无证据,,Unknown,D,新密市,青屏广场,口味:3.4 环境:3.4 服务:3.4,,,,0,,,
k4uJqW7oHZDGLeTA,箐筳荷叶烤鸡(郑州市新密市店),Unknown,False,D:无证据,,整鸡/大单品,False,C:店名推断,烤鸡,烤炸复合,False,C:店名推断,烤鸡,Unknown,False,D:无证据,,Unknown,False,D:无证据,,20-30,A,新密市,青屏广场,,,,,0,,,
H92FRdTweQD8Ss43,小辣椒炸串,Unknown,False,D:无证据,,Unknown,False,D:无证据,,Unknown,False,D:无证据,,香辣,False,C:店名推断,辣椒,含外卖,False,B:外卖字段,1,Unknown,D,新密市,青屏广场,,,1,,0,,,
FvwuhLsacUOgzIIq,箐箖·荷叶烤鸡(新密店),Unknown,False,D:无证据,,整鸡/大单品,False,A:菜品直接证据,烤鸡,烤炸复合,False,A:菜品直接证据,烤鸡,香辣+酱香,True,A:菜品直接证据,麻辣;蜜汁,堂食+外卖+团购,False,B:多字段组合,外卖:1/团购:1,15-20,A,新密市,青屏广场,,,1,1,0,麻辣荷叶烤鸡_五香荷叶烤鸡_蜜汁荷叶烤鸡_奥尔良荷叶烤鸡_叫花荷叶烤鸡,,
jrbIOhhv4QTYoNH1,大鹏香酥羊腿羊排,Unknown,False,D:无证据,,Unknown,False,D:无证据,,Unknown,False,D:无证据,,原味,False,C:店名推断,香酥,Unknown,False,D:无证据,,50+,A,新密市,青屏广场,,,,,0,,,
H4QFqU5ubf5Es590,语姑娘中国炸鸡,中式,False,C:店名推断,中国炸鸡,Unknown,False,D:无证据,,Unknown,False,D:无证据,,Unknown,False,D:无证据,,Unknown,False,D:无证据,,<10,A,新郑市,领秀城,,,,,0,,,
HaF5Ts9pPEzKqtQ0,吉上湟中国炸鸡汉堡,中式,False,C:店名推断,中国炸鸡,整鸡/大单品+鸡排,True,A:菜品直接证据,整鸡;鸡排,裹粉炸,True,A:菜品直接证据,脆皮;现炸,原味+香辣+酱香,True,A:菜品直接证据,原味;香辣;奥尔良,堂食+外卖+团购,False,B:多字段组合,外卖:1/团购:1,<10,A,二七区,长江中路沿线,口味:3.5 环境:3.6 服务:3.6,22,1,1,0,香辣鸡排堡_特色牛排堡_原味冰激凌_现炸薯条_脆皮鸡整鸡_奥尔良烤全鸡,,
H59NLkXOpoe5t3MK,芝士炸鸡拌面,韩式,False,C:店名推断,芝士炸鸡,Unknown,False,D:无证据,,Unknown,False,D:无证据,,甜辣,False,C:店名推断,芝士,含外卖,False,B:外卖字段,1,Unknown,D,二七区,长途客运总站,,,1,,0,,,
k73BopwQWoYLa08I,临榆炸鸡腿(碧云路店),中式,False,C:品牌映射,brand:临榆,鸡腿,True,"C:店名推断(修正,优先于品牌映射)",brand:临榆,腌炸,False,C:品牌映射,brand:临榆,原味,False,C:品牌映射,brand:临榆,档口/摊位,False,C:品牌映射,brand:临榆,10-15,A,二七区,长途客运总站,口味:3.8 环境:3.9 服务:3.9,5,1,1,16,鸡肉条_香酥琵琶腿_招牌炸鸡腿_黄金炸鸡架_黄金鸡叉骨_香骨鸡_楂楂鸡块_黄金炸蘑菇_黄金香骨鸡_豆皮鸡肉卷,鸡排,brand_product_conflict
FIFUpgFk06IytjuW,一木炸鸡,Unknown,False,D:无证据,,Unknown,False,D:无证据,,Unknown,False,D:无证据,,Unknown,False,D:无证据,,Unknown,False,D:无证据,,Unknown,D,二七区,长途客运总站,,,,,0,,,
G7Awk0MaE5Ukf3rV,韩式炸鸡,韩式,False,C:店名推断,韩式,Unknown,False,D:无证据,,Unknown,False,D:无证据,,Unknown,False,D:无证据,,Unknown,False,D:无证据,,15-20,A,金水区,凤凰城市广场,,,,,0,,,
k47Y4xTxlg2GegKs,延庆观炸鸡(凤凰城店),中式,False,C:品牌映射,brand:延庆观,整鸡/大单品+鸡腿+鸡排+鸡架/锁骨/叉骨+鸡块/鸡米花/鸡柳,True,C:品牌映射,brand:延庆观,卤炸,False,C:品牌映射,brand:延庆观,原味+香辣+甜辣,True,C:品牌映射,brand:延庆观,档口/摊位,False,C:品牌映射,brand:延庆观,10-15,A,金水区,凤凰城市广场,口味:3.6 环境:3.6 服务:3.6,23,1,1,0,脆骨肉_花花牛酸梅汤_尝鲜秘制叉骨_韩式无骨鸡块_美味炸鸡柳_奶香芝士打狗棒_香酥炸平菇_香酥鸡排_香辣鸡排_黄金小鸡腿,,
H7actG2nMIhPHb0R,美味炸鸡炸鱼(凤凰城店),韩式,False,A:菜品直接证据,韩式,鸡翅+鸡块/鸡米花/鸡柳+鸡脖/其他部位,True,A:菜品直接证据,炸鸡块;鸡腿;鸡翅;鸡叉骨;鸡米花;鸡皮,Unknown,False,D:无证据,,Unknown,False,D:无证据,,含外卖,False,B:外卖字段,1,15-20,A,金水区,凤凰城市广场,口味:3.4 环境:3.4 服务:3.4,2,1,,0,炸大虾_炸鸡翅_烧饼_年糕_鸡皮_炸鸡块_炸龙利鱼_鸡米花_炸小黄鱼,,
l3mI0d9COdA8SVpO,锦鸿酥鱼(凤凰幸福城购物中心店),Unknown,False,D:无证据,,鸡块/鸡米花/鸡柳,False,A:菜品直接证据,鸡柳,Unknown,False,D:无证据,,椒盐,False,A:菜品直接证据,椒盐,含团购,False,B:团购字段,1,20-30,A,金水区,凤凰城市广场,口味:3.5 环境:3.5 服务:3.5,10,,1,0,椒盐带鱼_椒盐酥鱼_椒盐鱼柳_椒盐红娘鱼_牙签鸡柳,,
G5oFGw4NGTCHghlq,夺魂小串(凤凰茶城店),Unknown,False,D:无证据,,鸡脖/其他部位,False,A:菜品直接证据,鸡胗,Unknown,False,D:无证据,,Unknown,False,D:无证据,,含团购,False,B:团购字段,1,<10,A,金水区,凤凰城市广场,,1,,1,0,红虾_纯牛肉_真牛肉_纯鸡肉_鸡脚筋串_小鸡胗,,
H2jU0CfhYupTT33n,汝·小柒韩式炸鸡,韩式,False,C:店名推断,韩式,Unknown,False,D:无证据,,Unknown,False,D:无证据,,Unknown,False,D:无证据,,Unknown,False,D:无证据,,Unknown,D,二七区,马寨镇,,,,,0,,,
G1mKBYPzEbPKZ1Iw,jimi·炸鸡(师新庄社区店),Unknown,False,D:无证据,,Unknown,False,D:无证据,,Unknown,False,D:无证据,,Unknown,False,D:无证据,,Unknown,False,D:无证据,,Unknown,D,中原区,高新区,,,,,0,,,
k3fzFCyMLmE9Ycmo,项师傅炸鸡汉堡(星光城店),Unknown,False,D:无证据,,整鸡/大单品+鸡腿+鸡排+鸡块/鸡米花/鸡柳,True,A:菜品直接证据,大鸡;鸡腿;鸡排;鸡米花,裹粉炸,True,A:菜品直接证据,脆皮;烤鸡,孜然+酸甜,True,A:菜品直接证据,香辣;孜然;甘梅,堂食+外卖+团购,False,B:多字段组合,外卖:1/团购:1,10-15,A,金水区,凤凰城/上悦城,口味:3.9 环境:3.8 服务:3.9,94,1,1,3,香脆鸡堡_超大鸡排_项师傅哆肉堡_汉堡加鸡肉卷_脆皮香蕉_甘梅地瓜条_哆肉堡_孜然鸡柳_项师傅大鸡排_脆皮小鸡腿,,
H8xRQlZsbivf1JIW,咕咕家炸鸡,Unknown,False,D:无证据,,鸡翅,False,A:菜品直接证据,鸡翅,Unknown,False,D:无证据,,Unknown,False,D:无证据,,堂食+外卖+团购,False,B:多字段组合,外卖:1/团购:1,20-30,A,新郑市,炎黄广场,口味:3.7 环境:3.7 服务:3.7,7,1,1,0,炸鸡翅中_招牌金枪鱼饭团_炸鸡翅根_年糕辛拉面,,
H4WbDxfTUrQ7kcrP,老王卤肉·炸鸡,Unknown,False,D:无证据,,Unknown,False,D:无证据,,Unknown,False,D:无证据,,Unknown,False,D:无证据,,Unknown,False,D:无证据,,Unknown,D,新郑市,炎黄广场,,,,,0,,,
H8tQnyiOEkoMHweQ,爆脾气生炸鸡架(新郑文化路店),Unknown,False,D:无证据,,鸡腿+鸡架/锁骨/叉骨+鸡脖/其他部位,True,A:菜品直接证据,鸡腿;鸡架;鸡柳;鸡胗,生炸/现炸,False,A:菜品直接证据,生炸,甜辣+椒盐,True,A:菜品直接证据,蜂蜜;椒盐;甘梅,堂食+外卖+团购,False,B:多字段组合,外卖:1/团购:1,10-15,A,新郑市,炎黄广场,口味:3.6 环境:3.6 服务:3.6,19,1,1,0,招牌蜂蜜鸡架三次卡_生炸鸡胗_招牌炸鸡架_生炸蘑菇_生炸伴翅_生炸脆骨鸡_椒盐架豆王_生炸杏鲍菇_香骨鸡腿_生炸架豆,,
l3WC0ZbUQeQiY6IX,语姑娘中国炸鸡(文化路店),中式,False,A:菜品直接证据,中式炸鸡,鸡腿+鸡架/锁骨/叉骨+鸡块/鸡米花/鸡柳,True,A:菜品直接证据,手枪腿;鸡叉骨;鸡柳,Unknown,False,D:无证据,,酸甜,False,A:菜品直接证据,甘梅,含团购,False,B:团购字段,1,<10,A,新郑市,炎黄广场,口味:3.4 环境:3.4 服务:3.4,4,,1,0,招牌鸡叉骨_鸡鲍鱼_中式炸鸡叉骨_琵琶腿_全场炸鸡_中式炸鸡柳_甘梅薯条_紫薯豌豆丸子_招牌手枪腿_土豆薯条,,
H8k05ywMZZ8t2XJ9,台湾无骨鸡柳(金帝商贸城店),Unknown,False,D:无证据,,鸡块/鸡米花/鸡柳,False,C:店名推断,鸡柳,裹粉炸,False,A:菜品直接证据,脆皮,原味,False,A:菜品直接证据,原味,含外卖,False,B:外卖字段,1,Unknown,D,新郑市,炎黄广场,,,1,,0,草莓奶茶_红豆饼_花生酥_肉松酥_咸小麻花_枣糕_板栗饼_桃酥_拿破仑糕点_哈密瓜奶茶,,
l1JSv5nNpzwGVhaa,叫了只炸鸡(炎黄广场店),中式,False,C:品牌映射,brand:叫了只,整鸡/大单品+鸡腿+鸡翅+鸡排+鸡块/鸡米花/鸡柳+鸡脖/其他部位,True,C:品牌映射,brand:叫了只,生炸/现炸,False,C:品牌映射,brand:叫了只,原味+香辣+甜辣,True,C:品牌映射,brand:叫了只,外卖型,False,C:品牌映射,brand:叫了只,15-20,A,新郑市,炎黄广场,,,1,1,0,裹酱无骨肉_叫香鸡米花_爆浆芝士鸡排_叫香鸡块_鸡翅包饭_大脸鸡排_麻辣鸡脖_秘制翅中_香酥鸡腿_美味薯条,,
HaK7b2686BN5ZMSD,正新鸡排(炎黄广场店),美式/西式,False,C:品牌映射,brand:正新,整鸡/大单品+鸡腿+鸡架/锁骨/叉骨+鸡块/鸡米花/鸡柳,True,C:品牌映射,brand:正新,裹粉炸,False,C:品牌映射,brand:正新,原味+甜辣+酸甜,True,C:品牌映射,brand:正新,档口/摊位,False,C:品牌映射,brand:正新,10-15,A,新郑市,炎黄广场,口味:3.4 环境:3.4 服务:3.4,1,1,,0,正新大肉串_原味奶茶_小鱿鱼串_香芋红薯丸子_拉丝芝士棒_盐酥鸡米花_正新鸡叉骨_甘梅薯条_香酥鸡腿堡_无骨鸡柳,,
k5OlTq5AAnq9gLb4,GeGe-韩式炸鸡,韩式,False,C:品牌映射,brand:GeGe,鸡块/鸡米花/鸡柳,False,C:品牌映射,brand:GeGe,裹粉炸,False,C:品牌映射,brand:GeGe,甜辣,False,C:品牌映射,brand:GeGe,外卖型,False,C:品牌映射,brand:GeGe,20-30,A,新郑市,炎黄广场,口味:4.0 环境:4.0 服务:4.0,21,1,1,0,单点韩式炸鸡_单点拼盘_脆皮肉枣肠_雪碧易拉罐_芬达易拉罐,,
kamHDXrJtRWcuxH9,串司令·卤油炸烤(丹尼斯店),Unknown,False,D:无证据,,Unknown,False,D:无证据,,Unknown,False,D:无证据,,Unknown,False,D:无证据,,含外卖,False,B:外卖字段,1,Unknown,D,中原区,锦艺城/王府井,,,1,,0,,,
ibTkxZDygSrJysNa,炸鸡炸鱼,中式,True,A:菜品直接证据,中式;甜辣炸鸡,鸡架/锁骨/叉骨,False,A:菜品直接证据,鸡架,Unknown,False,D:无证据,,香辣+甜辣+酱香,True,A:菜品直接证据,辣;甜辣;酱香,堂食+外卖+团购,False,B:多字段组合,外卖:1/团购:1,Unknown,D,中原区,锦艺城/王府井,,,1,1,0,中式五香炸鸡架_酱香甜辣炸鸡架_无刺鲷鱼_无刺鳕鱼_招牌鸡叉骨,,
H6zZnOMAAkhf5TXB,奥尔良炸鸡,Unknown,False,D:无证据,,整鸡/大单品+鸡腿+鸡架/锁骨/叉骨+鸡块/鸡米花/鸡柳+鸡脖/其他部位,True,A:菜品直接证据,脆皮鸡;琵琶腿;鸡叉骨;鸡柳;鸡心,裹粉炸,False,A:菜品直接证据,脆皮,酱香,False,A:菜品直接证据,奥尔良,含团购,False,B:团购字段,1,15-20,A,中牟县,锦荣悦汇城,口味:3.5 环境:3.5 服务:3.5,1,,1,0,肉多多鸡叉骨_奥尔良风味鸡柳_脆皮琵琶腿_脆皮鸡心,,
l5T8Q050FC03FYGt,爱炸咋滴·炸货铺,Unknown,False,D:无证据,,Unknown,False,D:无证据,,Unknown,False,D:无证据,,Unknown,False,D:无证据,,堂食+外卖+团购,False,B:多字段组合,外卖:1/团购:1,15-20,A,二七区,长城康桥华城,,,1,1,0,桶子鸡,,
l8wTPzPvuimTHF3o,曹师傅脆皮手撕香酥鸡鸭深海炸鱼(锦艺城分店),中式,False,C:店名推断,香酥鸡,整鸡/大单品,False,C:店名推断,香酥鸡,裹粉炸,False,C:店名推断,脆皮,原味,False,C:店名推断,香酥,堂食+外卖+团购,False,B:多字段组合,外卖:1/团购:1,10-15,A,中原区,锦艺城/王府井,,,1,1,0,炸无刺鳕鱼块_油炸带鱼_油炸扒皮鱼_油炸凤尾鱼,,
G7RuViwlBKH3yYeJ,光头炸串-焖面,Unknown,False,D:无证据,,Unknown,False,D:无证据,,Unknown,False,D:无证据,,Unknown,False,D:无证据,,含团购,False,B:团购字段,1,Unknown,D,中原区,锦艺城/王府井,口味:3.6 环境:3.6 服务:3.6,,,1,0,炸青椒_下饭菜_炸千叶豆腐_焖面_炸烧饼,,
l2JhpDTmChelYHYs,炸鸡姑娘韩式年糕火锅(百年德化店),韩式,False,A:菜品直接证据,韩式,鸡块/鸡米花/鸡柳,False,A:菜品直接证据,鸡块,Unknown,False,D:无证据,,蒜香+酱香,True,A:菜品直接证据,辣;蒜香;甜辣;黑椒;酱油;芥末,含外卖,False,B:外卖字段,1,20-30,A,二七区,火车站/二七广场,口味:3.9 环境:4.0 服务:4.0 食材:4.1,1912,1,,0,黄金地瓜条_海带豆腐汤_时蔬沙拉_海鲜年糕火锅_蒜香酱油炸鸡_泡菜汤_黄黄芒个果_红红酷小柚_白白柚见梨_海鲜豆腐汤,,
G2bE0w8vAcFyUBnq,JLML炸鸡,Unknown,False,D:无证据,,Unknown,False,D:无证据,,Unknown,False,D:无证据,,Unknown,False,D:无证据,,Unknown,False,D:无证据,,Unknown,D,中原区,高新区,,,,,0,,,
G1R71NALGHVv3soT,烤串炸鸡(太白路店),Unknown,False,D:无证据,,整鸡/大单品+鸡腿+鸡翅+鸡排+鸡脖/其他部位,True,A:菜品直接证据,大鸡;琵琶腿;翅根;鸡排;鸡皮,烤炸复合,False,A:菜品直接证据,烤鸡,Unknown,False,D:无证据,,堂食+外卖+团购,False,B:多字段组合,外卖:1/团购:1,Unknown,D,中原区,冉屯路/五龙口,,,1,1,0,美味翅根_玉米爆米花_手把鸡肉_烧饼厚_鲳鱼串_西葫芦串_烤藕片_烤鸡皮串_雪花鸡排串_炸琵琶腿,,
H35W7loINTj6GqER,金卤炸串(郑州店),Unknown,False,D:无证据,,Unknown,False,D:无证据,,腌炸,False,C:店名推断,卤炸,Unknown,False,D:无证据,,Unknown,False,D:无证据,,Unknown,D,中原区,冉屯路/五龙口,口味:3.5 环境:3.4 服务:3.4,7,,,0,炸串,,
G4KKJLbORbVUhTEU,鸡排多多(桐柏路店),美式/西式,False,A:菜品直接证据,原味鸡,鸡排+鸡块/鸡米花/鸡柳,True,A:菜品直接证据,鸡腿;鸡排;鸡米花,Unknown,False,D:无证据,,香辣+甜辣+黑胡椒,True,A:菜品直接证据,原味;香辣;甜辣;黑胡椒,堂食+外卖+团购,False,B:多字段组合,外卖:1/团购:1,10-15,A,中原区,冉屯路/五龙口,口味:3.5 环境:3.5 服务:3.5,18,1,1,0,爆珠奶茶_杨枝甘露_手抓饼_筋爆鸡米花_黑椒鸡块_焦脆雪花鸡柳_鸡排甜辣味_鸡排藤椒味_黄金红薯条_鸡排香辣味,,
G2U7DiEXeT2vEOdP,临榆炸鸡腿(郑州轻工业大学科学校区店),中式,False,C:品牌映射,brand:临榆,鸡腿,False,"C:店名推断(修正,优先于品牌映射)",brand:临榆,腌炸,False,C:品牌映射,brand:临榆,原味,False,C:品牌映射,brand:临榆,档口/摊位,False,C:品牌映射,brand:临榆,10-15,A,中原区,高新区,,,1,,0,,鸡排,brand_product_conflict
k8FefGznSfhCV2bP,喳小鸡,Unknown,False,D:无证据,,Unknown,False,D:无证据,,Unknown,False,D:无证据,,Unknown,False,D:无证据,,Unknown,False,D:无证据,,Unknown,D,中原区,高新区,,,,,0,,,
G5yCN1FPMRrBDztY,胡夫炸串,中式,False,C:品牌映射,brand:胡夫,鸡架/锁骨/叉骨,False,C:品牌映射,brand:胡夫,生炸/现炸,False,C:品牌映射,brand:胡夫,香辣,False,C:品牌映射,brand:胡夫,档口/摊位,False,C:品牌映射,brand:胡夫,15-20,A,中原区,高新区,,,1,,0,,,
Had20gBZUmPYweet,正新鸡排·炸鸡烧烤(绿都城鸡排店),美式/西式,False,C:品牌映射,brand:正新,整鸡/大单品+鸡翅+鸡排+鸡块/鸡米花/鸡柳,True,C:品牌映射,brand:正新,裹粉炸,False,C:品牌映射,brand:正新,原味+香辣,True,C:品牌映射,brand:正新,档口/摊位,False,C:品牌映射,brand:正新,10-15,A,中原区,高新区,口味:3.7 环境:3.9 服务:3.8,6,1,1,0,爆料鸡排_中国鸡排汉堡_香辣鸡排套_金锤翅根_大鸡肉串_正新大烤肠_吮指鸡块_原味大鸡排_金锤翅根桶,,
H8Rwh36oKqIZuJhI,盲盒鸡王,Unknown,False,D:无证据,,Unknown,False,D:无证据,,Unknown,False,D:无证据,,Unknown,False,D:无证据,,Unknown,False,D:无证据,,Unknown,D,新郑市,龙湖广场/升达大学,,,,,0,,,
k5j9zKXHiTIuwI8X,炸串爱拌饼(龙湖店),Unknown,False,D:无证据,,Unknown,False,D:无证据,,Unknown,False,D:无证据,,Unknown,False,D:无证据,,含外卖,False,B:外卖字段,1,Unknown,D,新郑市,龙湖广场/升达大学,,,1,,0,,,
l9pg0xYw5dte3u5Y,刘婉婉生炸妙龄鸡(升达学院店),中式,False,C:品牌映射,brand:刘婉婉,整鸡/大单品+鸡腿+鸡翅+鸡架/锁骨/叉骨+鸡脖/其他部位,True,C:品牌映射,brand:刘婉婉,生炸/现炸,False,C:品牌映射,brand:刘婉婉,原味,False,C:品牌映射,brand:刘婉婉,档口/摊位,False,C:品牌映射,brand:刘婉婉,<10,A,新郑市,龙湖广场/升达大学,口味:3.8 环境:3.8 服务:3.8,19,1,1,6,全鸡架_招牌爆汁无骨鸡腿肉_生炸翅中_生炸妙龄鸡_鸡背肉_香脆鸡胗_大手枪腿_炸叉骨_奶香地瓜条_香骨琵琶腿,,
EYCLnfnMQuObLbUN,特色炸串拌饼(粉浆·面条),Unknown,False,D:无证据,,Unknown,False,D:无证据,,Unknown,False,D:无证据,,Unknown,False,D:无证据,,含外卖,False,B:外卖字段,1,Unknown,D,新郑市,龙湖广场/升达大学,,,1,,0,,,
k8iti2Ohoqy0k4SQ,刘一掌炸鸡仓储运营中心,Unknown,False,D:无证据,,Unknown,False,D:无证据,,Unknown,False,D:无证据,,Unknown,False,D:无证据,,Unknown,False,D:无证据,,Unknown,D,新郑市,龙湖广场/升达大学,,,,,0,,,
l4uSKRL9g71ypfiI,鸡柳大人(昇达经贸管理学院店),中式,False,C:品牌映射,brand:鸡柳大人,整鸡/大单品+鸡架/锁骨/叉骨+鸡块/鸡米花/鸡柳,True,C:品牌映射,brand:鸡柳大人,生炸/现炸,False,C:品牌映射,brand:鸡柳大人,原味+酱香,True,C:品牌映射,brand:鸡柳大人,档口/摊位,False,C:品牌映射,brand:鸡柳大人,15-20,A,新郑市,龙湖广场/升达大学,口味:3.3 环境:3.3 服务:3.3,21,1,1,6,招牌三合一_鸡柳薯条年糕山药片四合一_山药片四合一_鸡柳年糕薯条山药片四合一_开花大香肠_香骨鸡_蜜汁鸡锁骨_掌中宝_黑金鸡米花_香酥鸡柳,,
G7DvO3T535zlmUFI,崔大人,Unknown,False,D:无证据,,Unknown,False,D:无证据,,Unknown,False,D:无证据,,Unknown,False,D:无证据,,含外卖,False,B:外卖字段,1,Unknown,D,新郑市,龙湖广场/升达大学,,,1,,0,,,
G3t6KhfQ8w9PEd82,鸡遇中式干煸鸡,中式,False,C:店名推断,中式,鸡翅+鸡脖/其他部位,True,A:菜品直接证据,鸡翅;鸡心,煸制,False,A:菜品直接证据,煸,香辣,False,A:菜品直接证据,麻辣,堂食+外卖+团购,False,B:多字段组合,外卖:1/团购:1,<10,A,管城回族区,黄河科技大学城,口味:3.5 环境:3.5 服务:3.5,3,1,1,0,干煸鸡翅根_干煸全家桶_干煸鸡贝贝_干煸麻辣鸡心,,
G7s9TTpXKtSxVxb2,爆脾气生炸鸡架(黄河科技学院店),Unknown,False,D:无证据,,鸡架/锁骨/叉骨+鸡块/鸡米花/鸡柳,True,A:菜品直接证据,鸡腿;鸡架;鸡柳,生炸/现炸,False,A:菜品直接证据,生炸,甜辣+椒盐+酸甜,True,A:菜品直接证据,蜂蜜;椒盐;甘梅,堂食+外卖+团购,False,B:多字段组合,外卖:1/团购:1,10-15,A,管城回族区,黄河科技大学城,口味:3.7 环境:3.7 服务:3.7,6,1,1,0,生炸伴翅_生炸鸡柳_招牌蜂蜜鸡架三次卡_甘梅地瓜_椒盐架豆王_生炸杏鲍菇,,
H336ZFzCqfrEmSnh,校堡王炸鸡汉堡(财大茂二店),美式/西式,False,C:品牌映射,brand:校堡王,鸡排,False,C:品牌映射,brand:校堡王,裹粉炸,False,C:品牌映射,brand:校堡王,原味,False,C:品牌映射,brand:校堡王,学校周边,False,C:品牌映射,brand:校堡王,15-20,A,金水区,龙子湖校区,,,1,1,0,蟹脚棒_香辣小腿,,
k43xIZTYBc5aCHCd,刘婉婉生炸妙龄鸡(姚桥店),中式,False,C:品牌映射,brand:刘婉婉,整鸡/大单品,False,C:品牌映射,brand:刘婉婉,生炸/现炸,False,C:品牌映射,brand:刘婉婉,原味,False,C:品牌映射,brand:刘婉婉,档口/摊位,False,C:品牌映射,brand:刘婉婉,<10,A,金水区,龙子湖校区,口味:3.6 环境:3.6 服务:3.6,8,1,1,12,鸡背肉_叉骨_奶香地瓜条_无骨上腿肉,,
l5HsSU0sOmLSq2Ji,口水鸡浓汁鸡煲饭(华水店),中式,False,C:品牌映射,brand:口水,鸡块/鸡米花/鸡柳,False,C:品牌映射,brand:口水,生炸/现炸,False,C:品牌映射,brand:口水,香辣,False,C:品牌映射,brand:口水,档口/摊位,False,C:品牌映射,brand:口水,Unknown,D,金水区,龙子湖校区,,,1,,0,,,
Dt9RgQwp7j2NgubR,上京城中国鸡排&饼汉堡(姚桥店),中式,True,A:菜品直接证据,脆皮炸鸡;台式,整鸡/大单品+鸡腿+鸡排+鸡块/鸡米花/鸡柳,True,A:菜品直接证据,大鸡;鸡腿;鸡排;鸡架;鸡米花,裹粉炸,True,A:菜品直接证据,脆皮;生炸,香辣+甜辣,True,A:菜品直接证据,香辣;芝士,堂食+外卖+团购,False,B:多字段组合,外卖:1/团购:1,10-15,A,金水区,龙子湖校区,口味:3.6 环境:3.6 服务:3.6,26,1,1,7,中国鳕鱼堡_招牌香辣鸡排_劲脆鸡米花_中国七虾堡_奶酪芝士鸡块_脆皮炸鸡腿_京城脆皮炸鸡腿_京城大鸡排_藤椒猪肉串_中国鸡腿堡,,
H1xMXKL1dynSGVrH,临榆炸鸡腿(河南牧业经济学院龙子湖校区店),中式,False,C:品牌映射,brand:临榆,鸡腿,False,"C:店名推断(修正,优先于品牌映射)",brand:临榆,腌炸,False,C:品牌映射,brand:临榆,原味,False,C:品牌映射,brand:临榆,档口/摊位,False,C:品牌映射,brand:临榆,10-15,A,金水区,龙子湖校区,口味:3.7 环境:3.7 服务:3.7,1,1,,16,脆皮手枪腿_开心薯饼,鸡排,brand_product_conflict
k7RwGWnmqYKhC81n,鲜炸鸡(财大三餐一楼店),Unknown,False,D:无证据,,Unknown,False,D:无证据,,生炸/现炸,False,C:店名推断,鲜炸,Unknown,False,D:无证据,,堂食+外卖+团购,False,B:多字段组合,外卖:1/团购:1,Unknown,D,金水区,龙子湖校区,,8,1,1,0,特惠薯条_小吃套_炸鸡全家桶,,
G6IhUnP8d5QoMBMQ,祥源美炸鸡肉夹馍,Unknown,False,D:无证据,,鸡架/锁骨/叉骨+鸡块/鸡米花/鸡柳+鸡脖/其他部位,True,A:菜品直接证据,琵琶腿;鸡翅;叉骨;鸡米花;鸡皮,Unknown,False,D:无证据,,原味,True,A:菜品直接证据,香酥;黑椒,含团购,False,B:团购字段,1,15-20,A,中原区,儿童公园/凯旋门,,4,,1,0,鸡皮_油炸鸡米花_五香牙签肉_油炸脆骨肉_炸鸡,,
H4JFeIY182T6lByt,百风大脸鸡排(汝河路店),Unknown,False,D:无证据,,鸡腿,True,A:菜品直接证据,鸡腿;鸡翅;鸡排;鸡块,Unknown,False,D:无证据,,黑胡椒+酸甜,True,A:菜品直接证据,黑胡椒;橙,堂食+外卖+团购,False,B:多字段组合,外卖:1/团购:1,10-15,A,中原区,儿童公园/凯旋门,口味:3.8 环境:3.8 服务:3.8,338,1,1,0,橙汁_黑胡椒_爆汁牛肉丸_墨鱼派_爱心鸡块_关东煮_大鱿鱼_盐切鸡_盐酥鸡_玉米甜心,,
G8cPGZ4H7DpjvhYY,徐记烧烤羊排火锅(汝河路店),Unknown,False,D:无证据,,Unknown,False,D:无证据,,Unknown,False,D:无证据,,Unknown,False,D:无证据,,Unknown,False,D:无证据,,50+,A,中原区,儿童公园/凯旋门,口味:4.2 环境:4.1 服务:4.1,165,,,0,方便面_荆芥变蛋_西凤酒_黄瓜变蛋_萝卜拼白菜_羊排砂锅_大闸蟹_红烧沙丁鱼_卤菜_羊筋,,
H3l0A0TWO2vHCUSV,沃沃鸡·香酥鸡柳卷饼,中式,False,A:菜品直接证据,香酥鸡,整鸡/大单品+鸡块/鸡米花/鸡柳,True,A:菜品直接证据,香酥鸡;鸡柳,Unknown,False,D:无证据,,原味,False,A:菜品直接证据,香酥,堂食+外卖+团购,False,B:多字段组合,外卖:1/团购:1,<10,A,巩义市,体育馆,口味:3.5 环境:3.5 服务:3.5,4,1,1,0,香酥鸡柳卷饼_沃沃鸡鸡柳卷饼,,
H1HrIcmpMx7pmhPf,王记炸鸡,Unknown,False,D:无证据,,整鸡/大单品+鸡架/锁骨/叉骨+鸡块/鸡米花/鸡柳,True,A:菜品直接证据,全鸡;叉骨;鸡丁,Unknown,False,D:无证据,,Unknown,False,D:无证据,,堂食+外卖+团购,False,B:多字段组合,外卖:1/团购:1,Unknown,D,巩义市,体育馆,,,1,1,0,小叉骨_炸大叉骨_全鸡_鸡丁,,
l4VOrSp1EPujFxqU,金闵熙韩式炸鸡,韩式,False,C:品牌映射,brand:金闵熙,鸡块/鸡米花/鸡柳,False,C:品牌映射,brand:金闵熙,裹粉炸,False,C:品牌映射,brand:金闵熙,甜辣,False,C:品牌映射,brand:金闵熙,外卖型,False,C:品牌映射,brand:金闵熙,10-15,A,巩义市,体育馆,,,,1,0,无骨炸鸡块_韩式无骨炸鸡块_进口火鸡面_无骨鸡块,,
lafngeOqKSPhquAu,源香炸鸡,中式,False,A:菜品直接证据,香酥鸡,整鸡/大单品+鸡腿+鸡翅+鸡块/鸡米花/鸡柳,True,A:菜品直接证据,大鸡;鸡腿;鸡翅;鸡米花,裹粉炸,False,A:菜品直接证据,酥炸,原味,False,A:菜品直接证据,香酥,含团购,False,B:团购字段,1,10-15,A,巩义市,体育馆,,,,1,0,王侯烧鸡_鸡米花_五香柴鸡_五香烧鸡_香酥炸鸡_香炸大鸡腿_香酥鸡翅根,,
H6eFiB70xhZXdUfo,炸鸡姑娘·韩式炸鸡(前进路店),韩式,False,A:菜品直接证据,韩式,鸡块/鸡米花/鸡柳,False,A:菜品直接证据,鸡米花,Unknown,False,D:无证据,,香辣+甜辣+黑胡椒,True,A:菜品直接证据,香辣;芝士;黑椒,含外卖,False,B:外卖字段,1,15-20,A,中原区,儿童公园/凯旋门,口味:3.8 环境:3.6 服务:3.6,110,1,,0,弹年糕_麻辣撒粉_榴莲芝士酱_黑椒撒粉_魔鬼辣酱_叽叽鸡肉_芬达瓶装_藤椒鸡米花_香辣留香肉串_网红锅巴土豆,,
G3AYMtkrsBxmbAnT,小伟炸鸡(园丁街店),Unknown,False,D:无证据,,鸡腿+鸡块/鸡米花/鸡柳+鸡脖/其他部位,True,A:菜品直接证据,鸡腿;翅尖;鸡叉骨;鸡丁;鸡爪,Unknown,False,D:无证据,,香辣,True,A:菜品直接证据,麻辣;甘梅,堂食+外卖+团购,False,B:多字段组合,外卖:1/团购:1,15-20,A,巩义市,体育馆,口味:3.4 环境:3.4 服务:3.4,28,1,1,0,招牌手枪腿_五香鸡爪_鸡胗子_卤鸡腿_炸鸡丁_肉肠_炸虾_鸭脖_炸无骨龙利鱼_五香烧鸡,,
G27ZygnaTExKp1GQ,满巍明生炸鸡架(探十里店),中式,False,C:品牌映射,brand:满巍明,整鸡/大单品+鸡腿+鸡架/锁骨/叉骨+鸡块/鸡米花/鸡柳+鸡脖/其他部位,True,C:品牌映射,brand:满巍明,生炸/现炸,False,C:品牌映射,brand:满巍明,香辣,False,C:品牌映射,brand:满巍明,档口/摊位,False,C:品牌映射,brand:满巍明,15-20,A,中原区,儿童公园/凯旋门,口味:4.5 环境:4.4 服务:4.4,515,1,1,19,美味脆鸡胗_超级鸡叉骨_究极鸡腿肉_生椰拿铁鸡腱腿_轰炸大鸡腿_鸡叉骨_生炸杏鲍菇_生椰拿铁鸡肋条_飘香脆脆薯_给力大鸡柳,,
l9db8e53ViqlgK7x,炸鸡小店(和昌澜景店),Unknown,False,D:无证据,,Unknown,False,D:无证据,,Unknown,False,D:无证据,,Unknown,False,D:无证据,,含外卖,False,B:外卖字段,1,Unknown,D,中原区,儿童公园/凯旋门,,,1,,0,,,
l7BcQPEowW7JvYWr,刘婉婉生炸妙龄鸡(巩义陇海路店),中式,False,C:品牌映射,brand:刘婉婉,整鸡/大单品,False,C:品牌映射,brand:刘婉婉,生炸/现炸,False,C:品牌映射,brand:刘婉婉,原味,False,C:品牌映射,brand:刘婉婉,档口/摊位,False,C:品牌映射,brand:刘婉婉,<10,A,巩义市,体育馆,口味:3.8 环境:3.8 服务:3.6,11,,1,7,鸡背肉_奶香地瓜条_现炸黄金鸡柳_无骨上腿肉,,
l21MQBa5I6m72ZLt,叫了只鸡(须水镇店),中式,False,C:品牌映射,brand:叫了只,鸡腿+鸡翅+鸡块/鸡米花/鸡柳,True,C:品牌映射,brand:叫了只,生炸/现炸,False,C:品牌映射,brand:叫了只,原味,False,C:品牌映射,brand:叫了只,外卖型,False,C:品牌映射,brand:叫了只,20-30,A,中原区,元通纺织城,,,1,,0,神奇的鸡_叫香鸡米花_翅翅的爱_小鸡腿_鸡翅包饭_魔法薯条_汇源冰红茶_紫薯丸子_虾球_紫薯球,,
k14dfxCH7FkLxSCo,黎太院韩式炸鸡(须水店),韩式,False,C:品牌映射,brand:黎太院,鸡块/鸡米花/鸡柳,False,C:品牌映射,brand:黎太院,裹粉炸,False,C:品牌映射,brand:黎太院,甜辣,False,C:品牌映射,brand:黎太院,堂食+外带,False,C:品牌映射,brand:黎太院,20-30,A,中原区,元通纺织城,,,1,,0,,,
G1I666TW2HdTHerd,满分炸串(华林广场店),韩式,False,A:菜品直接证据,韩式,Unknown,False,D:无证据,,Unknown,False,D:无证据,,香辣,False,A:菜品直接证据,香辣,含团购,False,B:团购字段,1,15-20,A,金水区,健康路/零零茂,口味:3.5 环境:3.5 服务:3.5,4,,1,0,招牌香辣龙虾尾_韩式烤肉串_满分鸡背肉_绝味大面筋,,
kauy7hOg2XVfK9Nj,张屯屯开花鸡腿(健康路店),中式,False,C:品牌映射,brand:张屯屯,整鸡/大单品+鸡腿+鸡翅+鸡架/锁骨/叉骨+鸡块/鸡米花/鸡柳,True,C:品牌映射,brand:张屯屯,生炸/现炸,False,C:品牌映射,brand:张屯屯,香辣+甜辣,True,C:品牌映射,brand:张屯屯,档口/摊位,False,C:品牌映射,brand:张屯屯,10-15,A,金水区,健康路/零零茂,口味:3.7 环境:3.7 服务:3.7,48,1,1,0,开花鸡腿_海苔鸡柳_招牌琵琶腿_麻辣锅巴土豆_黄金鸡翅根_甜麻辣生炸大鸡架_甜辣生炸大鸡架_甜辣生炸鸡架_脆皮鲜奶酥_糖心爆浆糍粑,,
l3aEKvAH0bIoXAW2,梁小仙烙馍卷面筋(健康路店),Unknown,False,D:无证据,,整鸡/大单品+鸡翅+鸡脖/其他部位,True,A:菜品直接证据,烤鸡;鸡翅;鸡爪,烤炸复合,False,A:菜品直接证据,烤鸡,黑胡椒,False,A:菜品直接证据,黑胡椒,堂食+外卖+团购,False,B:多字段组合,外卖:1/团购:1,10-15,A,金水区,健康路/零零茂,口味:4.0 环境:3.7 服务:3.7,28,1,1,0,鸡皮卷饼_爆汁大鱿鱼串_爆烤鸡心_烤鸡翅_网红鸡肉_爆烤鸡胗_铁板豆皮_爆烤香肠_烤秘制鸡爪_烤小黄鱼,,
l6ALfkCSG8PvCgaI,幺巴御膳叉骨(健康路店),中式,False,C:品牌映射,brand:御膳,鸡架/锁骨/叉骨,False,C:品牌映射,brand:御膳,生炸/现炸,False,C:品牌映射,brand:御膳,椒盐,False,C:品牌映射,brand:御膳,档口/摊位,False,C:品牌映射,brand:御膳,20-30,A,金水区,健康路/零零茂,口味:3.6 环境:3.5 服务:3.5,21,,1,0,特色鸡块_特色龙脆骨,,
l5x4Vhahj0e9nA9d,丁丁叉骨&炸鸡联盟(同乐路店),中式,False,A:菜品直接证据,中式炸鸡,鸡架/锁骨/叉骨+鸡块/鸡米花/鸡柳,True,A:菜品直接证据,鸡叉骨;鸡块,Unknown,False,D:无证据,,Unknown,False,D:无证据,,堂食+外卖+团购,False,B:多字段组合,外卖:1/团购:1,15-20,A,金水区,健康路/零零茂,口味:3.5 环境:3.5 服务:3.5,39,1,1,0,丁丁叉骨_炸蘑菇_秘制叉骨_鸡背肉_风味鸡块_新中式炸鸡_招牌鸡叉骨,,
l33y8Mlx6qSj7Mym,爆掌柜生炸鸡架(健康路店),中式,False,C:品牌映射,brand:爆掌柜,整鸡/大单品+鸡腿+鸡翅+鸡块/鸡米花/鸡柳+鸡脖/其他部位,True,C:品牌映射,brand:爆掌柜,生炸/现炸,False,C:品牌映射,brand:爆掌柜,香辣+酱香+酸甜,True,C:品牌映射,brand:爆掌柜,档口/摊位,False,C:品牌映射,brand:爆掌柜,10-15,A,金水区,大石桥/体育场,口味:3.9 环境:3.9 服务:3.8,171,1,1,11,生炸鸡胗_甘梅地瓜_生炸琵琶腿_手枪腿第二只半价_五香里脊肉夹饼_奥尔良腿排夹饼_咖喱鸡柳肉夹饼_生炸大鸡翅_香辣伴翅_麻辣伴翅,,
H9MVMkcRYtYjjIvX,正新鸡排·炸鸡烧烤(德化街友谊大厦店),美式/西式,False,C:品牌映射,brand:正新,整鸡/大单品+鸡翅+鸡排,True,C:品牌映射,brand:正新,裹粉炸,False,C:品牌映射,brand:正新,原味,False,C:品牌映射,brand:正新,档口/摊位,False,C:品牌映射,brand:正新,10-15,A,金水区,东建材,口味:3.7 环境:3.7 服务:3.6,20,,1,0,金锤翅根_中国鸡排汉堡_爆料鸡排_大鸡肉串_香辣鸡排套,,
G6e2OFLKWAbtixQU,胡夫炸串(健康路店),中式,False,C:品牌映射,brand:胡夫,鸡架/锁骨/叉骨,False,C:品牌映射,brand:胡夫,生炸/现炸,False,C:品牌映射,brand:胡夫,香辣,False,C:品牌映射,brand:胡夫,档口/摊位,False,C:品牌映射,brand:胡夫,30-50,A,金水区,健康路/零零茂,口味:3.7 环境:3.6 服务:3.7,39,1,1,0,招牌肉酱拌面_青柠酸菜土豆粉_当红辣子鸡_生炸鸡腿排_菌香乌鸡两掺_卤肥肠酸辣粉_麻酱砂锅土豆粉_金汤米线_鸡丝凉面_菌香乌鸡土豆粉,,
HaRQbTHHjHbRc3vq,喜姥姥乐山炸串铺(郑州健康路店),Unknown,False,D:无证据,,整鸡/大单品+鸡腿+鸡排,True,A:菜品直接证据,大鸡;鸡腿;鸡排;鸡块,裹粉炸,False,A:菜品直接证据,脆皮,香辣+甜辣,True,A:菜品直接证据,麻辣;甜辣;椒麻,堂食+外卖+团购,False,B:多字段组合,外卖:1/团购:1,10-15,A,金水区,健康路/零零茂,口味:3.6 环境:3.6 服务:3.6,5,1,1,0,鸭肠_酸萝卜炸串拌饼_拉丝芝士棒_淀粉肠_成都酸辣粉_苕皮包酸豆角_带骨辣子鸡_藤椒大鸡腿_金丝鸡排_招牌带骨辣子鸡,,
G4IsSgMWVOfLVS1O,鸡柳大人(健康路店),中式,False,C:品牌映射,brand:鸡柳大人,鸡块/鸡米花/鸡柳,False,C:品牌映射,brand:鸡柳大人,生炸/现炸,False,C:品牌映射,brand:鸡柳大人,椒盐,False,C:品牌映射,brand:鸡柳大人,档口/摊位,False,C:品牌映射,brand:鸡柳大人,10-15,A,金水区,健康路/零零茂,口味:3.7 环境:3.5 服务:3.6,1,1,,36,四合一（小桶）,,
k5s70LhgMamkppg5,正新鸡排(运城上河店),美式/西式,False,C:品牌映射,brand:正新,鸡腿+鸡翅+鸡块/鸡米花/鸡柳,True,C:品牌映射,brand:正新,裹粉炸,False,C:品牌映射,brand:正新,甜辣+酱香+酸甜,True,C:品牌映射,brand:正新,档口/摊位,False,C:品牌映射,brand:正新,10-15,A,中原区,元通纺织城,口味:3.5 环境:3.5 服务:3.5,9,1,1,0,正新猪肉串_奥尔良鸡腿堡_菠萝汁_秘制鸭肠_疯狂烤翅_开花肠_鸡柳_拉丝芝士棒_小鱿鱼串_小牛肉串,,
l8yR4HuvOrpVZ4zT,麦德香脆皮炸鸡(汝河路店),中式,False,A:菜品直接证据,脆皮炸鸡,整鸡/大单品+鸡腿+鸡排+鸡块/鸡米花/鸡柳,True,A:菜品直接证据,嫩鸡;鸡腿;鸡排;鸡米花,裹粉炸,False,A:菜品直接证据,脆皮,甜辣+黑胡椒+酸甜,True,A:菜品直接证据,芝士;黑胡椒;番茄,含团购,False,B:团购字段,1,10-15,A,中原区,儿童公园/凯旋门,口味:3.5 环境:3.5 服务:3.5,50,,1,0,焦嫩鸡柳_川香鸡柳_香虾堡_酥皮大琵琶腿_骨肉相连_大脸鸡排_芝士的大脸鸡排_蓝莓味儿的大脸鸡排_番茄味儿的大脸鸡排_黑胡椒味儿的大脸鸡排,,
l1jn7VIyqz8CIEyq,正新鸡排(睿海店),美式/西式,False,C:品牌映射,brand:正新,鸡翅+鸡脖/其他部位,True,C:品牌映射,brand:正新,裹粉炸,False,C:品牌映射,brand:正新,原味,False,C:品牌映射,brand:正新,档口/摊位,False,C:品牌映射,brand:正新,10-15,A,中原区,儿童公园/凯旋门,口味:3.4 环境:3.4 服务:3.4,33,1,1,0,烤香肠_正新顺益哆乳酸菌_正新秘制鸭肠_俄罗斯肉串_阿拉伯烤肉串_疯狂烤翅_巴西香辣鸡胗串_正新奶茶_正新小鸭胗_正新小牛肉串,,
k2LmpoR4uyINzB31,福味源炸鸡店,Unknown,False,D:无证据,,鸡翅+鸡脖/其他部位,True,A:菜品直接证据,鸡翅;鸡爪,Unknown,False,D:无证据,,Unknown,False,D:无证据,,Unknown,False,D:无证据,,20-30,A,巩义市,体育馆,口味:3.9 环境:3.9 服务:3.9,10,,,0,翅根_鸡皮_卤鸡爪_鸡翅尖,,
H4Y71TqcYMtz7ggn,黎太院·韩式炸鸡(巩义店),韩式,False,C:品牌映射,brand:黎太院,鸡块/鸡米花/鸡柳,False,C:品牌映射,brand:黎太院,裹粉炸,False,C:品牌映射,brand:黎太院,甜辣,False,C:品牌映射,brand:黎太院,堂食+外带,False,C:品牌映射,brand:黎太院,50+,A,巩义市,体育馆,口味:3.4 环境:3.4 服务:3.4,4,,,0,面包卷_辣椒炒牛肉_手工捞面_爆辣韩式火鸡面_爆辣韩式火鸡面酥酥糯糯年糕_嫩脆小翅根_酥酥糯糯年糕,,
G758IfQGJ8Qiy8uo,小树家炸串店,Unknown,False,D:无证据,,鸡块/鸡米花/鸡柳,False,A:菜品直接证据,鸡块,裹粉炸,False,A:菜品直接证据,脆皮,香辣,False,A:菜品直接证据,香辣,堂食+外卖+团购,False,B:多字段组合,外卖:1/团购:1,15-20,A,巩义市,体育馆,口味:3.9 环境:3.9 服务:3.9,14,1,1,0,撒尿牛肉丸_大号淀粉肠外焦里嫩_猪肉豆角焖面_炸苕皮串_紫薯豌豆丸子_鱼丸_火龙串_五星鸡块_鱼棒_牛排,,
i8j5Ky3KDkYF7cmz,二胖米线炸串,Unknown,False,D:无证据,,Unknown,False,D:无证据,,Unknown,False,D:无证据,,Unknown,False,D:无证据,,Unknown,False,D:无证据,,Unknown,D,巩义市,体育馆,口味:3.4 环境:3.4 服务:3.4,1,,,0,,,
l5bKkik8kwaKOesq,KimMin-HEE韩式炸鸡(安乐街店),韩式,False,A:菜品直接证据,韩式,鸡块/鸡米花/鸡柳,False,A:菜品直接证据,鸡块,Unknown,False,D:无证据,,甜辣+酱香,True,A:菜品直接证据,芝士;酱料,含团购,False,B:团购字段,1,20-30,A,巩义市,体育馆,口味:3.6 环境:3.6 服务:3.6,6,,1,0,无骨鸡块_进口火鸡面_炸地瓜丸_韩式酱料_拉丝雪花芝士丸子_单人可乐特惠_炸鱼豆腐,,
k43L3zqiM6xHzjRr,夸父炸串(郑州探十里店),中式,False,C:品牌映射,brand:夸父,整鸡/大单品+鸡腿+鸡架/锁骨/叉骨,True,C:品牌映射,brand:夸父,生炸/现炸,False,C:品牌映射,brand:夸父,香辣,False,C:品牌映射,brand:夸父,档口/摊位,False,C:品牌映射,brand:夸父,15-20,A,中原区,儿童公园/凯旋门,口味:3.9 环境:3.9 服务:3.9,120,1,1,2,嫩嫩鸡肉串_生炸鸡腿排_生炸鸡架_鱿鱼龙爪须_甜甜玉米粒_开花火腿肠_招牌掌中宝_蝴蝶结豆扣串_旋风大面筋_灵魂伴侣酸辣粉,,
H66NZZ02TrljmQHa,汉堡炸鸡饮品小吃,Unknown,False,D:无证据,,Unknown,False,D:无证据,,Unknown,False,D:无证据,,Unknown,False,D:无证据,,Unknown,False,D:无证据,,Unknown,D,惠济区,北大学城,,,,,0,,,
H14OudCqB3LXu09G,品味韩式炸鸡·炸鱼(俪水店),韩式,False,C:店名推断,韩式,整鸡/大单品+鸡腿+鸡架/锁骨/叉骨+鸡块/鸡米花/鸡柳,True,A:菜品直接证据,脆皮鸡;鸡腿;鸡叉骨;鸡块,裹粉炸,False,A:菜品直接证据,脆皮,原味+香辣+黑胡椒+酸甜,True,A:菜品直接证据,香酥;香辣;孜然;黑胡椒;番茄,含外卖,False,B:外卖字段,1,<10,A,惠济区,北大学城,,,1,,0,干炸小海虾_炸薯条_黑椒鸡块_甘梅红薯条_黑胡椒烤香肠_香辣扒皮鱼_特色鸡脆骨_招牌鸡叉骨_香酥脆皮鸡腿_低脂养生蔬果沙拉,,
laRlQ2TFcbMbDXMt,韩黎院韩式炸鸡汉堡,韩式,False,C:品牌映射,brand:韩黎院,鸡块/鸡米花/鸡柳,False,C:品牌映射,brand:韩黎院,裹粉炸,False,C:品牌映射,brand:韩黎院,甜辣,False,C:品牌映射,brand:韩黎院,堂食+外带,False,C:品牌映射,brand:韩黎院,20-30,A,惠济区,北大学城,口味:3.4 环境:3.4 服务:3.4,6,1,1,0,,,
H7UxSTMRLwfcwAsP,赛可赛西汉堡炸鸡(增福街店),美式/西式,False,A:菜品直接证据,吮指,鸡腿,True,A:菜品直接证据,鸡腿;鸡块,Unknown,False,D:无证据,,香辣+孜然+酱香,True,A:菜品直接证据,香辣;孜然;奥尔良,含外卖,False,B:外卖字段,1,15-20,A,中牟县,刘集镇,口味:3.4 环境:3.4 服务:3.4,3,1,,0,水果披萨_鸡肉焖面_香辣牛肉焖面_孜然牛肉炒饭_孜然鸡柳_奥尔良烤腿堡_玉米杯_草莓味奶茶_香芋味奶茶_热咖啡,,
ESGGSpbySvbNpYw9,正新鸡排·炸鸡烧烤(美景欢乐广场店),美式/西式,False,C:品牌映射,brand:正新,鸡排,False,C:品牌映射,brand:正新,裹粉炸,False,C:品牌映射,brand:正新,原味,False,C:品牌映射,brand:正新,档口/摊位,False,C:品牌映射,brand:正新,10-15,A,惠济区,北大学城,口味:3.9 环境:3.9 服务:3.9,63,1,1,0,正新烤肠,,
G5N99KckvJqt5Tfv,正新鸡排·炸鸡烧烤(牧业学院鸡排店),美式/西式,False,C:品牌映射,brand:正新,整鸡/大单品+鸡排,True,C:品牌映射,brand:正新,裹粉炸,False,C:品牌映射,brand:正新,原味,False,C:品牌映射,brand:正新,档口/摊位,False,C:品牌映射,brand:正新,10-15,A,惠济区,北大学城,口味:3.9 环境:3.7 服务:3.9,16,,1,0,香辣鸡排套_大鸡肉串_爆料鸡排_正新大烤肠_欢乐炸鸡桶_中国鸡排汉堡,,
k3cd1vtrQrfJr0ay,临榆炸鸡腿(郑州师范北门店),中式,False,C:品牌映射,brand:临榆,鸡腿,True,"C:店名推断(修正,优先于品牌映射)",brand:临榆,腌炸,False,C:品牌映射,brand:临榆,原味,False,C:品牌映射,brand:临榆,档口/摊位,False,C:品牌映射,brand:临榆,10-15,A,惠济区,北大学城,,6,1,1,16,红豆饼_招牌炸鸡腿_炸全翅_豆皮肉卷_黄金鸡叉骨_黄金香骨鸡_鲜肉饼_脆皮手枪腿_香骨鸡_香酥琵琶腿,鸡排,brand_product_conflict
l6xotv9cX0Bd4IjQ,延庆观炸鸡(天地湾店),中式,False,C:品牌映射,brand:延庆观,整鸡/大单品,False,C:品牌映射,brand:延庆观,卤炸,False,C:品牌映射,brand:延庆观,原味+黑胡椒,True,C:品牌映射,brand:延庆观,档口/摊位,False,C:品牌映射,brand:延庆观,15-20,A,惠济区,北大学城,口味:3.6 环境:3.6 服务:3.6,15,1,1,0,兴盛德花生_冰露矿泉水_康师傅水蜜桃_香飘飘奶茶_天方方便面_骨肉相连_黑胡椒粉_茉莉蜜茶_醒目_天方香酥米,,
FqOVtuB0hffrmsBG,张屯屯开花鸡腿(英才街店),中式,False,C:品牌映射,brand:张屯屯,鸡腿+鸡排+鸡架/锁骨/叉骨+鸡块/鸡米花/鸡柳,True,C:品牌映射,brand:张屯屯,生炸/现炸,False,C:品牌映射,brand:张屯屯,原味,False,C:品牌映射,brand:张屯屯,档口/摊位,False,C:品牌映射,brand:张屯屯,10-15,A,惠济区,北大学城,口味:3.6 环境:3.6 服务:3.6,12,1,1,0,焦香鸡叉骨_糖心爆浆糍粑_囤囤鸡排_海苔鸡柳_手工鲜切鸡柳_炸鸡锅包肉_牛奶雪花酪_冰镇乌梅汁_招牌鸡块_开花鸡腿,,
l4KiPDnUVsnbikxP,叫了只炸鸡(北大学城店),中式,False,C:品牌映射,brand:叫了只,鸡腿+鸡翅,True,C:品牌映射,brand:叫了只,生炸/现炸,False,C:品牌映射,brand:叫了只,原味+香辣+酱香,True,C:品牌映射,brand:叫了只,外卖型,False,C:品牌映射,brand:叫了只,20-30,A,惠济区,北大学城,口味:3.5 环境:3.5 服务:3.5,16,1,1,0,香辣鸡腿堡_翅根一箩筐_炸鸡_老北京鸡肉卷_大福_鸡的朋友圈_香酥双层牛肉堡_奥尔良腿排堡_脆皮香芋派_脆皮红豆派,,
G1kRiCElLmJcGZQe,延庆观炸鸡(杨庄惠弘新园店),中式,False,C:品牌映射,brand:延庆观,整鸡/大单品,False,C:品牌映射,brand:延庆观,卤炸,False,C:品牌映射,brand:延庆观,原味,False,C:品牌映射,brand:延庆观,档口/摊位,False,C:品牌映射,brand:延庆观,15-20,A,惠济区,北大学城,口味:3.4 环境:3.4 服务:3.4,4,1,,0,,,
l60IwHLfokwirYkY,台式炸鸡烤肉拌饭,中式,True,A:菜品直接证据,香酥鸡;泰式,整鸡/大单品,True,A:菜品直接证据,大鸡;鸡排;鸡米花,Unknown,False,D:无证据,,香辣+孜然+酱香+酸甜,True,A:菜品直接证据,香酥;香辣;孜然;黑椒;照烧;番茄,堂食+外带,False,C:店名推断,烤肉,10-15,A,惠济区,北大学城,口味:3.9 环境:3.9 服务:3.9,13,1,1,0,藤椒鸡米花_泰式香辣炸鸡_叉烧炸鸡饭_叉烧烤肉饭_咖喱牛肉饭_孜然炸鸡饭_沙拉烤肉拌饭_泰式烤肉拌饭_照烧烤肉拌饭_番茄烤肉拌饭,,
G6pCg0VbXJSn9iTj,第一部落烤串(金达路福都广场店),地方特色,False,A:菜品直接证据,台式,整鸡/大单品+鸡排+鸡架/锁骨/叉骨,True,A:菜品直接证据,大鸡;鸡腿;鸡排;鸡架;鸡柳,生炸/现炸,False,A:菜品直接证据,生炸,甜辣,False,A:菜品直接证据,芝士,堂食+外卖+团购,False,B:多字段组合,外卖:1/团购:1,10-15,A,惠济区,北大学城,口味:3.5 环境:3.6 服务:3.6,15,1,1,0,精品五花肉串_脆香大鸡排_生炸大鸡架_美味棒棒鸡_美味芝士棒_黄金烤饼_台式大烤肠_深海鱿鱼板_部落纯肉旸_青花椒猪肉串,,
l20N5vkLEjwli2ZV,鸡柳大人(北大学城店),中式,False,C:品牌映射,brand:鸡柳大人,整鸡/大单品+鸡腿+鸡块/鸡米花/鸡柳,True,C:品牌映射,brand:鸡柳大人,生炸/现炸,False,C:品牌映射,brand:鸡柳大人,椒盐,False,C:品牌映射,brand:鸡柳大人,档口/摊位,False,C:品牌映射,brand:鸡柳大人,10-15,A,惠济区,北大学城,口味:3.8 环境:3.8 服务:3.8,26,1,1,36,鸡柳薯条年糕三合一_精品三合一特_香酥鸡柳_冰粉_香酥鸡柳烤饼_原切薯条_爆汁大鸡腿_红薯叶年糕,,
laSQwR8LHS1I0uzt,邱小文酥饼里脊,Unknown,False,D:无证据,,Unknown,False,D:无证据,,Unknown,False,D:无证据,,Unknown,False,D:无证据,,含团购,False,B:团购字段,1,<10,A,惠济区,北大学城,,6,,1,0,酥饼里脊_鸡蛋,,
G97vkkf081kQZCNr,口水鸡排·汉堡·炸鸡·饮品(月湖广场店),中式,False,C:品牌映射,brand:口水,整鸡/大单品+鸡排,True,C:品牌映射,brand:口水,生炸/现炸,False,C:品牌映射,brand:口水,酱香+酸甜,True,C:品牌映射,brand:口水,档口/摊位,False,C:品牌映射,brand:口水,10-15,A,惠济区,北大学城,口味:3.9 环境:3.9 服务:3.9,224,1,1,5,大鸡排_椰果奶茶_红薯条_美食_韩式炸鸡_有理想的鸡_照烧脆皮鸡排拌饭_牛肉堡_海苔肉松薯_白雪椰椰薯,,
l4L7ixHssc1exfGZ,咖喱の炸鸡拌饭,Unknown,False,D:无证据,,Unknown,False,D:无证据,,Unknown,False,D:无证据,,Unknown,False,D:无证据,,Unknown,False,D:无证据,,Unknown,D,惠济区,北大学城,,1,,,0,,,
l34myacRMn4xGCBa,恩施宋鸭子(英才街店),Unknown,False,D:无证据,,Unknown,False,D:无证据,,Unknown,False,D:无证据,,Unknown,False,D:无证据,,堂食+外卖+团购,False,B:多字段组合,外卖:1/团购:1,20-30,A,惠济区,北大学城,,1,1,1,0,招牌炸鸭_招牌炸鸭整,,
G7e37tiX18k8iOKp,叫了只炸鸡(英才街店),中式,False,C:品牌映射,brand:叫了只,鸡排+鸡块/鸡米花/鸡柳,True,C:品牌映射,brand:叫了只,生炸/现炸,False,C:品牌映射,brand:叫了只,原味+香辣+甜辣,True,C:品牌映射,brand:叫了只,外卖型,False,C:品牌映射,brand:叫了只,20-30,A,惠济区,北大学城,口味:3.4 环境:3.5 服务:3.5,5,1,,0,爆浆芝士鸡排_香辣锅巴土豆_爆浆芝士鸡排堡_泰式甜辣酱_墨西哥炸鸡酱_沙拉酱_琥珀炸鸡酱_柚子炸鸡酱_经典劲爆鸡米花_炸鸡双拼,,
HaoqNpzWm9yRmZww,摊吃侠香酥鸡饼,中式,False,C:店名推断,香酥鸡,整鸡/大单品,False,C:店名推断,香酥鸡,Unknown,False,D:无证据,,原味,False,C:店名推断,香酥,Unknown,False,D:无证据,,Unknown,D,惠济区,北大学城,,,,,0,,,
G9kf4SiKgYZOMnFJ,菌汤臭豆腐·烤冷面·手抓饼,Unknown,False,D:无证据,,Unknown,False,D:无证据,,Unknown,False,D:无证据,,Unknown,False,D:无证据,,含外卖,False,B:外卖字段,1,Unknown,D,惠济区,北大学城,,,1,,0,烤冷面_菌汤臭豆腐,,
k9YBB7DQbqBJJLaN,整点Chicken•韩式炸鸡(北大学城店),韩式,False,A:菜品直接证据,韩式,鸡翅,False,A:菜品直接证据,翅根,Unknown,False,D:无证据,,Unknown,False,D:无证据,,含团购,False,B:团购字段,1,Unknown,D,惠济区,北大学城,,1,,1,0,招牌大整只鸡_韩式暴香翅根,,
G7q1mc88D8bAxWmv,许记香酥鸡香酥鸭(美景万科店),中式,False,C:店名推断,香酥鸡,整鸡/大单品,False,C:店名推断,香酥鸡,Unknown,False,D:无证据,,原味,False,C:店名推断,香酥,含外卖,False,B:外卖字段,1,20-30,A,惠济区,北大学城,,,1,,0,,,
k4Bb78lR5jyrp5ru,叫了个炸鸡(电力学院店),中式,False,C:品牌映射,brand:叫了个,整鸡/大单品+鸡腿+鸡翅+鸡排,True,C:品牌映射,brand:叫了个,生炸/现炸,False,C:品牌映射,brand:叫了个,香辣+甜辣+酸甜,True,C:品牌映射,brand:叫了个,外卖型,False,C:品牌映射,brand:叫了个,20-30,A,中牟县,刘集镇,口味:3.5 环境:3.5 服务:3.5,2,1,1,0,菠萝派_翅根全家桶_红豆派_骨肉相连大肉串_香芋派_鸡肉洋葱圈_浓情大鸡排_奶香芝士酱_香辣鸡腿堡_脆皮大鸡腿,,
l5G7yjZLM1DqDjib,临榆炸鸡腿(岗赵商业步行街店),中式,False,C:品牌映射,brand:临榆,鸡腿,False,"C:店名推断(修正,优先于品牌映射)",brand:临榆,腌炸,False,C:品牌映射,brand:临榆,原味,False,C:品牌映射,brand:临榆,档口/摊位,False,C:品牌映射,brand:临榆,<10,A,中牟县,刘集镇,口味:3.4 环境:3.4 服务:3.3,20,1,1,1,香酥琵琶腿_脆皮手枪腿_香骨鸡_鸡上腿,鸡排,brand_product_conflict
l8X6EayTWcCCiW0x,吃个良鸡韩式炸鸡(望东路店),韩式,False,C:店名推断,韩式,鸡腿+鸡块/鸡米花/鸡柳,True,A:菜品直接证据,鸡腿;鸡块,Unknown,False,D:无证据,,Unknown,False,D:无证据,,含团购,False,B:团购字段,1,20-30,A,中牟县,刘集镇,口味:3.5 环境:3.5 服务:3.5,1,,1,0,整只炸鸡_双层鸡腿堡_鸡块礼盒每份装装,,
kaJMcbQZiI62386b,临榆炸鸡腿(郑州工商学院店),中式,False,C:品牌映射,brand:临榆,鸡腿,True,"C:店名推断(修正,优先于品牌映射)",brand:临榆,腌炸,False,C:品牌映射,brand:临榆,原味,False,C:品牌映射,brand:临榆,档口/摊位,False,C:品牌映射,brand:临榆,<10,A,中牟县,刘集镇,口味:3.5 环境:3.5 服务:3.5,5,,,0,脆皮手枪腿_黄金香骨鸡_黄金鸡叉骨_香酥琵琶腿_鸡肉条_香骨鸡,鸡排,brand_product_conflict
l9r1puMKJbl3TwLX,庙东排骨(郑州上東里店),日式,False,A:菜品直接证据,唐扬,鸡腿,True,A:菜品直接证据,手枪腿;翅尖,裹粉炸,False,A:菜品直接证据,脆皮,香辣,True,A:菜品直接证据,香辣;孜然,堂食+外卖+团购,False,B:多字段组合,外卖:1/团购:1,20-30,A,中牟县,刘集镇,口味:3.9 环境:3.9 服务:3.9,28,1,1,2,留香排骨_酥香掌中宝_开运脆皮手枪腿_唐扬牛蛙_椒香辣子鸡,,
H8O81M9PtBVD165t,叫了只炸鸡(工商学院店),中式,False,C:品牌映射,brand:叫了只,整鸡/大单品,False,C:品牌映射,brand:叫了只,生炸/现炸,False,C:品牌映射,brand:叫了只,原味+酱香,True,C:品牌映射,brand:叫了只,外卖型,False,C:品牌映射,brand:叫了只,20-30,A,中牟县,刘集镇,口味:3.5 环境:3.5 服务:3.5,2,1,1,0,奥尔良腿排堡_玫瑰梅_酸奶梅_花之润原味姜茶_牛轧糖_乐盈天水果燕麦片_武士曲奇_铁棍山药脆片_乐盈天坚果燕麦片_澳德斯鲜咖啡,,
EE1aDvxRxzDv6vyn,叫了只鸡(交通店),中式,False,C:品牌映射,brand:叫了只,整鸡/大单品,False,C:品牌映射,brand:叫了只,生炸/现炸,False,C:品牌映射,brand:叫了只,香辣+甜辣+酱香+芥末,True,C:品牌映射,brand:叫了只,外卖型,False,C:品牌映射,brand:叫了只,20-30,A,中牟县,刘集镇,,1,1,,0,双层劲脆鸡腿堡_蜜汁小鸡腿_蜂蜜芥末薯条_神奇的鸡_可口可乐罐装_牛堡堡_香辣鸡腿堡_藤椒鸡腿堡_招牌无骨鸡特惠款_爆米花,,
l5ydqYPUX5CaJOyz,淄博烧烤(郑州店),韩式,False,A:菜品直接证据,韩式,Unknown,False,D:无证据,,Unknown,False,D:无证据,,香辣,True,A:菜品直接证据,麻辣;奥尔良,堂食+外卖+团购,False,B:多字段组合,外卖:1/团购:1,30-50,A,中牟县,刘集镇,,,1,1,0,豆筋_韩式进口裹酱小年糕_红乌苏啤酒罐装_秘制烤整只鹌鹑_碳烤奥尔良对翅,,
G4fzVFz39AHzae9x,爆掌柜生炸鸡架(岗赵步行街店),中式,False,C:品牌映射,brand:爆掌柜,鸡腿+鸡翅+鸡块/鸡米花/鸡柳,True,C:品牌映射,brand:爆掌柜,生炸/现炸,False,C:品牌映射,brand:爆掌柜,香辣+酱香+酸甜,True,C:品牌映射,brand:爆掌柜,档口/摊位,False,C:品牌映射,brand:爆掌柜,15-20,A,中牟县,刘集镇,口味:3.7 环境:3.7 服务:3.7,9,1,1,3,脆炸蘑菇_甘梅地瓜_奥尔良腿排夹饼_咖喱鸡柳肉夹饼_五香里脊肉夹饼_香辣伴翅_生炸麻辣翅尖_麻辣伴翅_超满足全家福_生炸手枪腿,,
l6bexu3vVsPu4ytH,不可炸鸡·CHEESE·黄油芝士炸鸡(工商学院店),中式,False,C:品牌映射,brand:不可,整鸡/大单品,False,C:品牌映射,brand:不可,生炸/现炸,False,C:品牌映射,brand:不可,甜辣+酸甜,True,C:品牌映射,brand:不可,档口/摊位,False,C:品牌映射,brand:不可,20-30,A,中牟县,刘集镇,口味:4.3 环境:4.3 服务:4.3,212,,,0,招牌黄金芝士粉炸鸡_黄金芝士年糕_美式车打芝士酱炸鸡_冰可口可乐_洋葱奶酪酱炸鸡_双拼炸鸡翅_海苔肉松炸鸡_招牌双拼炸鸡_咔咔海苔鸡翅_火山脆脆鸡翅,,
Fz0U9Ga0YsF5WWNl,叫了只鸡,中式,False,C:品牌映射,brand:叫了只,整鸡/大单品,False,C:品牌映射,brand:叫了只,生炸/现炸,False,C:品牌映射,brand:叫了只,原味,False,C:品牌映射,brand:叫了只,外卖型,False,C:品牌映射,brand:叫了只,20-30,A,中牟县,刘集镇,,,,1,0,整只炸鸡_双层鸡腿堡,,
k29Xrf6DppIBD0ds,京津炸鸡,中式,False,A:菜品直接证据,香酥鸡,整鸡/大单品+鸡腿+鸡架/锁骨/叉骨+鸡块/鸡米花/鸡柳,True,A:菜品直接证据,香酥鸡;鸡腿;鸡叉骨;鸡块,Unknown,False,D:无证据,,原味,False,A:菜品直接证据,香酥,堂食+外卖+团购,False,B:多字段组合,外卖:1/团购:1,10-15,A,中牟县,刘集镇,口味:3.5 环境:3.5 服务:3.5,3,1,1,0,香酥鸡叉骨_豆皮卷_香骨鸡_脆香鸡_娇麻鸡腿_娇麻鸡块,,
FWfpckqeMMa3lDyb,大炸小拌·炸串拌饼,Unknown,False,D:无证据,,Unknown,False,D:无证据,,Unknown,False,D:无证据,,Unknown,False,D:无证据,,含外卖,False,B:外卖字段,1,Unknown,D,中牟县,刘集镇,,,1,,0,,,
k5mSiKyCgAT0GzWM,Ya.chicken韩式炸鸡(岗赵村商业步行街店),中式,True,A:菜品直接证据,香酥鸡;韩式;双拼,鸡翅+鸡块/鸡米花/鸡柳,True,A:菜品直接证据,香酥鸡;鸡腿;鸡翅;鸡米花,Unknown,False,D:无证据,,原味,True,A:菜品直接证据,香酥;琥珀;黑胡椒;奥尔良;橙,含外卖,False,B:外卖字段,1,Unknown,D,中牟县,刘集镇,,,1,,0,韩式无骨炸鸡_韩式无骨炸鸡双拼_鸡翅中_统一鲜橙多罐装_统一蜜桃多罐装_可口可乐无糖罐装_圣诞平安果_农夫山泉有点甜_美味薯条_韩式裹酱进口年糕,,
H5wiTLCZGtNqnGd5,三养火鸡面·韩式炸鸡,韩式,False,C:品牌映射,brand:三养,鸡翅,False,C:品牌映射,brand:三养,裹粉炸,False,C:品牌映射,brand:三养,火鸡面,False,C:品牌映射,brand:三养,档口/摊位,False,C:品牌映射,brand:三养,20-30,A,中牟县,刘集镇,,,1,1,0,整只炸鸡_双层鸡腿堡,,
G9gD4jeXGdSHyP0w,胡夫炸串(中牟方特欢乐世界店),中式,False,C:品牌映射,brand:胡夫,鸡架/锁骨/叉骨,False,C:品牌映射,brand:胡夫,生炸/现炸,False,C:品牌映射,brand:胡夫,香辣,False,C:品牌映射,brand:胡夫,档口/摊位,False,C:品牌映射,brand:胡夫,Unknown,D,中牟县,刘集镇,,,,,0,,,
kaer2sbiIBXEUVkz,御膳叉骨炸鸡·老汉口热干面,中式,False,C:品牌映射,brand:御膳,鸡腿+鸡架/锁骨/叉骨,True,C:品牌映射,brand:御膳,生炸/现炸,False,C:品牌映射,brand:御膳,椒盐,False,C:品牌映射,brand:御膳,档口/摊位,False,C:品牌映射,brand:御膳,Unknown,D,惠济区,北大学城,口味:3.4 环境:3.4 服务:3.4,1,1,1,0,鸡叉骨_蜜枣粽子_猪肉大葱水饺_芝士热狗棒_草莓冰糖葫芦_鸭腿饭_卤鸭腿_红烧肉盖浇饭_香菇滑鸡盖饭_鸡腿饭,,
k1trLghaYjHwE2iv,泽丰炸鸡(岗赵村商业步行街店),Unknown,False,D:无证据,,Unknown,False,D:无证据,,Unknown,False,D:无证据,,Unknown,False,D:无证据,,含外卖,False,B:外卖字段,1,Unknown,D,中牟县,刘集镇,口味:3.5 环境:3.5 服务:3.5,1,1,,0,,,
G8qDyb12eWfGfxPN,新御膳叉骨,中式,False,C:品牌映射,brand:御膳,鸡架/锁骨/叉骨,False,C:品牌映射,brand:御膳,生炸/现炸,False,C:品牌映射,brand:御膳,椒盐,False,C:品牌映射,brand:御膳,档口/摊位,False,C:品牌映射,brand:御膳,Unknown,D,中牟县,刘集镇,,,,,0,,,
G75zExE7SOhQV2P0,叫了只炸鸡(新联学院店),中式,False,C:品牌映射,brand:叫了只,鸡腿+鸡排+鸡块/鸡米花/鸡柳,True,C:品牌映射,brand:叫了只,生炸/现炸,False,C:品牌映射,brand:叫了只,原味+黑胡椒,True,C:品牌映射,brand:叫了只,外卖型,False,C:品牌映射,brand:叫了只,15-20,A,中牟县,刘集镇,口味:3.6 环境:3.6 服务:3.6,7,,,0,清香柚子无骨炸鸡_抓住鸡的小腿_火山石黑椒烤肠_经典黑椒鸡块_弹韩式年糕条_金丝藤椒鸡排_柳叶脆香鸡_脆皮藤椒琵琶腿_纯肉香酥无骨炸鸡_益生菌原味,,
l42KCSCRk747l3YY,刘婉婉生炸妙龄鸡(郑州工商学院店),中式,False,C:品牌映射,brand:刘婉婉,整鸡/大单品+鸡腿+鸡架/锁骨/叉骨,True,C:品牌映射,brand:刘婉婉,生炸/现炸,False,C:品牌映射,brand:刘婉婉,原味,False,C:品牌映射,brand:刘婉婉,档口/摊位,False,C:品牌映射,brand:刘婉婉,15-20,A,中牟县,刘集镇,口味:3.8 环境:3.8 服务:3.8,23,1,1,9,爆汁小鸡腿_生炸全鸡架_生炸半只鸡_鸡腿肉_叉骨一斤半_鸡贝贝_直播间小鸡腿_无骨上腿肉,,
l4z79mIopMTh2jEl,正新鸡排·炸鸡烧烤(象湖南路店),美式/西式,False,C:品牌映射,brand:正新,鸡排,False,C:品牌映射,brand:正新,裹粉炸,False,C:品牌映射,brand:正新,原味,False,C:品牌映射,brand:正新,档口/摊位,False,C:品牌映射,brand:正新,10-15,A,中牟县,刘集镇,口味:3.7 环境:3.6 服务:3.7,11,1,1,0,爆料鸡排_正新大烤肠,,
HaTflcn8gluCTfXS,布袋馍饼夹菜炸串拌饼,Unknown,False,D:无证据,,Unknown,False,D:无证据,,Unknown,False,D:无证据,,Unknown,False,D:无证据,,Unknown,False,D:无证据,,Unknown,D,中牟县,刘集镇,,,,,0,,,
G1oqYXxOeiNlslNB,魏小立深海炸鱼,Unknown,False,D:无证据,,鸡块/鸡米花/鸡柳,True,A:菜品直接证据,鸡块;鸡皮,裹粉炸,False,A:菜品直接证据,脆皮,原味+蒜香,True,A:菜品直接证据,香酥;蒜香,含外卖,False,B:外卖字段,1,20-30,A,中牟县,刘集镇,口味:3.5 环境:3.5 服务:3.5,1,1,,0,香酥切蟹_小海虾_老式烧饼_雪花鸡柳_猪肉小酥肉_香芋条_排骨扣碗_蒜香鳕鱼_香酥炸蘑菇_嘎鱼,,
k8DEnUNst64AxPRh,小米家,Unknown,False,D:无证据,,Unknown,False,D:无证据,,Unknown,False,D:无证据,,Unknown,False,D:无证据,,Unknown,False,D:无证据,,Unknown,D,登封市,登封一中/国际商贸城,,,,,0,,,
k4IbqSYuzMpWeGfh,王炸炸串,Unknown,False,D:无证据,,鸡翅+鸡脖/其他部位,True,A:菜品直接证据,鸡翅;鸡叉骨;鸡块;鸡胗,裹粉炸,False,A:菜品直接证据,脆皮,香辣+黑胡椒+酸甜,True,A:菜品直接证据,麻辣;芝士;黑椒;甘梅,含外卖,False,B:外卖字段,1,15-20,A,登封市,登封一中/国际商贸城,,,1,,0,甘梅味盐酥鸡_甘梅味洋葱圈_甘梅味小酥肉_亲亲玉米肠_素鸡翅_鸡胗串_鸡心_麻辣爆肚粉_黑椒肠_金针菇,,
G3zFa2ysoMbTWneI,叫了个炸鸡(韩式炸鸡·火鸡面·合作路店),中式,False,C:品牌映射,brand:叫了个,整鸡/大单品,False,C:品牌映射,brand:叫了个,生炸/现炸,False,C:品牌映射,brand:叫了个,原味,False,C:品牌映射,brand:叫了个,外卖型,False,C:品牌映射,brand:叫了个,15-20,A,二七区,医学院,,1,1,,0,,,
G4EbUZN0mBt7DdCV,王朝炸鸡(合作路店),Unknown,False,D:无证据,,鸡腿+鸡翅+鸡架/锁骨/叉骨,True,A:菜品直接证据,鸡腿;鸡翅;鸡排;鸡叉骨;鸡米花;鸡皮,Unknown,False,D:无证据,,酸甜,False,A:菜品直接证据,甘梅,堂食+外卖+团购,False,B:多字段组合,外卖:1/团购:1,15-20,A,二七区,医学院,口味:3.6 环境:3.6 服务:3.7,5,1,1,0,炸鸡拼盘_翅根_藤椒琵琶腿_翅中_藤椒鸡翅根_招牌鸡叉骨_比翼双飞,,
EwR8Gl8hZnJ4HGue,大苕爷烤苕皮(油化厂),Unknown,False,D:无证据,,Unknown,False,D:无证据,,Unknown,False,D:无证据,,Unknown,False,D:无证据,,Unknown,False,D:无证据,,10-15,A,二七区,医学院,,,,,0,,,
G5W9FuSoz6zTURQW,铁八小炸串,Unknown,False,D:无证据,,鸡翅,True,A:菜品直接证据,鸡翅;鸡胸排;鸡柳,生炸/现炸,False,A:菜品直接证据,现炸,黑胡椒+酱香,True,A:菜品直接证据,辣子;黑椒;奥尔良,含外卖,False,B:外卖字段,1,15-20,A,二七区,医学院,口味:3.9 环境:3.9 服务:3.9,11,1,,0,星星鸡肉串_鸡肉香豆腐_虎皮肉酿青椒_手工大面筋_奥尔良鸡胸排_小胖子油条_现炸带鱼_炭烤脊背肉串_黑椒麦穗儿香肠_香炸金针菇,,
l9dbS6rGoWKfiF4x,,韩式,False,A:菜品直接证据,韩式,鸡腿+鸡翅+鸡架/锁骨/叉骨,True,A:菜品直接证据,鸡腿;鸡翅;鸡叉骨;鸡米花,Unknown,False,D:无证据,,香辣,True,A:菜品直接证据,特辣;芝士,Unknown,False,D:无证据,,Unknown,D,二七区,,,2,,,0,嫩脆小翅根_鸡翅中_嫩脆翅根_深海鳕鱼条_芝士热狗棒_香甜地瓜丸_炸鸡腿_精品鸡叉骨_炸鸡拌土豆_秘制藤椒翅尖,,
GaVGfGFGflZmTYYk,靓仔煌热卤·炸鸡,Unknown,False,D:无证据,,鸡腿+鸡块/鸡米花/鸡柳,True,A:菜品直接证据,鸡腿;鸡柳,裹粉炸,False,A:菜品直接证据,酥炸,原味,False,A:菜品直接证据,香酥,含团购,False,B:团购字段,1,10-15,A,二七区,医学院,口味:3.4 环境:3.4 服务:3.4,5,,1,0,炸鸡柳_炸鸡腿_香酥炸鸡_招牌麻油鸡,,
H2vjuYIUjuFP0xti,张屯屯开花鸡腿(棉纺路店),中式,False,C:品牌映射,brand:张屯屯,整鸡/大单品+鸡排+鸡块/鸡米花/鸡柳,True,C:品牌映射,brand:张屯屯,生炸/现炸,False,C:品牌映射,brand:张屯屯,原味,False,C:品牌映射,brand:张屯屯,档口/摊位,False,C:品牌映射,brand:张屯屯,15-20,A,二七区,医学院,口味:3.8 环境:3.7 服务:3.8,51,1,1,0,手工红薯条_招牌鸡块_脆皮全鸡_秘制大鸡排_素三鲜春卷_炸平菇_厚切炒酸奶_状元鸡柳_蜜桃乌龙茶_芒果益菌多,,
lay6g1Bu4vp5o2DL,德丰炸鸡(玉凤路店),Unknown,False,D:无证据,,鸡腿+鸡翅+鸡块/鸡米花/鸡柳,True,A:菜品直接证据,鸡腿;翅中;鸡排;鸡叉骨;鸡米花,Unknown,False,D:无证据,,酸甜,False,A:菜品直接证据,菠萝,含外卖,False,B:外卖字段,1,Unknown,D,金水区,凤凰城/上悦城,口味:3.5 环境:3.5 服务:3.5,4,1,,0,醇香奶茶_手枪腿_鸡米花_黄金蟹堡_翅中_晶球菠萝,,
j8EnBQnDq5JRv4xU,先生大鸡排(升龙凤凰城店),Unknown,False,D:无证据,,整鸡/大单品,True,C:店名推断,大鸡;鸡排,Unknown,False,D:无证据,,Unknown,False,D:无证据,,含外卖,False,B:外卖字段,1,10-15,A,金水区,凤凰城市广场,口味:3.4 环境:3.4 服务:3.4,,1,,0,,,
H5umJXg2vkwE7CoH,麦哆客汉堡炸鸡(四月天店),Unknown,False,D:无证据,,鸡腿,False,A:菜品直接证据,鸡腿,Unknown,False,D:无证据,,原味+香辣,True,A:菜品直接证据,香酥;香辣,含外卖,False,B:外卖字段,1,<10,A,金水区,陈寨/张家村,,,1,,0,香酥牛肉堡不限量_墨西哥鸡肉卷不限量_超级鸡腿堡不限量_田园蔬菜堡_香辣鸡腿堡不限量,,
k1AYdiEueho8yn9d,大尚龙虾,Unknown,False,D:无证据,,Unknown,False,D:无证据,,Unknown,False,D:无证据,,香辣,False,A:菜品直接证据,香辣,含外卖,False,B:外卖字段,1,30-50,A,金水区,陈砦,口味:3.6 环境:3.6 服务:3.6,26,1,,0,鱿鱼须_红烧腐竹_洋葱木耳_烤娃娃菜_干锅猪蹄_水煮毛豆_吃炒凉粉_辣卤羊蹄_泡椒土豆粉_土匪猪肝,,
H7Ed211qu7y585X8,识馥鸡-炸鸡.炸串.拌烧饼,Unknown,False,D:无证据,,鸡架/锁骨/叉骨,False,A:菜品直接证据,鸡叉骨,Unknown,False,D:无证据,,Unknown,False,D:无证据,,含团购,False,B:团购字段,1,Unknown,D,金水区,陈砦,,5,,1,0,鸡肉排_丸子_秘制炸鸡叉骨_泡菜臭豆腐,,
G6V1VTdcmuhFcZm8,延庆观炸鸡(丰庆路店),中式,False,C:品牌映射,brand:延庆观,鸡腿+鸡翅+鸡架/锁骨/叉骨+鸡块/鸡米花/鸡柳,True,C:品牌映射,brand:延庆观,卤炸,False,C:品牌映射,brand:延庆观,原味,False,C:品牌映射,brand:延庆观,档口/摊位,False,C:品牌映射,brand:延庆观,15-20,A,金水区,陈砦,口味:3.5 环境:3.5 服务:3.4,149,,1,0,延庆观炸鸡快_延庆观牙签肉_延庆观翅中_延庆观琵琶腿_鸡翅_鸡米花_牙签肉,,
k4nolGaOhh4pOTUH,西哟GOGO炸鸡(郑州店),韩式,True,A:菜品直接证据,芝士炸鸡;青阳,整鸡/大单品,True,A:菜品直接证据,大鸡;鸡腿,腌炸,False,A:菜品直接证据,酱炸,香辣+甜辣+酸甜,True,A:菜品直接证据,麻辣;蒜香;甜辣;酱油;番茄,堂食+外卖+团购,False,B:多字段组合,外卖:1/团购:1,20-30,A,金水区,陈砦,口味:3.7 环境:3.7 服务:3.8,15,1,1,0,芝士球_玉米奶酪炸鸡_甜辣果酱炸鸡_南阳番茄炸鸡,,
lakmtIvDyY76tMYH,生炸鸡架,Unknown,False,D:无证据,,鸡架/锁骨/叉骨,False,A:菜品直接证据,鸡架,生炸/现炸,False,C:店名推断,生炸,Unknown,False,D:无证据,,含团购,False,B:团购字段,1,Unknown,D,中牟县,刘集镇,,,,1,0,招牌炸鸡架,,
l1bWTreFzNduqzbf,生炸鸡架(丹尼斯店),Unknown,False,D:无证据,,鸡架/锁骨/叉骨,False,A:菜品直接证据,鸡架,生炸/现炸,False,C:店名推断,生炸,Unknown,False,D:无证据,,含团购,False,B:团购字段,1,Unknown,D,中牟县,刘集镇,,,,1,0,招牌炸鸡架,,
k8FEUfKz6qVk5CUj,多美士炸鸡汉堡(九龙城店),美式/西式,False,C:品牌映射,brand:多美士,鸡翅+鸡块/鸡米花/鸡柳,True,C:品牌映射,brand:多美士,裹粉炸,False,C:品牌映射,brand:多美士,原味,False,C:品牌映射,brand:多美士,外卖型,False,C:品牌映射,brand:多美士,10-15,A,中原区,冉屯路/五龙口,口味:3.5 环境:3.5 服务:3.5,35,1,1,21,黄金紫薯酥_奥尔良烤翅_藤椒翅尖_果珍_小美炸鸡_拉丝热狗棒_田园香蔬堡_蛋挞_玉米杯_霸王鸡块,,
k3Uzstxj13xVtjfG,百宜百可热辣炸鸡汉堡(酒吧街店),Unknown,False,D:无证据,,鸡腿+鸡翅,True,A:菜品直接证据,大鸡;鸡腿;全翅;鸡块,Unknown,False,D:无证据,,香辣+酸甜,True,A:菜品直接证据,辣;黄油;菠萝,Unknown,False,D:无证据,,10-15,A,金水区,农科路酒吧街,口味:3.6 环境:3.6 服务:3.6,48,,,0,黄金双鸡堡_甜蜜图伦巴_青柠绿茶_乌柠红茶_豪脆黄金鸡腿_黄金带骨鸡腿排_豪脆黄金鸡全翅_招牌热辣汉堡_现烤华夫饼配热辣鸡腿排_菠萝派,,
G8SI2UaltJtxYBtu,BoBochicken韩式炸鸡(上东里店),韩式,False,C:品牌映射,brand:BoBochicken,鸡块/鸡米花/鸡柳,False,C:品牌映射,brand:BoBochicken,裹粉炸,False,C:品牌映射,brand:BoBochicken,甜辣,False,C:品牌映射,brand:BoBochicken,外卖型,False,C:品牌映射,brand:BoBochicken,20-30,A,中牟县,刘集镇,,,1,,0,,,
kaiDDi3HdU5VL8NA,新奥尔良炸鸡,Unknown,False,D:无证据,,Unknown,False,D:无证据,,Unknown,False,D:无证据,,酱香,False,C:店名推断,奥尔良,Unknown,False,D:无证据,,Unknown,D,中牟县,中牟县,,,,,0,,,
G9as5uP0Yrj5q4oT,香酥脆皮炸鸡,中式,False,C:店名推断,脆皮炸鸡,Unknown,False,D:无证据,,裹粉炸,False,C:店名推断,脆皮,原味,False,C:店名推断,香酥,Unknown,False,D:无证据,,Unknown,D,中牟县,中牟县,,,,,0,,,
jR1qDdHG3jZC9l6E,七七冷面·鸡排饭,Unknown,False,D:无证据,,鸡排,False,C:店名推断,鸡排,Unknown,False,D:无证据,,Unknown,False,D:无证据,,Unknown,False,D:无证据,,Unknown,D,中牟县,新世纪广场,,,,,0,,,
H9oifSz3Oh6DVvnt,尕凤生炸鸡架(玖号公寓店),Unknown,False,D:无证据,,鸡架/锁骨/叉骨+鸡脖/其他部位,True,A:菜品直接证据,鸡腿;鸡架;鸡柳;鸡脖,生炸/现炸,False,A:菜品直接证据,生炸,香辣,False,A:菜品直接证据,麻辣,含外卖,False,B:外卖字段,1,10-15,A,金水区,普罗旺世/庙李,口味:3.8 环境:3.8 服务:3.9,,1,,0,生炸鸡脖_银梅可乐_银梅口乐_脆骨麦穗肠_藤椒龙骨脆_麻辣鸡伴翅_超级鸡叉骨,,
G39bq2IQ7aV16CVo,食合材炸鸡·鸡排饭(中原启圆店),中式,True,A:菜品直接证据,古法;原味鸡,整鸡/大单品+鸡腿+鸡排+鸡架/锁骨/叉骨+鸡块/鸡米花/鸡柳,True,A:菜品直接证据,大鸡;鸡腿;鸡排;鸡叉骨;鸡米花,裹粉炸,False,A:菜品直接证据,脆皮,原味+蒜香,True,A:菜品直接证据,原味;蒜香;甘梅,堂食+外卖+团购,False,B:多字段组合,外卖:1/团购:1,Unknown,D,中原区,儿童公园/凯旋门,口味:3.8 环境:3.8 服务:3.8,15,1,1,0,脆皮鸡排饭_冰镇酸梅汁_鸡柳_传统原味鸡块_传统鸡叉骨_传统蒜香鸡块_琵琶腿_咖喱土豆鸡排饭_鱼香肉丝鸡排饭_果味饮品,,
H3f4V7qJCmMgDW1r,艳子炸鸡炸串,Unknown,False,D:无证据,,Unknown,False,D:无证据,,Unknown,False,D:无证据,,Unknown,False,D:无证据,,含外卖,False,B:外卖字段,1,Unknown,D,中原区,儿童公园/凯旋门,,,1,,0,,,
H9UQt3i12dGo1nt0,毛毛炸鸡俱乐部,Unknown,False,D:无证据,,鸡翅,False,A:菜品直接证据,全翅,Unknown,False,D:无证据,,Unknown,False,D:无证据,,含团购,False,B:团购字段,1,Unknown,D,中原区,儿童公园/凯旋门,口味:3.5 环境:3.5 服务:3.5,4,,1,0,爆汁无骨龙利鱼_鸡全翅,,
l4pBcyKQaRj6rN8A,小乔炸串,中式,False,A:菜品直接证据,香酥鸡,整鸡/大单品+鸡排,True,A:菜品直接证据,香酥鸡;鸡排,Unknown,False,D:无证据,,原味,False,A:菜品直接证据,香酥,堂食+外卖+团购,False,B:多字段组合,外卖:1/团购:1,<10,A,中原区,儿童公园/凯旋门,口味:3.7 环境:3.8 服务:3.8,16,1,1,0,香酥鸡排_剪饼,,
k7FE1ROaj3tYosUI,优品炸鸡炸鱼(颖河小区南院店),Unknown,False,D:无证据,,Unknown,False,D:无证据,,Unknown,False,D:无证据,,Unknown,False,D:无证据,,含外卖,False,B:外卖字段,1,10-15,A,中原区,儿童公园/凯旋门,口味:3.6 环境:3.5 服务:3.6,4,1,,0,,,
k32hB1EDvDAM31jc,有一家疯狂烤鸡(中原店),中式,False,A:菜品直接证据,香酥鸡,整鸡/大单品+鸡翅,True,A:菜品直接证据,香酥鸡;鸡腿;鸡翅,烤炸复合,False,A:菜品直接证据,烤鸡,原味+酸甜,True,A:菜品直接证据,香酥;酸甜,含外卖,False,B:外卖字段,1,10-15,A,中原区,儿童公园/凯旋门,口味:3.4 环境:3.4 服务:3.4,3,1,,0,Mini零度可乐_点亮店铺劲爽饮料喝_汉斯小木屋菠萝啤_特价尝鲜小烤鸡_香酥鸡翅根_香炸薯条_Mini雪碧_烤鸡给力_Mini芬达_有一家疯狂烤鸡,,
FGg6IXJ0HXtnhe8L,梁记透骨香炸鸡(汝河小区店),Unknown,False,D:无证据,,鸡腿+鸡脖/其他部位,True,A:菜品直接证据,童子鸡;手枪腿;鸡叉骨;鸡柳;鸡爪,煸制,False,A:菜品直接证据,煸,Unknown,False,D:无证据,,Unknown,False,D:无证据,,Unknown,D,中原区,儿童公园/凯旋门,,,,,0,手枪腿_鸡爪_凉拌大拉皮_叫花鸡_坛子鸡_凉拌莲菜_凉拌油豆皮_炸鸡肠_鸡肝_凉拌芸丝,,
iTXSguNrQfWzMeJ4,正新鸡排·炸鸡烧烤(和昌澜景店),美式/西式,False,C:品牌映射,brand:正新,整鸡/大单品+鸡翅+鸡排,True,C:品牌映射,brand:正新,裹粉炸,False,C:品牌映射,brand:正新,原味,False,C:品牌映射,brand:正新,档口/摊位,False,C:品牌映射,brand:正新,10-15,A,中原区,儿童公园/凯旋门,口味:3.8 环境:3.9 服务:4.0,31,1,1,0,正新大烤肠_原味大鸡排_大鸡肉_鸭肉串_金锤翅根桶_中国鸡排汉堡_爆料鸡排_大鸭肉串_大鸡肉串,,
l9gFMi28IzMmX3nD,延庆观炸鸡(和昌店),中式,False,C:品牌映射,brand:延庆观,鸡腿+鸡翅+鸡架/锁骨/叉骨+鸡块/鸡米花/鸡柳+鸡脖/其他部位,True,C:品牌映射,brand:延庆观,卤炸,False,C:品牌映射,brand:延庆观,原味,False,C:品牌映射,brand:延庆观,档口/摊位,False,C:品牌映射,brand:延庆观,10-15,A,中原区,儿童公园/凯旋门,口味:3.8 环境:3.8 服务:3.8,55,1,1,0,香脆鸡皮_秘制鸡叉骨_招牌鸡米花_琵琶腿_鸡腿_鸡块_香酥牙签肉_全翅,,
k1fcvH8MJEflVtLK,鸭三公,Unknown,False,D:无证据,,Unknown,False,D:无证据,,Unknown,False,D:无证据,,Unknown,False,D:无证据,,含外卖,False,B:外卖字段,1,Unknown,D,中原区,冉屯路/五龙口,,,1,,0,,,
HaZeGd0NdAjDo4px,这一家疯狂烤鸡(冉屯北路8号院店),Unknown,False,D:无证据,,整鸡/大单品+鸡翅,True,A:菜品直接证据,烤鸡;翅根,烤炸复合,False,A:菜品直接证据,烤鸡,Unknown,False,D:无证据,,含团购,False,B:团购字段,1,Unknown,D,中原区,冉屯路/五龙口,口味:3.5 环境:3.5 服务:3.5,2,,1,0,疯狂烤鸡_鸡肉洋葱圈_烤翅根,,
k7rHM1f9o98HVwek,北京炸鸡,Unknown,False,D:无证据,,Unknown,False,D:无证据,,Unknown,False,D:无证据,,Unknown,False,D:无证据,,Unknown,False,D:无证据,,Unknown,D,中原区,冉屯路/五龙口,,,,,0,,,
l6vC8YA8Ajm0LrjT,炸鸡铺子(冉屯东路店),Unknown,False,D:无证据,,鸡腿+鸡翅+鸡块/鸡米花/鸡柳,True,A:菜品直接证据,鸡腿;翅中;叉骨;鸡米花,裹粉炸,False,A:菜品直接证据,鳞,Unknown,False,D:无证据,,档口/摊位,False,C:店名推断,铺子,15-20,A,中原区,冉屯路/五龙口,,,1,,0,黄金鸡柳_鱼鳞鸡腿_龙骨脆单人_炸翅中_无骨鸡块,,
l1WoIlNriwD5rWGL,正新鸡排·炸鸡烧烤(华强城市广场店),美式/西式,False,C:品牌映射,brand:正新,鸡排,False,C:品牌映射,brand:正新,裹粉炸,False,C:品牌映射,brand:正新,原味,False,C:品牌映射,brand:正新,档口/摊位,False,C:品牌映射,brand:正新,15-20,A,中原区,冉屯路/五龙口,口味:4.0 环境:4.0 服务:4.0,249,1,1,0,山楂汁_爆料鸡排_中国鸡排汉堡_冰红茶气泡水_四拼炸鸡桶_正新乳茶奶茶_锅巴土豆_霸王鸡肉排_芬达迷你_雪碧迷你,,
H9eFYq2SNibJRH1i,延庆观炸鸡(西十里铺路店),中式,False,C:品牌映射,brand:延庆观,鸡架/锁骨/叉骨+鸡块/鸡米花/鸡柳,True,C:品牌映射,brand:延庆观,卤炸,False,C:品牌映射,brand:延庆观,香辣+甜辣,True,C:品牌映射,brand:延庆观,档口/摊位,False,C:品牌映射,brand:延庆观,15-20,A,中原区,冉屯路/五龙口,口味:3.9 环境:3.9 服务:4.0,20,1,1,0,秘制鸡叉骨_紫薯丸子_炸椰奶_鸡脆骨_鸡米花牙签肉_崂山啤酒_脆皮香蕉_甜品拼盘_脆皮春卷_韩式甜辣酱炸鸡,,
FOWbYrg9xJaOpBtP,叫了只炸鸡(秦岭路店),中式,False,C:品牌映射,brand:叫了只,整鸡/大单品+鸡块/鸡米花/鸡柳+鸡脖/其他部位,True,C:品牌映射,brand:叫了只,生炸/现炸,False,C:品牌映射,brand:叫了只,原味,False,C:品牌映射,brand:叫了只,外卖型,False,C:品牌映射,brand:叫了只,20-30,A,中原区,冉屯路/五龙口,口味:3.8 环境:3.8 服务:3.8,44,1,1,0,炸鸡_叫香童子鸡_香芋地瓜丸_蘸料_川香麻辣酱_棒棒鸡_川香鸡柳_椒香鸡脖_蛋黄流心球_海苔寿司,,
G6bsJ1jSVzHfUcK7,袁记火爆脆皮炸鸡(清城美苑店),中式,False,A:菜品直接证据,香酥鸡,整鸡/大单品,True,A:菜品直接证据,香酥鸡;鸡腿;翅中;鸡排;鸡叉骨;鸡米花;鸡皮,裹粉炸,False,C:店名推断,脆皮,原味,False,A:菜品直接证据,香酥,含外卖,False,B:外卖字段,1,15-20,A,中原区,冉屯路/五龙口,口味:3.8 环境:3.7 服务:3.8,30,1,,0,薯条_炸鸡块_金星啤酒,,
k8n2YEdiFVjEWDdj,彭郑炸鸡腿(威尼斯店),Unknown,False,D:无证据,,整鸡/大单品+鸡腿+鸡排,True,A:菜品直接证据,全鸡;鸡腿;鸡排,裹粉炸,False,A:菜品直接证据,脆皮,香辣,False,A:菜品直接证据,麻辣,含团购,False,B:团购字段,1,10-15,A,中原区,冉屯路/五龙口,口味:3.4 环境:3.4 服务:3.4,7,,1,0,黄金炸鸡腿_香脆鸡排堡_网红麻辣小鸡腿_脆皮炸全鸡,,
l893vxCNvzO2ZMEg,鸡公子御膳叉骨炸鸡(晶华城店),中式,False,C:品牌映射,brand:御膳,鸡腿+鸡翅+鸡块/鸡米花/鸡柳,True,C:品牌映射,brand:御膳,生炸/现炸,False,C:品牌映射,brand:御膳,椒盐,False,C:品牌映射,brand:御膳,档口/摊位,False,C:品牌映射,brand:御膳,15-20,A,中原区,冉屯路/五龙口,口味:3.7 环境:3.7 服务:3.7,62,1,,0,无骨鸡腿肉_御膳鸡柳_玉米胚芽乳_无骨鸡柳_鸡翅_桥梦凉皮_鸡翅根,,
G9X9VUNcWMX8QTMJ,延庆观炸鸡(华强广场店),中式,False,C:品牌映射,brand:延庆观,鸡翅+鸡架/锁骨/叉骨+鸡块/鸡米花/鸡柳,True,C:品牌映射,brand:延庆观,卤炸,False,C:品牌映射,brand:延庆观,香辣+酸甜,True,C:品牌映射,brand:延庆观,档口/摊位,False,C:品牌映射,brand:延庆观,15-20,A,中原区,冉屯路/五龙口,口味:3.9 环境:3.9 服务:3.9,484,1,1,0,甘梅粉_金星啤酒_黄金翅根_香辣腿排_秘制鸡叉骨_薯条_鸡米花掺叉骨_鸡柳_哈尔滨啤酒,,
HabPCehrC7bXyrJu,一兜鱼(西村店),Unknown,False,D:无证据,,Unknown,False,D:无证据,,Unknown,False,D:无证据,,Unknown,False,D:无证据,,Unknown,False,D:无证据,,20-30,A,巩义市,巩义市,,,,,0,,,
k9Evjk4SD68y1dMF,延庆观(启福尚都店),中式,False,C:品牌映射,brand:延庆观,整鸡/大单品,False,C:品牌映射,brand:延庆观,卤炸,False,C:品牌映射,brand:延庆观,原味,False,C:品牌映射,brand:延庆观,档口/摊位,False,C:品牌映射,brand:延庆观,20-30,A,高新区,高新区,口味:3.5 环境:3.5 服务:3.5,1,,,0,,,
H2zDXksmUxnWxFSL,生炸鸡架(健康路店),Unknown,False,D:无证据,,鸡架/锁骨/叉骨,False,C:店名推断,鸡架,生炸/现炸,False,C:店名推断,生炸,Unknown,False,D:无证据,,Unknown,False,D:无证据,,Unknown,D,金水区,健康路/零零茂,,1,,,0,,,
H8SCWwzBDb5yVQnO,筋生鱿你Barbecue鱿鱼肉串(步行街商贸城店),Unknown,False,D:无证据,,Unknown,False,D:无证据,,Unknown,False,D:无证据,,Unknown,False,D:无证据,,Unknown,False,D:无证据,,Unknown,D,二七区,火车站/二七广场,口味:3.6 环境:3.6 服务:3.6,4,,,0,,,
G7KHffRTTkP3F2BC,正新鸡排·炸鸡烧烤(南关街鸡排店),美式/西式,False,C:品牌映射,brand:正新,整鸡/大单品+鸡排,True,C:品牌映射,brand:正新,裹粉炸,False,C:品牌映射,brand:正新,原味,False,C:品牌映射,brand:正新,档口/摊位,False,C:品牌映射,brand:正新,15-20,A,二七区,火车站/二七广场,口味:3.9 环境:3.9 服务:3.9,26,1,1,0,香辣鸡排套_正新大烤肠_中国鸡排汉堡_欢乐炸鸡桶_大鸡肉串,,
H9pwsWjqCHjsnwry,李记烧饼夹菜,Unknown,False,D:无证据,,Unknown,False,D:无证据,,Unknown,False,D:无证据,,Unknown,False,D:无证据,,含外卖,False,B:外卖字段,1,Unknown,D,二七区,火车站/二七广场,,,1,,0,,,
k3azuf5F9TSH9bPd,丽姐炸鸡,Unknown,False,D:无证据,,鸡排,False,A:菜品直接证据,鸡排,Unknown,False,D:无证据,,Unknown,False,D:无证据,,Unknown,False,D:无证据,,Unknown,D,二七区,火车站/二七广场,,1,,,0,爱心鸡排,,
l9jDtMSV7hSJ1WJw,大大鸡排,Unknown,False,D:无证据,,整鸡/大单品,True,C:店名推断,大鸡;鸡排,Unknown,False,D:无证据,,Unknown,False,D:无证据,,Unknown,False,D:无证据,,Unknown,D,二七区,火车站/二七广场,,,,,0,,,
G2LYeeA0W2PdCWuF,梁记贵妃香酥鸡,中式,False,C:店名推断,香酥鸡,鸡腿,False,A:菜品直接证据,鸡腿,Unknown,False,D:无证据,,原味,False,A:菜品直接证据,香酥,含团购,False,B:团购字段,1,20-30,A,登封市,登封市,,2,,1,0,香酥小鸡腿,,
H8JLRLdPWmBnEXUJ,延庆观炸鸡(鸿祥芙蓉苑店),中式,False,C:品牌映射,brand:延庆观,整鸡/大单品,False,C:品牌映射,brand:延庆观,卤炸,False,C:品牌映射,brand:延庆观,原味,False,C:品牌映射,brand:延庆观,档口/摊位,False,C:品牌映射,brand:延庆观,15-20,A,登封市,登封市,口味:3.4 环境:3.4 服务:3.4,2,1,,0,秒赞范儿山楂汁_秒赞范儿青芒果汁_超值手枪腿_麻辣拌翅,,
jrXX8S1HqjdW0FmA,西关第一炸鸡,Unknown,False,D:无证据,,Unknown,False,D:无证据,,Unknown,False,D:无证据,,Unknown,False,D:无证据,,Unknown,False,D:无证据,,Unknown,D,登封市,登封市,,,,,0,,,
l7udedrVCldjlnMl,辣小娇香煸鸡,Unknown,False,D:无证据,,Unknown,False,D:无证据,,煸制,False,C:店名推断,煸,香辣,False,C:店名推断,辣,Unknown,False,D:无证据,,15-20,A,登封市,登封市,,,,,0,,,
k55YlHNvpRDGDMxn,正新鸡排(白坪小区店),美式/西式,False,C:品牌映射,brand:正新,整鸡/大单品+鸡翅+鸡排,True,C:品牌映射,brand:正新,裹粉炸,False,C:品牌映射,brand:正新,原味,False,C:品牌映射,brand:正新,档口/摊位,False,C:品牌映射,brand:正新,10-15,A,登封市,登封市,口味:3.6 环境:3.6 服务:3.6,15,1,1,0,爆料鸡排_中国鸡排汉堡_原味大鸡排_大鸡肉串_金锤翅根_散称炸鸡_正新大烤肠,,
k4K0cI4tlE81MW6w,姚发财中国炸鸡,中式,False,C:店名推断,中国炸鸡,Unknown,False,D:无证据,,Unknown,False,D:无证据,,Unknown,False,D:无证据,,Unknown,False,D:无证据,,Unknown,D,登封市,登封市,,,,,0,,,
G5YFvjskxW6izTkK,唐扬炸鸡腿,韩式,True,A:菜品直接证据,无骨炸鸡;吮指;唐扬,鸡腿+鸡架/锁骨/叉骨+鸡块/鸡米花/鸡柳,True,A:菜品直接证据,鸡腿;鸡架;无骨炸鸡,生炸/现炸,False,A:菜品直接证据,生炸,甜辣,False,A:菜品直接证据,芝士,堂食+外卖+团购,False,B:多字段组合,外卖:1/团购:1,10-15,A,登封市,登封市,,,1,1,0,多汁牙签肉_无骨炸鸡_锅巴土豆_芝士拉丝热狗棒_生炸鸡架_唐扬炸鸡腿_焦香小酥肉_吮指鸡叉骨,,
H1MwEr8FDtz69k1j,正新鸡排(登封市铭哲店),美式/西式,False,C:品牌映射,brand:正新,整鸡/大单品+鸡腿+鸡排,True,C:品牌映射,brand:正新,裹粉炸,False,C:品牌映射,brand:正新,原味,False,C:品牌映射,brand:正新,档口/摊位,False,C:品牌映射,brand:正新,10-15,A,登封市,登封市,,,,,0,超大排加伴侣_小爆肚_原味鸡排_正新鸭肉串_正新羊肉串_火爆鱿鱼脚_藤椒鸡排_骨肉相连_原味奶茶_香酥鸡腿堡,,
H6bLTn2eUqCzAkJ6,大脸鸡排(先锋路店),Unknown,False,D:无证据,,鸡排,True,A:菜品直接证据,鸡排;鸡米花,裹粉炸,False,A:菜品直接证据,脆皮,孜然,True,A:菜品直接证据,孜然;甘梅,Unknown,False,D:无证据,,10-15,A,登封市,登封市,,1,,,0,抹茶奶茶_燕麦奶茶_柠檬红茶_茉莉绿茶_沙拉鸡排_甘梅薯条_红豆布丁奶茶_骨肉相连_土豆条_椰果奶茶,,
H9JoevqzM0frittf,正新鸡排·炸鸡烧烤(大同店),美式/西式,False,C:品牌映射,brand:正新,整鸡/大单品+鸡腿+鸡排,True,C:品牌映射,brand:正新,裹粉炸,False,C:品牌映射,brand:正新,原味+香辣,True,C:品牌映射,brand:正新,档口/摊位,False,C:品牌映射,brand:正新,15-20,A,二七区,火车站/二七广场,口味:3.4 环境:3.4 服务:3.4,49,,,0,小鸡肉串_美味大肉串_山楂汁_香酥鸡腿堡_香辣鸡排烤肠乳茶_黄金脆皮鸡排_正新碳烤鸡排_小鲜肉串_小牛肉串_小鸭肠串,,
l2W8qMe5GNsmywsN,口水鸡排(创佳紫薇城店),中式,False,C:品牌映射,brand:口水,整鸡/大单品+鸡腿+鸡排,True,C:品牌映射,brand:口水,生炸/现炸,False,C:品牌映射,brand:口水,香辣+甜辣,True,C:品牌映射,brand:口水,档口/摊位,False,C:品牌映射,brand:口水,15-20,A,登封市,登封市,口味:3.5 环境:3.5 服务:3.5,3,1,1,1,韩式炸鸡_脆皮芝士年糕_吃堡喝好_肉酱酸辣粉_酥炸全鸡_麻酱肉酱米线_劲脆鸡腿堡_霸王大里脊_肉酱鸡排拌饭_脆皮鸡排拌饭,,
l1bvHwx07NHX6mLX,姐妹花炸货铺,Unknown,False,D:无证据,,Unknown,False,D:无证据,,Unknown,False,D:无证据,,Unknown,False,D:无证据,,Unknown,False,D:无证据,,Unknown,D,登封市,登封市,,1,,,0,秘制肉串_面筋_年糕_香肠,,
k3LsuqPbP3qVmaYY,陈先生鸡排中式蒜香炸鸡,中式,False,C:店名推断,中式,鸡排,False,C:店名推断,鸡排,Unknown,False,D:无证据,,蒜香,False,C:店名推断,蒜香,Unknown,False,D:无证据,,Unknown,D,登封市,登封市,口味:3.4 环境:3.4 服务:3.4,1,,,0,,,
k1UW3LrcsExeN4K6,刘婉婉生炸妙龄鸡(白坪新区店),中式,False,C:品牌映射,brand:刘婉婉,鸡腿+鸡架/锁骨/叉骨+鸡块/鸡米花/鸡柳+鸡脖/其他部位,True,C:品牌映射,brand:刘婉婉,生炸/现炸,False,C:品牌映射,brand:刘婉婉,原味,False,C:品牌映射,brand:刘婉婉,档口/摊位,False,C:品牌映射,brand:刘婉婉,<10,A,登封市,登封市,口味:4.0 环境:4.0 服务:4.0,87,1,1,4,生炸鸡叉骨_称重鸡腿肉_鸡架_称重炸鸡脖_称重炸鸡背肉_称重炸鸡胗_无骨辣子鸡_奶香地瓜条_现炸黄金鸡柳_鸡背肉,,
G5gPArJqfPQmconc,五新鸡排,Unknown,False,D:无证据,,鸡排,False,C:店名推断,鸡排,Unknown,False,D:无证据,,Unknown,False,D:无证据,,堂食+外卖+团购,False,B:多字段组合,外卖:1/团购:1,20-30,A,登封市,登封市,口味:3.6 环境:3.6 服务:3.6,7,1,1,0,五香臭豆腐_沙糖桔,,
kaMx7mTZ5WGGjjdR,老白布袋馍(万博商城店),地方特色,False,A:菜品直接证据,长沙,鸡排,True,A:菜品直接证据,鸡排;鸡皮,Unknown,False,D:无证据,,Unknown,False,D:无证据,,含外卖,False,B:外卖字段,1,15-20,A,二七区,火车站/二七广场,口味:3.4 环境:3.5 服务:3.7,20,1,,0,羊肉串_鱼丸_清真烤香肠_清真烤鸭肠_炸兰花串_长沙臭豆腐串_清真玉米肠_金钢鸡排_清真大脸鸡排_清真网红淀粉肠,,
k5fw8kDkBfFMUdKS,新鸡排,Unknown,False,D:无证据,,鸡排,False,C:店名推断,鸡排,Unknown,False,D:无证据,,Unknown,False,D:无证据,,Unknown,False,D:无证据,,10-15,A,二七区,火车站/二七广场,口味:3.7 环境:3.7 服务:3.7,1094,,,0,,,
G7rLcqMks3ZwnWly,正大炸鸡(中岳大街店),Unknown,False,D:无证据,,整鸡/大单品+鸡腿,True,A:菜品直接证据,脆皮鸡;鸡腿;鸡翅;鸡叉骨;鸡米花;鸡胗,裹粉炸,False,A:菜品直接证据,脆皮,Unknown,False,D:无证据,,Unknown,False,D:无证据,,10-15,A,登封市,登封市,口味:3.4 环境:3.4 服务:3.4,1,,,0,欢乐拼盘_脆皮鸡整_烧鸡_卤全腿_怡宝纯净水_琵琶腿_凤爪_纯手工棒棒鸡_卤鸡腿_鸡肉块,,
l3vpLkkoxc2kxMZi,HMM韩国炸鸡(登封店),韩式,False,A:菜品直接证据,韩国,整鸡/大单品+鸡块/鸡米花/鸡柳,True,A:菜品直接证据,全鸡;翅根;鸡块,Unknown,False,D:无证据,,香辣+酱香,True,A:菜品直接证据,香辣;奥尔良,含外卖,False,B:外卖字段,1,Unknown,D,登封市,登封市,,,1,,0,奥尔良炸全鸡_香辣炸全鸡_炸年糕串_迷你小肉串_金甲鸡柳_红牛维生素功能饮料_藤椒鸡球_虎皮凤爪_深海鳕鱼排_甄稀冰淇淋,,
k8XUavCo0skEQJhm,口水鸡排(徐庄店),中式,False,C:品牌映射,brand:口水,鸡排+鸡架/锁骨/叉骨,True,C:品牌映射,brand:口水,生炸/现炸,False,C:品牌映射,brand:口水,香辣,False,C:品牌映射,brand:口水,档口/摊位,False,C:品牌映射,brand:口水,15-20,A,登封市,登封市,,,,,0,超大排_生炸鸡架_爆汁QQ肠_黑金鸡排_避风塘鸡排_脆皮薯条_白雪椰椰鸡排_脆皮年糕排_香脆鸡排堡_香辣鸡排堡,,
G4rW0JycXutoFJFb,小桥排骨,Unknown,False,D:无证据,,Unknown,False,D:无证据,,Unknown,False,D:无证据,,Unknown,False,D:无证据,,含外卖,False,B:外卖字段,1,15-20,A,登封市,登封市,,,1,,0,,,
ka1QgfEa1N5vxONU,怪味鸡(烟厂后街店),Unknown,False,D:无证据,,鸡翅,False,A:菜品直接证据,鸡翅,煸制,False,A:菜品直接证据,煸,香辣,False,A:菜品直接证据,麻辣,含外卖,False,B:外卖字段,1,10-15,A,二七区,火车站/二七广场,口味:3.5 环境:3.5 服务:3.5,2,1,,0,干煸龙豆_凉拌腐竹_干煸杏鲍鱼菇_凉拌木耳_水煮花生米_凉拌爽口大拉皮_凉拌白玉菇_凉拌香肠_麻辣酒鬼花生米_凉拌西兰花,,
l9jdDBR60i536aQ2,许师傅美式炸鸡,美式/西式,False,C:店名推断,美式炸鸡,Unknown,False,D:无证据,,Unknown,False,D:无证据,,Unknown,False,D:无证据,,Unknown,False,D:无证据,,Unknown,D,二七区,火车站/二七广场,,,,,0,,,
HaV8qu8MuYbiR4QU,御膳叉骨炸鸡(南关店),中式,False,C:品牌映射,brand:御膳,鸡翅+鸡块/鸡米花/鸡柳+鸡脖/其他部位,True,C:品牌映射,brand:御膳,生炸/现炸,False,C:品牌映射,brand:御膳,椒盐,False,C:品牌映射,brand:御膳,档口/摊位,False,C:品牌映射,brand:御膳,10-15,A,二七区,火车站/二七广场,口味:3.5 环境:3.5 服务:3.5,11,1,1,0,鸡翅根_鸡背肉_韩式无骨鸡块_鸡肉洋葱圈_罐装可乐_香酥炸鸡皮_罐装雪碧,,
l4ChsWoGqNIWxFgF,炸鸡,Unknown,False,D:无证据,,Unknown,False,D:无证据,,Unknown,False,D:无证据,,Unknown,False,D:无证据,,Unknown,False,D:无证据,,Unknown,D,二七区,火车站/二七广场,,,,,0,,,
H4wgAuFm0Z9vrKws,壹加壹汉堡炸鸡(郑州店),Unknown,False,D:无证据,,整鸡/大单品+鸡排,True,A:菜品直接证据,烤鸡;鸡腿;鸡排;鸡米花,裹粉炸,True,A:菜品直接证据,脆皮;烤鸡,酱香+酸甜,True,A:菜品直接证据,香辣;蜜汁;菠萝,含团购,False,B:团购字段,1,10-15,A,二七区,火车站/二七广场,口味:3.7 环境:3.7 服务:3.7,25,,1,0,黄金薯条_椰香果奶_蜜汁烤鸡_蛋挞_香芋果奶_多情的鸡_菠萝派_脆皮香蕉_大脸鸡排_深海鳕鱼堡,,
G6tUW31jPqHVasgK,多美士炸鸡汉堡(东三马路店),美式/西式,False,C:品牌映射,brand:多美士,鸡排,False,C:品牌映射,brand:多美士,裹粉炸,False,C:品牌映射,brand:多美士,原味,False,C:品牌映射,brand:多美士,外卖型,False,C:品牌映射,brand:多美士,10-15,A,二七区,火车站/二七广场,口味:3.5 环境:3.4 服务:3.4,13,1,1,21,薯条_劲脆鸡腿堡_真香翅盒_黄金紫薯酥_骨肉相_冰柠果蜜柠檬汁,,
H48JV1LUDjP95GRr,昊晟叉骨·脆皮炸鸡,中式,False,C:店名推断,脆皮炸鸡,鸡架/锁骨/叉骨,False,C:店名推断,叉骨,裹粉炸,False,C:店名推断,脆皮,Unknown,False,D:无证据,,Unknown,False,D:无证据,,Unknown,D,二七区,火车站/二七广场,,,,,0,,,
H6kBx6GN4PM4jvVo,多美士炸鸡汉堡(中原新城店),美式/西式,False,C:品牌映射,brand:多美士,鸡腿+鸡翅+鸡块/鸡米花/鸡柳,True,C:品牌映射,brand:多美士,裹粉炸,False,C:品牌映射,brand:多美士,香辣+酱香,True,C:品牌映射,brand:多美士,外卖型,False,C:品牌映射,brand:多美士,10-15,A,中原区,儿童公园/凯旋门,口味:3.6 环境:3.6 服务:3.6,6,1,1,21,果蜜冰爽柠檬水_奥尔良烤腿堡_蛋挞_果珍_香辣鸡腿堡_酷啦啦小排_奥尔良烤翅_拉丝热狗棒_川香鸡柳_玉米杯,,
H8GYCu2AXBaaIVfC,豫中徐记·咖喱鸡肉夹饼(布厂街总店),Unknown,False,D:无证据,,Unknown,False,D:无证据,,Unknown,False,D:无证据,,香辣,True,A:菜品直接证据,辣;番茄,含外卖,False,B:外卖字段,1,<10,A,二七区,火车站/二七广场,口味:3.7 环境:3.6 服务:3.7,82,1,,0,咖喱鸡肉夹饼标准版,,
k4iwo854RzYOT95Z,享哆味·汉堡炸鸡(登封告成店),Unknown,False,D:无证据,,整鸡/大单品+鸡翅,True,A:菜品直接证据,全鸡;翅根,裹粉炸,False,A:菜品直接证据,脆皮,甜辣+酱香+酸甜,True,A:菜品直接证据,蜂蜜;蜜汁;菠萝,堂食+外卖+团购,False,B:多字段组合,外卖:1/团购:1,10-15,A,登封市,登封市,口味:3.8 环境:3.9 服务:3.9,9,1,1,0,脆皮全鸡_小薯_蜜汁全鸡_藤椒翅根_黄金版烧堡_蜜汁小腿_黄金脆香伴翅_芝芝高升热狗棒_流心吉士虾排堡_元气蜂蜜柚子茶,,
H5lN8L5CbumZ6g74,口水鸡排·韩式炸鸡·汉堡(告成店),中式,False,C:品牌映射,brand:口水,鸡腿+鸡排+鸡架/锁骨/叉骨,True,C:品牌映射,brand:口水,生炸/现炸,False,C:品牌映射,brand:口水,香辣,False,C:品牌映射,brand:口水,档口/摊位,False,C:品牌映射,brand:口水,15-20,A,登封市,登封市,口味:3.5 环境:3.5 服务:3.5,3,1,1,1,劲脆鸡腿堡_麻酱肉酱米线_肉酱酸辣粉_生炸鸡架_椰果奶绿_牛肉汉堡_白雪椰椰鸡排_超大排_香脆鸡排堡_避风塘鸡排,,
l7BmCrIui5lEHik4,新纳西汉堡炸鸡(东区店),美式/西式,False,C:品牌映射,brand:新纳西,鸡排,False,C:品牌映射,brand:新纳西,裹粉炸,False,C:品牌映射,brand:新纳西,原味+黑胡椒,True,C:品牌映射,brand:新纳西,外卖型,False,C:品牌映射,brand:新纳西,<10,A,登封市,登封市,,1,1,1,0,新蝴蝶虾_新东北香甜玉米杯_新香芋派_新红豆派_新草莓汁_新经典无骨鸡柳_新黑椒牛肉饭_新鳕鱼堡_新骨肉相连_新双层牛肉堡堡,,
k20oXhaLm5pWFZ3C,延庆观炸鸡(南关街店),中式,False,C:品牌映射,brand:延庆观,鸡翅+鸡架/锁骨/叉骨+鸡块/鸡米花/鸡柳+鸡脖/其他部位,True,C:品牌映射,brand:延庆观,卤炸,False,C:品牌映射,brand:延庆观,黑胡椒+酸甜,True,C:品牌映射,brand:延庆观,档口/摊位,False,C:品牌映射,brand:延庆观,20-30,A,二七区,火车站/二七广场,口味:3.8 环境:3.8 服务:3.8,259,1,1,0,牙签肉_鸡翅中_甘梅粉_黑胡椒粉_鸡米花牙签肉混合装_秘制叉骨_鸡全翅_花花牛益生菌_脆骨肉_黄金鸡皮,,
k92ijLlTj3WQhCDH,延庆观炸鸡(金城街店),中式,False,C:品牌映射,brand:延庆观,鸡腿+鸡翅+鸡块/鸡米花/鸡柳+鸡脖/其他部位,True,C:品牌映射,brand:延庆观,卤炸,False,C:品牌映射,brand:延庆观,香辣+甜辣+酸甜,True,C:品牌映射,brand:延庆观,档口/摊位,False,C:品牌映射,brand:延庆观,15-20,A,二七区,火车站/二七广场,口味:3.8 环境:3.8 服务:3.8,18,1,1,0,鸡腿_鸡皮_鸡块_烤千叶豆腐_招牌鸡米花_品牌番茄酱_翅根_翅中_品牌甜辣酱,,
l8sJzBwdfuFvoP8Q,正新鸡排(布厂街店),美式/西式,False,C:品牌映射,brand:正新,鸡排+鸡架/锁骨/叉骨+鸡块/鸡米花/鸡柳+鸡脖/其他部位,True,C:品牌映射,brand:正新,裹粉炸,False,C:品牌映射,brand:正新,原味+黑胡椒+酸甜,True,C:品牌映射,brand:正新,档口/摊位,False,C:品牌映射,brand:正新,15-20,A,二七区,火车站/二七广场,口味:3.8 环境:3.8 服务:3.8,6,1,1,0,正新藤椒鸡排_正新鸡胗串_黑椒鸡块_正新鸡米花_原味奶茶_正新鸡肉堡_正新薯条_锁骨串_正新鸡排堡_正新薯条甘梅味,,
l3tGzDjoMs2cJw5Q,湘城学姐烤串,Unknown,False,D:无证据,,鸡块/鸡米花/鸡柳,False,A:菜品直接证据,鸡柳,Unknown,False,D:无证据,,Unknown,False,D:无证据,,含团购,False,B:团购字段,1,<10,A,二七区,火车站/二七广场,口味:3.5 环境:3.5 服务:3.5,4,,1,0,烤大肉串_鸡柳串_烤鱿鱼丝_烤淀粉肠_烤大鱿鱼_烤鸭肉串_招牌灌浆臭豆腐_烤龙虾球,,
H6jIUiNHs3axR2Z6,HOOTGIRL韩式炸鸡·火鸡面(郑州店),韩式,False,C:店名推断,韩式,Unknown,False,D:无证据,,Unknown,False,D:无证据,,Unknown,False,D:无证据,,含外卖,False,B:外卖字段,1,20-30,A,二七区,火车站/二七广场,口味:3.4 环境:3.4 服务:3.4,2,1,,0,,,
H1VXJMo1NEFVccgh,鸡王香酥麻辣鸡,中式,True,A:菜品直接证据,香酥鸡;东北,整鸡/大单品,True,A:菜品直接证据,香酥鸡;鸡腿,Unknown,False,D:无证据,,原味,True,A:菜品直接证据,香酥;辣椒,Unknown,False,D:无证据,,20-30,A,二七区,火车站/二七广场,口味:3.5 环境:3.5 服务:3.5,4,,,0,鸡王饼拌鸡_爆炸的烤肠_秘制饼单点不做_份全家桶_崂山啤酒_香酥小酥肉_顺心长寿面_阳光芬达_狼牙土豆_幸福大满贯,,
k2UEJMDI3QmmlKj0,炸鸡与三明治,Unknown,False,D:无证据,,鸡块/鸡米花/鸡柳,False,A:菜品直接证据,鸡块,Unknown,False,D:无证据,,黑胡椒,False,A:菜品直接证据,黑椒,Unknown,False,D:无证据,,Unknown,D,登封市,登封市,,,,,0,紫薯肉松三明治_洋葱圈_黑椒鸡块,,
k6281XOXxlEu2V7R,华乐士炸鸡汉堡(大金店),Unknown,False,D:无证据,,Unknown,False,D:无证据,,Unknown,False,D:无证据,,Unknown,False,D:无证据,,含团购,False,B:团购字段,1,10-15,A,登封市,登封市,口味:3.6 环境:3.6 服务:3.7,9,,1,0,牛肉风味汉堡_黑西哥鸡肉卷_酸菜鱼堡,,
H75wuBWzD5r25qbT,帅小滋汉堡炸鸡(乌海线店),Unknown,False,D:无证据,,Unknown,False,D:无证据,,Unknown,False,D:无证据,,Unknown,False,D:无证据,,Unknown,False,D:无证据,,Unknown,D,登封市,登封市,,,,,0,,,
l8K6DRRreAlUKEXL,多美士炸鸡汉堡(东润城店),美式/西式,False,C:品牌映射,brand:多美士,鸡排,False,C:品牌映射,brand:多美士,裹粉炸,False,C:品牌映射,brand:多美士,香辣+酸甜,True,C:品牌映射,brand:多美士,外卖型,False,C:品牌映射,brand:多美士,15-20,A,中牟县,白沙镇,口味:3.4 环境:3.4 服务:3.4,1,1,1,3,卤辣鸡架_牛排汉堡_赤焰烤全腿_鱼香肉丝_秘制牛肉面_菠萝堡_双椒鸡焖面_红宝石石榴茶_青柚果咖_桑葚柠檬茶,,
H67sgiR6EM3TEEWX,香酥炸蘑菇,Unknown,False,D:无证据,,Unknown,False,D:无证据,,裹粉炸,False,C:店名推断,酥炸,原味,False,C:店名推断,香酥,含外卖,False,B:外卖字段,1,Unknown,D,登封市,百货大楼/中天广场,,,1,,0,,,
jgciJTJFZRSWsFXq,郭记特色炸鸡,Unknown,False,D:无证据,,鸡腿+鸡块/鸡米花/鸡柳,True,A:菜品直接证据,鸡腿;鸡柳,Unknown,False,D:无证据,,Unknown,False,D:无证据,,含团购,False,B:团购字段,1,Unknown,D,中牟县,百乐汇购物广场,,,,1,0,手切鸡柳_炸鸡腿,,
G5WVefvGDvfOXLV9,燕姐炸鸡,Unknown,False,D:无证据,,Unknown,False,D:无证据,,Unknown,False,D:无证据,,Unknown,False,D:无证据,,含外卖,False,B:外卖字段,1,10-15,A,中牟县,百乐汇购物广场,,,1,,0,,,
k23FOwK1ATjQ1P7M,金闵熙·韩式炸鸡(白沙店),韩式,False,C:品牌映射,brand:金闵熙,鸡块/鸡米花/鸡柳,False,C:品牌映射,brand:金闵熙,裹粉炸,False,C:品牌映射,brand:金闵熙,甜辣,False,C:品牌映射,brand:金闵熙,外卖型,False,C:品牌映射,brand:金闵熙,20-30,A,中牟县,白沙镇,,,,,0,黄焖鸡,,
H6aAwIkdCvRM0JEH,正新鸡排(百乐汇店),美式/西式,False,C:品牌映射,brand:正新,鸡排,False,C:品牌映射,brand:正新,裹粉炸,False,C:品牌映射,brand:正新,原味,False,C:品牌映射,brand:正新,档口/摊位,False,C:品牌映射,brand:正新,10-15,A,中牟县,百乐汇购物广场,口味:3.4 环境:3.5 服务:3.5,,1,,0,,,
FKKQDZZEXkDsdWf4,黎太院·韩式炸鸡(白沙店),韩式,False,C:品牌映射,brand:黎太院,鸡块/鸡米花/鸡柳,False,C:品牌映射,brand:黎太院,裹粉炸,False,C:品牌映射,brand:黎太院,甜辣,False,C:品牌映射,brand:黎太院,堂食+外带,False,C:品牌映射,brand:黎太院,15-20,A,中牟县,白沙镇,,,1,,0,嫩脆小翅根_爆辣韩式火鸡面酥酥糯糯年糕,,
k30dnpLcCB2zhkvc,想吉乐炸鸡(碧桃路店),Unknown,False,D:无证据,,Unknown,False,D:无证据,,Unknown,False,D:无证据,,Unknown,False,D:无证据,,Unknown,False,D:无证据,,Unknown,D,中原区,瑞达路沿线,,,,,0,,,
l8yD9xpaP0rNw5tK,叫了只炸鸡(丁香里店),中式,False,C:品牌映射,brand:叫了只,整鸡/大单品,False,C:品牌映射,brand:叫了只,生炸/现炸,False,C:品牌映射,brand:叫了只,原味,False,C:品牌映射,brand:叫了只,外卖型,False,C:品牌映射,brand:叫了只,20-30,A,中原区,瑞达路沿线,,,1,,0,,,
l237dv9PhlhZVLIb,韩磊东北大碗麻辣烫炸串(冬青街店),地方特色,False,C:店名推断,东北,Unknown,False,D:无证据,,Unknown,False,D:无证据,,香辣,False,A:菜品直接证据,麻辣,堂食+外卖+团购,False,B:多字段组合,外卖:1/团购:1,15-20,A,中原区,瑞达路沿线,口味:3.7 环境:3.9 服务:3.9,36,1,1,0,土豆泥麻辣烫,,
l4F7Fk7i3W0SHNjd,即可炸鸡,Unknown,False,D:无证据,,Unknown,False,D:无证据,,Unknown,False,D:无证据,,Unknown,False,D:无证据,,含外卖,False,B:外卖字段,1,Unknown,D,中原区,瑞达路沿线,,,1,,0,,,
H65f2iDy3EOKhluE,小幺鸡·韩式炸鸡(正弘汇店),韩式,False,C:店名推断,韩式,Unknown,False,D:无证据,,Unknown,False,D:无证据,,Unknown,False,D:无证据,,含外卖,False,B:外卖字段,1,Unknown,D,中原区,瑞达路沿线,,,1,,0,,,
k61JEu6tcSJSZgSl,黎太院韩式炸鸡(瑞达路店),韩式,False,C:品牌映射,brand:黎太院,鸡块/鸡米花/鸡柳,False,C:品牌映射,brand:黎太院,裹粉炸,False,C:品牌映射,brand:黎太院,甜辣,False,C:品牌映射,brand:黎太院,堂食+外带,False,C:品牌映射,brand:黎太院,20-30,A,中原区,瑞达路沿线,,,1,,0,,,
l9nzBe4SE89gggFR,杠杠香·东北炸串(炸串·拌饼),地方特色,False,C:店名推断,东北,Unknown,False,D:无证据,,Unknown,False,D:无证据,,Unknown,False,D:无证据,,含外卖,False,B:外卖字段,1,Unknown,D,中原区,瑞达路沿线,,,1,,0,,,
k1nfJYcPaDps6SNq,偶遇盖码饭·小碗菜(高新店),Unknown,False,D:无证据,,Unknown,False,D:无证据,,Unknown,False,D:无证据,,Unknown,False,D:无证据,,含外卖,False,B:外卖字段,1,Unknown,D,中原区,瑞达路沿线,,,1,,0,,,
H4IpEVzUaTOHYEzl,王记酱肉炸鸡,Unknown,False,D:无证据,,Unknown,False,D:无证据,,Unknown,False,D:无证据,,Unknown,False,D:无证据,,Unknown,False,D:无证据,,Unknown,D,中原区,瑞达路沿线,,,,,0,,,
k4Kg8cGy8ua8xDn5,龍饮塘 鲜果茶 炸鸡 土豆粉,Unknown,False,D:无证据,,整鸡/大单品+鸡腿+鸡块/鸡米花/鸡柳,True,A:菜品直接证据,脆皮鸡;鸡腿;鸡翅;鸡块,裹粉炸,False,A:菜品直接证据,脆皮,酱香+酸甜,True,A:菜品直接证据,香辣;奥尔良;菠萝,堂食+外卖+团购,False,B:多字段组合,外卖:1/团购:1,10-15,A,二七区,火车站/二七广场,口味:3.8 环境:3.9 服务:3.9,26,1,1,0,脆皮鸡腿_奥尔良鸡腿堡_盐酥鸡块_多肉莓莓_菠萝派_多肉葡萄_银耳雪梨_棒打鲜橙_满杯百香果_冰卡布奇诺,,
l8oEkZ7fRhOjAARl,御香炸鸡烤肉饭(五中店),Unknown,False,D:无证据,,鸡排,False,A:菜品直接证据,鸡排,Unknown,False,D:无证据,,黑胡椒+酱香,True,A:菜品直接证据,黑椒;照烧;番茄,堂食+外带,False,C:店名推断,烤肉,10-15,A,二七区,火车站/二七广场,口味:3.5 环境:3.5 服务:3.5,29,1,1,0,照烧烤肉饭_煎蛋_鸡排_黑椒烤肉饭_烤肠_地瓜丸_鱼籽丸子,,
H3iRwpeAfz0C4C7S,云南怪味鸡·炸鸡,Unknown,False,D:无证据,,鸡翅,True,A:菜品直接证据,鸡翅;叉骨;鸡块,Unknown,False,D:无证据,,蒜香,False,A:菜品直接证据,蒜香,Unknown,False,D:无证据,,<10,A,二七区,火车站/二七广场,口味:3.3 环境:3.3 服务:3.3,3,,,0,蒜香鸡块_黄金腿_特色鸡米_素莲夹,,
l9MBKmZPaWWM56g8,邱师傅炸鸡汉堡,Unknown,False,D:无证据,,Unknown,False,D:无证据,,Unknown,False,D:无证据,,Unknown,False,D:无证据,,Unknown,False,D:无证据,,15-20,A,中原区,瑞达路沿线,口味:3.5 环境:3.5 服务:3.5,3,,,0,,,
l9MMQzChRAjqi6kh,满巍明生炸鸡架(南关街店),中式,False,C:品牌映射,brand:满巍明,整鸡/大单品+鸡腿+鸡架/锁骨/叉骨+鸡块/鸡米花/鸡柳+鸡脖/其他部位,True,C:品牌映射,brand:满巍明,生炸/现炸,False,C:品牌映射,brand:满巍明,香辣,False,C:品牌映射,brand:满巍明,档口/摊位,False,C:品牌映射,brand:满巍明,15-20,A,二七区,火车站/二七广场,口味:4.0 环境:3.9 服务:3.9,25,,,19,鸡腱腿_芝香藕条_椒盐架豆王_轰炸大鸡腿_给力大鸡柳_生椰鸡腱_超级鸡叉骨_生椰拿铁鸡腱腿_生椰拿铁鸡脖_生椰拿铁鸡肋条,,
la0rYFHt4P5zOLCk,爱上叉骨炸鸡,Unknown,False,D:无证据,,鸡腿+鸡架/锁骨/叉骨+鸡块/鸡米花/鸡柳,True,A:菜品直接证据,鸡腿;叉骨;鸡柳,Unknown,False,D:无证据,,Unknown,False,D:无证据,,堂食+外卖+团购,False,B:多字段组合,外卖:1/团购:1,15-20,A,管城回族区,经开区,口味:3.5 环境:3.5 服务:3.5,4,1,1,0,黄金小叉骨_龙骨脆_特色无骨鸡柳_招牌叉骨_特色鸡腿肉,,
k2SrtQzMh7yWGSny,牛妖王嫩牛五方(曼哈顿店),Unknown,False,D:无证据,,鸡排+鸡块/鸡米花/鸡柳,True,A:菜品直接证据,鸡排;鸡块,裹粉炸,False,A:菜品直接证据,脆皮,香辣+甜辣,True,A:菜品直接证据,川辣;芝士;黑胡椒,含外卖,False,B:外卖字段,1,<10,A,管城回族区,管城回族区,口味:3.4 环境:3.4 服务:3.4,6,1,,0,妖王爆汁杏鲍菇_只对你榴莲_桃士逃不掉_下油锅的鸡_芝士爆浆鸡排_辣翅辣腿_黄金脆皮奶_深海鲟鱼条_大口酥鸡块_零度无糖可口可乐,,
G4hgvYm4yg2eIQt0,,韩式,False,A:菜品直接证据,韩式,鸡脖/其他部位,False,A:菜品直接证据,鸡皮,Unknown,False,D:无证据,,香辣,True,A:菜品直接证据,辣;甜辣;黑胡椒,Unknown,False,D:无证据,,Unknown,D,登封市,,,,,,0,裹面茄子片_炸包菜串_油麦_热狗棒_鸡皮_青瓜片_油炸茄子片_黑胡椒烧烧酱_黑胡椒甜面酱_裹面豆排,,
l5hs3feazTloX1BR,HMM韩国炸鸡(登封鸡鸣公园店),韩式,False,A:菜品直接证据,韩国炸鸡,鸡腿+鸡块/鸡米花/鸡柳,True,A:菜品直接证据,炸鸡块;鸡腿;鸡块,Unknown,False,D:无证据,,Unknown,False,D:无证据,,堂食+外卖+团购,False,B:多字段组合,外卖:1/团购:1,10-15,A,登封市,百货大楼/中天广场,,,1,1,0,招牌韩国炸鸡_夏日鸡肉堡_鲜虾堡_招牌鸡腿_招牌韩国炸鸡块,,
k1TJkDq2U6s3igv3,滋滋肴·歪瑞good炸串手抓饭,Unknown,False,D:无证据,,Unknown,False,D:无证据,,Unknown,False,D:无证据,,甜辣,False,A:菜品直接证据,蜂蜜,堂食+外卖+团购,False,B:多字段组合,外卖:1/团购:1,Unknown,D,登封市,百货大楼/中天广场,口味:3.4 环境:3.4 服务:3.4,,1,1,0,芝士味烤肉拌饭_蜂蜜烤肉拌饭_紫菜鲜肉烤肉拌饭,,
l5CKqqq5riZy3IBu,Hot Boy韩式炸鸡&火鸡面(大禹城店),韩式,False,A:菜品直接证据,火鸡面,鸡块/鸡米花/鸡柳,False,A:菜品直接证据,无骨炸鸡,Unknown,False,D:无证据,,香辣+甜辣+黑胡椒+酸甜+芥末,True,A:菜品直接证据,辣子;蜂蜜;黑胡椒;番茄;芥末,堂食+外卖+团购,False,B:多字段组合,外卖:1/团购:1,10-15,A,登封市,百货大楼/中天广场,,,1,1,0,辣子火鸡面_番茄酱无骨炸鸡_甜醋酱无骨炸鸡_蜂蜜蛋黄无骨炸鸡_甘梅粉无骨炸鸡_笑脸薯饼_无骨鸡肉腿_琥珀酱无骨炸鸡_黑胡椒无骨炸鸡_蜂蜜芥末无骨炸鸡,,
H3WO04fTtHUhwTyK,爱上烙馍卷串,Unknown,False,D:无证据,,Unknown,False,D:无证据,,Unknown,False,D:无证据,,Unknown,False,D:无证据,,堂食+外卖+团购,False,B:多字段组合,外卖:1/团购:1,<10,A,登封市,百货大楼/中天广场,口味:3.4 环境:3.4 服务:3.4,1,1,1,0,统一冰红茶_海之言柠檬_统一冰糖雪梨_卷菜_卷香肠_卷鸡蛋_芬达拉罐_冰爆爽碳酸饮料黑加仑口味_李子园核桃花生牛奶_糯米水果粥,,
k15HfHYSoOQ59mMb,刘婉婉生炸妙龄鸡(嵩山路店),中式,False,C:品牌映射,brand:刘婉婉,鸡架/锁骨/叉骨+鸡块/鸡米花/鸡柳,True,C:品牌映射,brand:刘婉婉,生炸/现炸,False,C:品牌映射,brand:刘婉婉,原味,False,C:品牌映射,brand:刘婉婉,档口/摊位,False,C:品牌映射,brand:刘婉婉,<10,A,登封市,百货大楼/中天广场,口味:4.0 环境:4.0 服务:4.0,38,1,1,4,鸡背肉_奶香地瓜条_叉骨_无骨辣子鸡_现炸黄金鸡柳_无骨上腿肉,,
G56KDId1VG67efnA,满小满生炸喔喔鸡,Unknown,False,D:无证据,,鸡腿+鸡块/鸡米花/鸡柳,True,A:菜品直接证据,鸡腿;鸡柳,生炸/现炸,False,A:菜品直接证据,生炸,Unknown,False,D:无证据,,含团购,False,B:团购字段,1,15-20,A,登封市,百货大楼/中天广场,,,,1,0,生炸小鸡腿_鸡柳年糕薯条三拼,,
jqRVXV5zO971b5zh,叽叽炸炸,Unknown,False,D:无证据,,Unknown,False,D:无证据,,Unknown,False,D:无证据,,Unknown,False,D:无证据,,堂食+外卖+团购,False,B:多字段组合,外卖:1/团购:1,10-15,A,登封市,百货大楼/中天广场,口味:3.5 环境:3.5 服务:3.5,2,1,1,0,铁板鸭血_铁板豆腐,,
l6McADYNNMxO8KPI,熊家无二·韩式炸鸡&部队火锅(登封店),韩式,False,C:品牌映射,brand:熊家,鸡翅,False,C:品牌映射,brand:熊家,裹粉炸,False,C:品牌映射,brand:熊家,原味+蒜香+甜辣+酱香,True,C:品牌映射,brand:熊家,外卖型,False,C:品牌映射,brand:熊家,20-30,A,登封市,百货大楼/中天广场,口味:4.0 环境:4.0 服务:4.0,54,1,1,0,熊熊汉堡_蒜香酱油_经典辛拉面_一口肠_石板豆腐_儿童烤牛肉拌饭_芝士玉米_肥牛石锅拌饭_韩风鸡腿汉堡_炸饺子,,
jTO10lRSgxd27LsF,食尚御膳叉骨炸鸡(中岳大街店),中式,False,C:品牌映射,brand:御膳,鸡架/锁骨/叉骨,False,C:品牌映射,brand:御膳,生炸/现炸,False,C:品牌映射,brand:御膳,椒盐,False,C:品牌映射,brand:御膳,档口/摊位,False,C:品牌映射,brand:御膳,10-15,A,登封市,百货大楼/中天广场,,,,,0,御膳鸡块,,
HapCiKEQZPuY99Fy,延庆观炸鸡(菜园路店),中式,False,C:品牌映射,brand:延庆观,整鸡/大单品,False,C:品牌映射,brand:延庆观,卤炸,False,C:品牌映射,brand:延庆观,香辣+酸甜,True,C:品牌映射,brand:延庆观,档口/摊位,False,C:品牌映射,brand:延庆观,15-20,A,登封市,百货大楼/中天广场,,2,1,,0,浓浓的番茄汁_秒赞范儿山楂汁_无刺鱼_麻辣拌翅_秒赞范儿青芒果汁_超值手枪腿,,
H7gj67szj6nJbKBy,正新鸡排炸鸡烧烤(苹果园店),美式/西式,False,C:品牌映射,brand:正新,整鸡/大单品+鸡腿+鸡翅+鸡排+鸡块/鸡米花/鸡柳,True,C:品牌映射,brand:正新,裹粉炸,False,C:品牌映射,brand:正新,原味+黑胡椒,True,C:品牌映射,brand:正新,档口/摊位,False,C:品牌映射,brand:正新,10-15,A,登封市,百货大楼/中天广场,口味:4.0 环境:4.0 服务:4.0,18,1,1,0,桂花酸梅气泡水_疯狂烤翅_金丝鸡排_鸭肉串_正新鸡肉串_乳茶_香酥鸡腿堡_海盐柚子气泡水_黑椒鸡块_纯肉开花肠,,
G3YoZcf6f8vz6h5t,刘婉婉生炸妙龄鸡(登封东关街店),中式,False,C:品牌映射,brand:刘婉婉,鸡架/锁骨/叉骨+鸡块/鸡米花/鸡柳,True,C:品牌映射,brand:刘婉婉,生炸/现炸,False,C:品牌映射,brand:刘婉婉,原味,False,C:品牌映射,brand:刘婉婉,档口/摊位,False,C:品牌映射,brand:刘婉婉,10-15,A,登封市,百货大楼/中天广场,口味:3.4 环境:3.5 服务:3.5,38,1,1,4,鸡背肉_叉骨_无骨辣子鸡_现炸黄金鸡柳_奶香地瓜条_无骨上腿肉,,
H3rASCmIftcIIRHy,正新鸡排·炸鸡烧烤(嵩山店),美式/西式,False,C:品牌映射,brand:正新,整鸡/大单品+鸡翅+鸡排+鸡块/鸡米花/鸡柳,True,C:品牌映射,brand:正新,裹粉炸,False,C:品牌映射,brand:正新,原味,False,C:品牌映射,brand:正新,档口/摊位,False,C:品牌映射,brand:正新,10-15,A,登封市,百货大楼/中天广场,口味:3.7 环境:3.6 服务:3.6,117,1,1,0,香辣大鸡排_中国鸡排汉堡_欢乐炸鸡桶_黄金薯塔_海苔鸡肉圈_正新鸡柳_疯狂烤翅_脆皮香蕉_美式薯条_海盐柚子气泡水,,
G7UstRzR8wsXvDNl,叫了只炸鸡(登封旗舰店),中式,False,C:品牌映射,brand:叫了只,鸡翅+鸡块/鸡米花/鸡柳,True,C:品牌映射,brand:叫了只,生炸/现炸,False,C:品牌映射,brand:叫了只,香辣+蒜香+甜辣+酱香+酸甜,True,C:品牌映射,brand:叫了只,外卖型,False,C:品牌映射,brand:叫了只,<10,A,登封市,百货大楼/中天广场,,,1,1,0,番茄酱薯条_芝士奶香炸鸡酱_雪媚娘大福_劲爆鸡米花_火山石纯肉烤肠_咸蛋黄炸鸡酱_川香麻辣炸鸡酱_蒜香酱油炸鸡酱_香辣鸡翅根_琥珀梦炸鸡境酱,,
Ev3jz696wX3K2TIS,一家被火鸡面耽误的炸鸡自助店,韩式,False,A:菜品直接证据,火鸡面,鸡块/鸡米花/鸡柳,False,A:菜品直接证据,无骨炸鸡,Unknown,False,D:无证据,,香辣+甜辣+孜然+黑胡椒+酸甜,True,A:菜品直接证据,香辣;甜辣;孜然;黑胡椒;番茄;芥末,堂食+外带,False,C:店名推断,自助,10-15,A,登封市,百货大楼/中天广场,口味:3.5 环境:3.5 服务:3.5,3,1,1,0,蜂蜜蛋黄无骨炸鸡_甜醋酱无骨炸鸡_香辣孜然无骨炸鸡_番茄酱无骨炸鸡_招牌甜辣无骨炸鸡_琥珀酱无骨炸鸡_甘梅粉无骨炸鸡_黑胡椒无骨炸鸡_无骨鸡肉腿,,
l5ryau9RnaiuxI0u,玛吉奈黄焖鸡米饭(登封店),韩式,True,A:菜品直接证据,甜辣炸鸡;双拼,鸡翅+鸡块/鸡米花/鸡柳,True,A:菜品直接证据,翅根;鸡米花,Unknown,False,D:无证据,,香辣+甜辣,True,A:菜品直接证据,香辣;甜辣,堂食+外卖+团购,False,B:多字段组合,外卖:1/团购:1,10-15,A,登封市,百货大楼/中天广场,,,1,1,0,鸡米花_双拼炸鸡_海苔鸡柳_九宫格炸鸡_香煎脆骨饼_甜辣炸鸡_烈焰炸鸡火鸡面_雪花芝士翅根_藤椒香辣翅尖,,
H79Fypq350GxBbPG,ZOON首尔炸鸡,韩式,False,A:菜品直接证据,韩式,鸡块/鸡米花/鸡柳,False,A:菜品直接证据,鸡块,Unknown,False,D:无证据,,香辣+甜辣+芥末,True,A:菜品直接证据,辣;甜辣;芥末,堂食+外卖+团购,False,B:多字段组合,外卖:1/团购:1,50+,A,登封市,百货大楼/中天广场,,,1,1,0,韩式甜辣鸡块_三养火鸡面_甜辣炸鸡_芥末炸鸡,,
G2mOeuSTQUGF2zbK,The first韩式炸鸡,韩式,False,C:店名推断,韩式,Unknown,False,D:无证据,,Unknown,False,D:无证据,,Unknown,False,D:无证据,,含外卖,False,B:外卖字段,1,Unknown,D,登封市,百货大楼/中天广场,,,1,,0,,,
H8JXWHBVAHV5Rla8,王记鸡柳卷饼(烤鱿鱼),Unknown,False,D:无证据,,鸡块/鸡米花/鸡柳,False,A:菜品直接证据,鸡柳,Unknown,False,D:无证据,,Unknown,False,D:无证据,,含团购,False,B:团购字段,1,Unknown,D,登封市,百货大楼/中天广场,,,,1,0,鱿鱼片_鸡柳卷饼,,
G687AQjZTXTECraU,欢喜·烧饼炸串,中式,False,A:菜品直接证据,香酥鸡,整鸡/大单品,True,A:菜品直接证据,香酥鸡;鸡米花,Unknown,False,D:无证据,,原味+黑胡椒,True,A:菜品直接证据,香酥;黑椒,含团购,False,B:团购字段,1,50+,A,登封市,百货大楼/中天广场,,,,1,0,炸素肠_超大豆腐串_豆腐扣_生菜_炸面筋串_鱼豆腐_香酥棒棒鸡_香菇_培根金针菇_黑椒肉肠,,
G5wtQVnL0W1NHCru,9块9柠檬爆汁鸡叉骨,Unknown,False,D:无证据,,鸡架/锁骨/叉骨,False,A:菜品直接证据,鸡叉骨,Unknown,False,D:无证据,,Unknown,False,D:无证据,,含团购,False,B:团购字段,1,<10,A,登封市,百货大楼/中天广场,,,,1,0,,,
l7AOE6tMGCrVioc9,福饱饱(韩式炸鸡·小吃·意面),Unknown,False,D:无证据,,Unknown,False,D:无证据,,Unknown,False,D:无证据,,Unknown,False,D:无证据,,含外卖,False,B:外卖字段,1,Unknown,D,登封市,百货大楼/中天广场,,,1,,0,,,
H9GHTIsedBnCIkNs,正新鸡排(嵩山路店),美式/西式,False,C:品牌映射,brand:正新,整鸡/大单品+鸡腿+鸡排+鸡架/锁骨/叉骨+鸡块/鸡米花/鸡柳,True,C:品牌映射,brand:正新,裹粉炸,False,C:品牌映射,brand:正新,原味+香辣+甜辣+黑胡椒,True,C:品牌映射,brand:正新,档口/摊位,False,C:品牌映射,brand:正新,10-15,A,登封市,百货大楼/中天广场,口味:3.6 环境:3.7 服务:3.6,221,1,1,0,香辣鸡排_藤椒鸡条_椒皇炸子鸡_美味薯条_焦嫩鸡叉骨_香酥鸡腿堡_小鸡肉串_黑椒鸡块_拉丝芝士棒_鸡米花,,
l1pOkfe74R9uJ0uZ,爆掌柜生炸鸡架(嵩山广场店),中式,False,C:品牌映射,brand:爆掌柜,整鸡/大单品+鸡腿+鸡翅+鸡排+鸡架/锁骨/叉骨+鸡块/鸡米花/鸡柳,True,C:品牌映射,brand:爆掌柜,生炸/现炸,False,C:品牌映射,brand:爆掌柜,香辣+酱香,True,C:品牌映射,brand:爆掌柜,档口/摊位,False,C:品牌映射,brand:爆掌柜,10-15,A,登封市,百货大楼/中天广场,口味:3.6 环境:3.6 服务:3.6,10,1,1,0,生炸鸡叉骨_生炸鸡腿肉_奥尔良腿排夹饼_咖喱鸡柳肉夹饼_五香里脊肉夹饼_麻辣伴翅_生炸麻辣翅尖_香辣伴翅_生炸手枪腿_五香炭烤鸡排夹饼,,
G5LqiyV8SpAYZ5jh,战杰炸鸡(登封店),复合型,False,A:菜品直接证据,双拼,鸡腿,True,A:菜品直接证据,鸡腿;鸡叉骨,Unknown,False,D:无证据,,香辣+酸甜,True,A:菜品直接证据,麻辣;酸甜,含外卖,False,B:外卖字段,1,10-15,A,登封市,百货大楼/中天广场,口味:3.4 环境:3.4 服务:3.4,3,1,,0,招牌拼盘_乌苏啤酒_柠檬_酸甜可口酸梅汁_清新水蜜桃汁_脆花肠_炸鸡拌面_麻辣烧饼_麻辣面筋_炸鸡脆花肠拼盘,,
G8fIl6Ld9KB7sDaQ,BOSS炸鸡,Unknown,False,D:无证据,,鸡腿+鸡翅+鸡块/鸡米花/鸡柳+鸡脖/其他部位,True,A:菜品直接证据,全鸡;鸡腿;翅中;鸡排;鸡叉骨;鸡米花;鸡皮,裹粉炸,False,A:菜品直接证据,脆皮,原味+香辣+酱香,True,A:菜品直接证据,香酥;香辣;奥尔良;甘梅,堂食+外卖+团购,False,B:多字段组合,外卖:1/团购:1,10-15,A,登封市,百货大楼/中天广场,口味:3.5 环境:3.4 服务:3.5,8,1,1,0,飘香秘制鸡柳_小薯_五香鸡皮_香辣翅中_奥尔良鸡腿_香酥小鸡腿,,
H53oBtmU9GBPYdcu,茶小生大鸡排(中天广场店),韩式,False,A:菜品直接证据,韩式,整鸡/大单品,True,A:菜品直接证据,大鸡;鸡排,Unknown,False,D:无证据,,甜辣,True,A:菜品直接证据,芝士;橙,堂食+外卖+团购,False,B:多字段组合,外卖:1/团购:1,10-15,A,登封市,百货大楼/中天广场,口味:3.8 环境:3.8 服务:3.8,76,1,1,0,柠檬芦荟茶_网红脏脏茶_薯条_全家福_草莓冰橙_鱿鱼堡_韩式炸鸡面_锅巴土豆_牛王奇异果_星座薯片,,
l7LKTcd7iDvSURX4,李记解馋坊,Unknown,False,D:无证据,,Unknown,False,D:无证据,,Unknown,False,D:无证据,,Unknown,False,D:无证据,,含外卖,False,B:外卖字段,1,Unknown,D,登封市,百货大楼/中天广场,,,1,,0,,,
l7yEXHqATZQeK2Hs,酱多多韩式炸鸡(生炸鸡架),韩式,True,A:菜品直接证据,韩式;双拼,整鸡/大单品,True,A:菜品直接证据,炸鸡块;鸡块,Unknown,False,D:无证据,,香辣+甜辣,True,A:菜品直接证据,辣;甜辣,堂食+外卖+团购,False,B:多字段组合,外卖:1/团购:1,30-50,A,登封市,百货大楼/中天广场,,,1,1,0,黄金凤尾虾_韩式三养火鸡面_蜂蜜炸鸡_韩式甜辣韩式炸鸡_双拼无骨炸鸡块_榴莲芝士韩式炸鸡,,
H21AfeTRYxWu4W2y,郭郭炸鸡,中式,False,A:菜品直接证据,老式炸鸡,鸡腿+鸡架/锁骨/叉骨+鸡脖/其他部位,True,A:菜品直接证据,鸡腿;鸡叉骨;鸡胗,生炸/现炸,False,A:菜品直接证据,现炸,Unknown,False,D:无证据,,Unknown,False,D:无证据,,Unknown,D,中牟县,白沙镇,,2,,,0,招牌鸡叉骨_现炸鸡胗_爆汁小鸡腿_油炸平菇_老式炸鸡背肉,,
G7M4tBjkg5h2CEUz,刘婉婉生炸妙龄鸡(中牟蒋冲店),中式,False,C:品牌映射,brand:刘婉婉,鸡架/锁骨/叉骨+鸡块/鸡米花/鸡柳,True,C:品牌映射,brand:刘婉婉,生炸/现炸,False,C:品牌映射,brand:刘婉婉,原味,False,C:品牌映射,brand:刘婉婉,档口/摊位,False,C:品牌映射,brand:刘婉婉,<10,A,中牟县,白沙镇,口味:3.7 环境:3.7 服务:3.7,1,1,1,12,无骨上腿肉_鸡背肉_生炸鸡叉骨_无骨辣子鸡_现炸黄金鸡柳_奶香地瓜条,,
G6y0VinI1fJOWbQZ,正新鸡排(白沙店),美式/西式,False,C:品牌映射,brand:正新,整鸡/大单品+鸡排+鸡块/鸡米花/鸡柳,True,C:品牌映射,brand:正新,裹粉炸,False,C:品牌映射,brand:正新,原味+酸甜,True,C:品牌映射,brand:正新,档口/摊位,False,C:品牌映射,brand:正新,10-15,A,中牟县,白沙镇,口味:3.5 环境:3.5 服务:3.5,5,1,,0,烤肠_鸡米花_薯条_正新秘制鸭肠_甘梅红薯条_香酥鸡排煲_小鱿鱼串_小牛肉串_普朗姆_黄金薯塔,,
l7ZRnWht2XOAht9Z,刘婉婉生炸妙龄鸡(白沙店),中式,False,C:品牌映射,brand:刘婉婉,整鸡/大单品+鸡架/锁骨/叉骨+鸡块/鸡米花/鸡柳,True,C:品牌映射,brand:刘婉婉,生炸/现炸,False,C:品牌映射,brand:刘婉婉,原味,False,C:品牌映射,brand:刘婉婉,档口/摊位,False,C:品牌映射,brand:刘婉婉,10-15,A,中牟县,白沙镇,口味:3.8 环境:3.8 服务:3.8,31,1,1,9,现炸黄金鸡柳_生炸全鸡架_无骨上腿肉,,
i155ONoGeZCkUd0S,九味·炸串拌饼,Unknown,False,D:无证据,,Unknown,False,D:无证据,,Unknown,False,D:无证据,,Unknown,False,D:无证据,,含外卖,False,B:外卖字段,1,Unknown,D,中牟县,白沙镇,,,1,,0,,,
kaYLLTu8TbO8QHdq,鸿福运炸鸡(大陈店),复合型,False,A:菜品直接证据,双拼,鸡腿+鸡架/锁骨/叉骨+鸡块/鸡米花/鸡柳,True,A:菜品直接证据,鸡腿;叉骨;鸡柳,裹粉炸,False,A:菜品直接证据,脆皮,Unknown,False,D:无证据,,堂食+外卖+团购,False,B:多字段组合,外卖:1/团购:1,<10,A,中牟县,白沙镇,,1,1,1,0,牙签肉洋葱圈拼盘_雪花鸡柳胸肉块拼盘_洋葱圈鸡柳拼盘_叉骨双拼_迷你牙签肉_黄金小叉骨_炸鸡腿_雪花鸡柳牙签肉双拼_脆皮淀粉肠_牙签肉胸肉块拼盘,,
H1NoTzQXarPraNUR,爆掌柜生炸鸡架(白沙店),中式,False,C:品牌映射,brand:爆掌柜,鸡腿+鸡架/锁骨/叉骨+鸡块/鸡米花/鸡柳,True,C:品牌映射,brand:爆掌柜,生炸/现炸,False,C:品牌映射,brand:爆掌柜,酱香+酸甜,True,C:品牌映射,brand:爆掌柜,档口/摊位,False,C:品牌映射,brand:爆掌柜,10-15,A,中牟县,白沙镇,口味:3.7 环境:3.7 服务:3.7,6,1,1,3,生炸蘑菇_生炸鸡腿肉_脆炸蘑菇_甘梅地瓜_鸡背肉_生炸鸡架_无骨鸡柳_五香里脊肉夹饼_咖喱鸡柳肉夹饼_奥尔良腿排夹饼,,
k16eKQTBZvPZpYD2,熊家无二·韩式炸鸡(白沙店),韩式,False,C:品牌映射,brand:熊家,鸡翅,False,C:品牌映射,brand:熊家,裹粉炸,False,C:品牌映射,brand:熊家,甜辣+孜然,True,C:品牌映射,brand:熊家,外卖型,False,C:品牌映射,brand:熊家,15-20,A,中牟县,白沙镇,口味:4.0 环境:4.0 服务:4.0,18,1,1,2,西域孜然粉_芝士球_韩风鸡肉卷_韩风鸡排饭_韩式年糕_默认琥珀酱_泰椒酱_无骨腿肉_摇摇薯_韩风汉堡,,
k4oiQoVhDsf5jumL,铁板鸭肠烤冷面,Unknown,False,D:无证据,,Unknown,False,D:无证据,,Unknown,False,D:无证据,,Unknown,False,D:无证据,,堂食+外卖+团购,False,B:多字段组合,外卖:1/团购:1,15-20,A,中牟县,白沙镇,,,1,1,0,,,
k6DV882grellHMHb,王朝炸鸡(复兴路店),Unknown,False,D:无证据,,鸡排,False,A:菜品直接证据,鸡排,Unknown,False,D:无证据,,Unknown,False,D:无证据,,堂食+外卖+团购,False,B:多字段组合,外卖:1/团购:1,10-15,A,中牟县,白沙镇,,,1,1,0,鸡排堡,,
l8rSWsbViYY9CIKp,叫了只炸鸡(恒通小区店),中式,False,C:品牌映射,brand:叫了只,整鸡/大单品,False,C:品牌映射,brand:叫了只,生炸/现炸,False,C:品牌映射,brand:叫了只,原味+香辣+蒜香+黑胡椒,True,C:品牌映射,brand:叫了只,外卖型,False,C:品牌映射,brand:叫了只,20-30,A,中牟县,白沙镇,口味:3.4 环境:3.4 服务:3.4,6,1,1,0,麻辣烤鸡_黑椒纯肉肠_新鲜柠檬水_田园堡_原味汉堡_脆鸡堡_田园蔬菜堡_蒜香酱炸鸡_黑椒酱炸鸡_沙拉酱炸鸡,,
k37XDC79DhAiIa2n,大圣炸鸡(白沙店),中式,False,A:菜品直接证据,香酥鸡,整鸡/大单品+鸡块/鸡米花/鸡柳,True,A:菜品直接证据,大鸡;鸡腿;翅根;鸡排;叉骨;鸡块,Unknown,False,D:无证据,,原味,False,A:菜品直接证据,香酥,含外卖,False,B:外卖字段,1,20-30,A,中牟县,白沙镇,,,1,,0,跳跳鸡_蘑菇鸡_鸡柳_香酥鸡块,,
k6CaxZ7iRXiL611q,胡夫炸串(郑州省体店),中式,False,C:品牌映射,brand:胡夫,鸡架/锁骨/叉骨,False,C:品牌映射,brand:胡夫,生炸/现炸,False,C:品牌映射,brand:胡夫,香辣,False,C:品牌映射,brand:胡夫,档口/摊位,False,C:品牌映射,brand:胡夫,15-20,A,惠济区,省体中心/裕华广场,口味:3.5 环境:3.5 服务:3.5,10,1,,5,胡夫掌中宝_胡氏掌中宝_骨肉相连_菌香乌鸡土豆粉_鸡丝凉面_菌香乌鸡两掺_金针菇_香辣砂锅刀削面_雪花鸡柳棒_深海章鱼须,,
k5Ir9B7hOpNOvBcr,第一部落烤串(体育学院店),地方特色,False,A:菜品直接证据,台式,整鸡/大单品,True,A:菜品直接证据,烤鸡;鸡块;鸡皮,裹粉炸,True,A:菜品直接证据,脆皮;烤鸡,甜辣,False,A:菜品直接证据,芝士,含团购,False,B:团购字段,1,10-15,A,惠济区,省体中心/裕华广场,,7,,1,6,部落大面筋_部落羊肉串_弹嫩鱼豆腐_深海鱿鱼串_铁板小鸭肠_月牙鸡块_黄金香豆腐_台式纯肉肠_旋风薯塔_部落牛肉串,,
G9mSy3NTPFcnn8fC,华炭长肉筋卷饼,Unknown,False,D:无证据,,Unknown,False,D:无证据,,Unknown,False,D:无证据,,Unknown,False,D:无证据,,含外卖,False,B:外卖字段,1,Unknown,D,中牟县,白沙镇,,1,1,,0,,,
k7DTTEGdyDt0a9jg,兰阳小妹家炸鸡(裕华美欣西门店),Unknown,False,D:无证据,,Unknown,False,D:无证据,,Unknown,False,D:无证据,,Unknown,False,D:无证据,,Unknown,False,D:无证据,,Unknown,D,惠济区,省体中心/裕华广场,,,,,0,,,
G5gkNVMQD7sMiG3x,薯遇鸡韩式炸鸡,美式/西式,False,A:菜品直接证据,原味鸡,整鸡/大单品+鸡腿+鸡排+鸡块/鸡米花/鸡柳,True,A:菜品直接证据,整鸡;鸡腿;鸡排;鸡块,Unknown,False,D:无证据,,原味,False,A:菜品直接证据,原味,Unknown,False,D:无证据,,Unknown,D,惠济区,省体中心/裕华广场,口味:3.6 环境:3.5 服务:3.6,20,,,0,校门口炸鸡柳_加州鸡块_盐酥菇_蔬香鸡排_憨憨的鸡腿_加州薯条_原味鸡排_鲜享招牌整鸡_鲜蔬鸡排,,
laZ1d70LyI0Qx72t,祥瑞酥炸鸡(裕华美欣店),Unknown,False,D:无证据,,Unknown,False,D:无证据,,裹粉炸,False,C:店名推断,酥炸,Unknown,False,D:无证据,,Unknown,False,D:无证据,,Unknown,D,惠济区,省体中心/裕华广场,,,,,0,,,
l8rzSjNO66FwsKlT,大喜生炸鸡架,Unknown,False,D:无证据,,鸡腿+鸡架/锁骨/叉骨,True,A:菜品直接证据,鸡腿;鸡架,生炸/现炸,False,A:菜品直接证据,生炸,酸甜,False,A:菜品直接证据,甘梅,含团购,False,B:团购字段,1,15-20,A,中牟县,白沙镇,口味:3.5 环境:3.5 服务:3.5,,,1,0,生炸鸡架_甘梅地瓜_生炸小叉骨_生炸鸡腿肉_生炸鸡背肉_生炸鸡叉骨,,
l6PfXi8L9JVRUB4B,叫了只炸鸡(白沙店),中式,False,C:品牌映射,brand:叫了只,整鸡/大单品+鸡翅,True,C:品牌映射,brand:叫了只,生炸/现炸,False,C:品牌映射,brand:叫了只,原味+香辣+甜辣,True,C:品牌映射,brand:叫了只,外卖型,False,C:品牌映射,brand:叫了只,15-20,A,中牟县,白沙镇,口味:3.5 环境:3.5 服务:3.5,5,1,1,0,黄金红薯条_茉莉蜜茶_芒果蛋糕条_康师傅矿泉水_比翼双飞_玉米甜心脆_酷黑香酥鸡_香辣翅根_芝士拉丝热狗棒_麻辣翅尖,,
G6md6eaka58C3oxF,汉堡炸鸡冷饮(白沙店),Unknown,False,D:无证据,,鸡排,False,A:菜品直接证据,鸡排,Unknown,False,D:无证据,,香辣,False,A:菜品直接证据,香辣,含团购,False,B:团购字段,1,Unknown,D,中牟县,白沙镇,,,,1,0,果蔬鸡肉堡_香辣鸡排堡,,
G1ioPu8L8saOREe6,正新鸡排(豫兴一家人店),美式/西式,False,C:品牌映射,brand:正新,整鸡/大单品+鸡腿+鸡排,True,C:品牌映射,brand:正新,裹粉炸,False,C:品牌映射,brand:正新,原味+香辣+椒盐,True,C:品牌映射,brand:正新,档口/摊位,False,C:品牌映射,brand:正新,20-30,A,金水区,沙门/汽配,口味:3.8 环境:3.7 服务:3.6,13,1,,0,香酥鸡腿堡_咖喱鸡排_椒盐味鸡排_原味奶茶_阿拉伯烤肉_香辣鸡排堡_正新猪肉串_森林玫果_十里桃花_香酥鸡腿,,
l2jXYsvoBqAXH8Z4,多美士汉堡炸鸡(马李庄店),美式/西式,False,C:品牌映射,brand:多美士,鸡排,False,C:品牌映射,brand:多美士,裹粉炸,False,C:品牌映射,brand:多美士,原味,False,C:品牌映射,brand:多美士,外卖型,False,C:品牌映射,brand:多美士,15-20,A,金水区,沙门/汽配,,,1,,0,,,
EvYCqDzRTNPeZg6F,延庆观炸鸡(21世纪店),中式,False,C:品牌映射,brand:延庆观,鸡腿+鸡翅+鸡排+鸡架/锁骨/叉骨,True,C:品牌映射,brand:延庆观,卤炸,False,C:品牌映射,brand:延庆观,原味,False,C:品牌映射,brand:延庆观,档口/摊位,False,C:品牌映射,brand:延庆观,15-20,A,金水区,沙门/汽配,口味:3.7 环境:3.7 服务:3.7,34,1,1,0,黄金全翅_炸椰奶_秘制叉骨_脆皮香蕉_咖啡_黄金翅根_鸡肉洋葱圈_大脸鸡排_香辣鸡腿堡_劲脆鸡腿堡,,
j3wvlB9U7TXE59LT,首尔故事·韩式炸鸡,韩式,False,C:店名推断,韩式,鸡块/鸡米花/鸡柳,False,A:菜品直接证据,鸡块,Unknown,False,D:无证据,,Unknown,False,D:无证据,,堂食+外卖+团购,False,B:多字段组合,外卖:1/团购:1,15-20,A,金水区,沙门/汽配,口味:3.4 环境:3.5 服务:3.5,3,1,1,0,开心笑脸薯饼_冰糖雪梨_黑料鸡块,,
l5YQGz77mstIrAE6,由吉炸鸡,Unknown,False,D:无证据,,鸡腿,False,A:菜品直接证据,鸡腿,Unknown,False,D:无证据,,香辣,False,A:菜品直接证据,辣椒,Unknown,False,D:无证据,,15-20,A,巩义市,火车站,口味:4.1 环境:4.1 服务:4.1,29,,,0,炸鸡腿_手工捞面_辣椒炒牛肉_面包卷,,
H9oeDkZYnKRejvHw,王记炸串,Unknown,False,D:无证据,,Unknown,False,D:无证据,,Unknown,False,D:无证据,,Unknown,False,D:无证据,,Unknown,False,D:无证据,,Unknown,D,巩义市,火车站,口味:3.5 环境:3.5 服务:3.5,5,,,0,老式米线_素丸子_面筋圈_五香豆腐_鲜切羊肉炖锅,,
k6bYTMshwc4RmOGA,小伟炸鸡(道北店),Unknown,False,D:无证据,,鸡腿+鸡架/锁骨/叉骨,True,A:菜品直接证据,整鸡;鸡腿;鸡翅;鸡叉骨,Unknown,False,D:无证据,,酸甜,False,A:菜品直接证据,甘梅,堂食+外卖+团购,False,B:多字段组合,外卖:1/团购:1,15-20,A,巩义市,火车站,口味:3.9 环境:3.9 服务:3.9,303,1,1,0,美味鸡叉骨_炸琵琶腿_卤鸡腿_卤琵琶腿_凤爪_鸡花_炸蘑菇_招牌手枪腿_鸡板肠_鳕鱼,,
l2cdbsEpZe0St46B,赵百惠炸鸡,Unknown,False,D:无证据,,鸡腿,False,A:菜品直接证据,手枪腿,Unknown,False,D:无证据,,原味,False,A:菜品直接证据,香酥,堂食+外卖+团购,False,B:多字段组合,外卖:1/团购:1,15-20,A,巩义市,火车站,口味:3.5 环境:3.5 服务:3.5,3,1,1,0,香酥美味炸鸡_招牌手枪腿,,
k7cFGiUuEz2ZwP8H,杜小伟炸鸡(道北小十字店),Unknown,False,D:无证据,,鸡腿+鸡架/锁骨/叉骨,True,A:菜品直接证据,手枪腿;鸡叉骨,Unknown,False,D:无证据,,酸甜,False,A:菜品直接证据,甘梅,含团购,False,B:团购字段,1,10-15,A,巩义市,火车站,口味:3.5 环境:3.5 服务:3.5,1,,1,0,甘梅地瓜_炸蘑菇_美味鸡叉骨_炸鱼_招牌手枪腿,,
F4T2JIZ5yMffGipq,北村黄油芝士炸鸡,韩式,False,C:品牌映射,brand:北村,鸡翅,False,C:品牌映射,brand:北村,裹粉炸,False,C:品牌映射,brand:北村,黄油芝士,False,C:品牌映射,brand:北村,堂食+外带,False,C:品牌映射,brand:北村,Unknown,D,金水区,瀚海海尚,,,1,,0,,,
H7Z0kirfgNNBbcr7,冯考必过炸鸡(知了公寓店),Unknown,False,D:无证据,,鸡腿+鸡翅+鸡排+鸡架/锁骨/叉骨,True,A:菜品直接证据,鸡腿;鸡翅;鸡排;鸡叉骨,裹粉炸,True,A:菜品直接证据,脆皮;现炸,原味+香辣,True,A:菜品直接证据,香酥;香辣,堂食+外卖+团购,False,B:多字段组合,外卖:1/团购:1,<10,A,二七区,橄榄城,口味:3.5 环境:3.5 服务:3.5,15,1,1,0,香酥脆皮琵琶腿_双汇手枪腿_汉堡双人_鲜肉现炸琵琶腿_双汇鸡叉骨_酥脆鸡腿堡_自家秘制卤猪头肉_双汇炸鸡排_双汇香辣炸鸡翅,,
H3FaAtZtDu1RtJsV,Sanyang火鸡面(炸鸡),韩式,False,C:店名推断,火鸡面,Unknown,False,D:无证据,,Unknown,False,D:无证据,,Unknown,False,D:无证据,,含外卖,False,B:外卖字段,1,Unknown,D,金水区,沙门/汽配,,1,1,,0,,,
ivsVhJbDSsvh9H6r,叫了只炸鸡(南三环店),中式,False,C:品牌映射,brand:叫了只,整鸡/大单品+鸡腿+鸡翅+鸡排,True,C:品牌映射,brand:叫了只,生炸/现炸,False,C:品牌映射,brand:叫了只,香辣+甜辣,True,C:品牌映射,brand:叫了只,外卖型,False,C:品牌映射,brand:叫了只,20-30,A,二七区,橄榄城,,,1,,0,鸡翅一箩筐_爆浆小鸡排_网红拉丝芝士热狗_黄金鸡肉棒_脆皮大鸡腿_香辣翅根_鸡翅包饭_玉米布丁酥_悦动力_大鹏展翅,,
HagBHBjP8kAr6UwK,香酥炸鸡,Unknown,False,D:无证据,,Unknown,False,D:无证据,,裹粉炸,False,C:店名推断,酥炸,原味,False,C:店名推断,香酥,Unknown,False,D:无证据,,Unknown,D,二七区,橄榄城,,,,,0,,,
G1kYBEp3q0UTuTuo,韩记脆皮炸鸡,中式,False,C:店名推断,脆皮炸鸡,鸡腿+鸡翅+鸡架/锁骨/叉骨+鸡块/鸡米花/鸡柳,True,A:菜品直接证据,鸡腿;鸡翅;叉骨;鸡柳,裹粉炸,True,A:菜品直接证据,酥炸;生炸,原味+香辣,True,A:菜品直接证据,香酥;辣椒,含团购,False,B:团购字段,1,10-15,A,二七区,橄榄城,口味:3.7 环境:3.6 服务:3.6,2,,1,0,多肉叉骨_鸡柳生炸_功夫小鸡腿_香酥琵琶腿_香酥炸蘑菇_炸蘑菇_香酥小鸡翅_炸辣椒盒_炸藕盒,,
H7md9D5x0svdQ7TD,新纳西汉堡炸鸡(连云路店),美式/西式,False,C:品牌映射,brand:新纳西,鸡排,False,C:品牌映射,brand:新纳西,裹粉炸,False,C:品牌映射,brand:新纳西,原味,False,C:品牌映射,brand:新纳西,外卖型,False,C:品牌映射,brand:新纳西,15-20,A,二七区,橄榄城,,,1,1,0,,,
laREeAVpCNtK1lhh,马记依然香布袋馍炸串串,Unknown,False,D:无证据,,鸡排+鸡块/鸡米花/鸡柳+鸡脖/其他部位,True,A:菜品直接证据,鸡排;鸡柳;鸡胗,Unknown,False,D:无证据,,黑胡椒,False,A:菜品直接证据,黑胡椒,含外卖,False,B:外卖字段,1,20-30,A,二七区,橄榄城,,,1,,0,炸年糕_鸡胗_黑胡椒烤肠_双鱼鸡柳_牛肉串_炸韭菜丸子_骨肉相连_QQ鸡排_清水面筋_牛肉肠,,
l643wAastosVo2be,WoWo韩式炸鸡,韩式,False,C:店名推断,韩式,Unknown,False,D:无证据,,Unknown,False,D:无证据,,Unknown,False,D:无证据,,含外卖,False,B:外卖字段,1,15-20,A,二七区,橄榄城,口味:3.6 环境:3.6 服务:3.6,2,1,,0,,,
H1XI779HaoqcSdzW,幺鸡王炸鸡,复合型,False,A:菜品直接证据,双拼,Unknown,False,D:无证据,,Unknown,False,D:无证据,,Unknown,False,D:无证据,,含外卖,False,B:外卖字段,1,Unknown,D,二七区,橄榄城,,,1,,0,招牌双拼,,
l2Qwgyo77qFQ2wBC,临榆炸鸡腿(黄科大校内店),中式,False,C:品牌映射,brand:临榆,鸡腿,True,"C:店名推断(修正,优先于品牌映射)",brand:临榆,腌炸,False,C:品牌映射,brand:临榆,原味,False,C:品牌映射,brand:临榆,档口/摊位,False,C:品牌映射,brand:临榆,10-15,A,二七区,橄榄城,口味:3.6 环境:3.6 服务:3.6,16,1,1,16,香骨鸡_招牌炸鸡腿_豆皮鸡肉卷_黄金鸡叉骨_鸡肉条_香酥琵琶腿,鸡排,brand_product_conflict
EYF2NLU5okrueyIL,一品香叉骨炸鸡,中式,False,A:菜品直接证据,香酥鸡,整鸡/大单品+鸡腿+鸡排+鸡块/鸡米花/鸡柳,True,A:菜品直接证据,香酥鸡;鸡腿;鸡排;鸡米花,Unknown,False,D:无证据,,原味,False,A:菜品直接证据,香酥,堂食+外卖+团购,False,B:多字段组合,外卖:1/团购:1,10-15,A,二七区,橄榄城,口味:3.6 环境:3.6 服务:3.6,5,1,1,0,鸡米花_香酥鸡腿_特色鸡排_炸烧饼_酥饼_鸡肉洋葱圈,,
l6Jf9KPdINEqe2Fp,爱上叉骨炸鸡,Unknown,False,D:无证据,,鸡架/锁骨/叉骨,False,C:店名推断,叉骨,Unknown,False,D:无证据,,Unknown,False,D:无证据,,含外卖,False,B:外卖字段,1,15-20,A,二七区,橄榄城,口味:3.4 环境:3.4 服务:3.4,1,1,,0,,,
H6Mm3IR38y6YwEsA,大盟鸡排,Unknown,False,D:无证据,,鸡排,False,C:店名推断,鸡排,Unknown,False,D:无证据,,Unknown,False,D:无证据,,Unknown,False,D:无证据,,Unknown,D,金水区,沙门/汽配,,,,,0,,,
l5x3jqAr1jQB6Mgp,嘴豪爽生炸鸡架(星光夜市店),Unknown,False,D:无证据,,鸡排+鸡块/鸡米花/鸡柳,True,A:菜品直接证据,鸡排;鸡柳,裹粉炸,False,A:菜品直接证据,酥炸,椒盐,False,A:菜品直接证据,椒盐,堂食+外卖+团购,False,B:多字段组合,外卖:1/团购:1,10-15,A,荥阳市,海龙时代广场,口味:3.5 环境:3.5 服务:3.5,1,1,1,0,酥炸平菇_干炸蘑菇_锅巴小蜜薯_拉丝热狗棒_王者鸡排_特色卷面筋_椒盐皮蛋豆腐_锅巴土豆_卤汁皮蛋豆腐_无骨鸡柳,,
G9nz3EQzeLxVvtYa,豫锅禧炸串研究,地方特色,False,A:菜品直接证据,广式,鸡脖/其他部位,False,A:菜品直接证据,鸡爪,裹粉炸,False,A:菜品直接证据,脆皮,香辣+甜辣,True,A:菜品直接证据,辣;甜辣,含团购,False,B:团购字段,1,20-30,A,荥阳市,海龙时代广场,,2,,1,0,年糕_鱿鱼板肉_包浆豆腐两串_章鱼足_芝士迷你肠_甜辣脆皮锅巴土豆_爆汁里脊_鱿鱼板_喷火鸭肠_爆火小面筋,,
G7Tq2xQ326WuKUQU,大尚龙虾·烧烤·秘制虾尾(商都路店),复合型,False,A:菜品直接证据,双拼,鸡排,False,A:菜品直接证据,鸡排,Unknown,False,D:无证据,,香辣+蒜香,True,A:菜品直接证据,麻辣;蒜香,堂食+外卖+团购,False,B:多字段组合,外卖:1/团购:1,50+,A,管城回族区,汽车东站,口味:3.9 环境:3.9 服务:3.9,221,1,1,2,高压锅蒸鲍鱼_花生毛豆双拼_卤花生_卤毛豆_炭烤小肉串_虾兵蟹将_招牌炒方便面_招牌爆炒麻辣花甲_炭烤鸭肠_招牌蒜香大闸蟹,,
G9anHqROUrEmBuME,正新鸡排·炸鸡烧烤(郑东商业中心店),美式/西式,False,C:品牌映射,brand:正新,整鸡/大单品+鸡排,True,C:品牌映射,brand:正新,裹粉炸,False,C:品牌映射,brand:正新,原味,False,C:品牌映射,brand:正新,档口/摊位,False,C:品牌映射,brand:正新,10-15,A,管城回族区,汽车东站,口味:3.9 环境:3.9 服务:3.9,64,1,1,0,正新大烤肠_大鸡肉串_香辣鸡排套,,
k1e70hyzj45bRTiM,延庆观炸鸡(郑东商业中心店),中式,False,C:品牌映射,brand:延庆观,鸡架/锁骨/叉骨+鸡块/鸡米花/鸡柳,True,C:品牌映射,brand:延庆观,卤炸,False,C:品牌映射,brand:延庆观,原味+甜辣+酸甜,True,C:品牌映射,brand:延庆观,档口/摊位,False,C:品牌映射,brand:延庆观,20-30,A,管城回族区,汽车东站,口味:3.7 环境:3.6 服务:3.6,41,1,1,0,鸡米花第_爆汁一口肠_旋风薯塔_鱼豆腐_芝士热狗棒_鸡米花牙签肉两掺_招牌鸡米花_甘梅粉_香芋地瓜丸_香酥炸鸡柳,,
G8Yj3oxENX2FQDaD,胡夫炸串(郑东云尚店),中式,False,C:品牌映射,brand:胡夫,鸡架/锁骨/叉骨,False,C:品牌映射,brand:胡夫,生炸/现炸,False,C:品牌映射,brand:胡夫,香辣+酸甜,True,C:品牌映射,brand:胡夫,档口/摊位,False,C:品牌映射,brand:胡夫,20-30,A,管城回族区,汽车东站,口味:3.9 环境:3.7 服务:3.8,23,1,1,5,鲜嫩鸡肉串_胡夫脆皮年糕_炸饼_当红辣子鸡_金汤酸菜面_剁椒面_香辣砂锅刀削面_菌香乌鸡刀削面_鸡丝凉面_番茄砂锅刀削面,,
laSiecd9ZsehQSum,Hangu韩式炸鸡·火鸡面,韩式,False,C:店名推断,韩式,Unknown,False,D:无证据,,Unknown,False,D:无证据,,Unknown,False,D:无证据,,含外卖,False,B:外卖字段,1,Unknown,D,管城回族区,汽车东站,,,1,,0,,,
jCvl1Qm8FRny07eV,BOOMBOOM韩式炸鸡·火鸡面(商业中心店),韩式,False,C:店名推断,韩式,Unknown,False,D:无证据,,Unknown,False,D:无证据,,Unknown,False,D:无证据,,Unknown,False,D:无证据,,Unknown,D,管城回族区,汽车东站,口味:3.3 环境:3.3 服务:3.3,1,,,0,,,
G5Ih07d0E4PCsUl0,张姐炸串布袋馍夹菜烧饼夹菜,Unknown,False,D:无证据,,整鸡/大单品,True,A:菜品直接证据,大鸡;鸡排,Unknown,False,D:无证据,,Unknown,False,D:无证据,,含外卖,False,B:外卖字段,1,Unknown,D,管城回族区,汽车东站,,1,1,,0,虾丸_炸鸡排_烧饼,,
G7N12D5SF2qMaI6B,酥小乙·炸鸡拌面(郑东新区店),Unknown,False,D:无证据,,Unknown,False,D:无证据,,Unknown,False,D:无证据,,Unknown,False,D:无证据,,含外卖,False,B:外卖字段,1,20-30,A,管城回族区,汽车东站,,,1,,0,,,
k9J5GWLU1mYcEwaa,楚留香炸排骨(云尚店),Unknown,False,D:无证据,,鸡架/锁骨/叉骨,False,A:菜品直接证据,鸡叉骨,Unknown,False,D:无证据,,Unknown,False,D:无证据,,堂食+外卖+团购,False,B:多字段组合,外卖:1/团购:1,50+,A,管城回族区,汽车东站,口味:3.5 环境:3.5 服务:3.5,2,1,1,0,桥头排骨_桥头鸡叉骨_桥头肉条,,
H5x2AQHFILSisWvJ,鸡公子御膳叉骨炸鸡(永平路店),中式,False,C:品牌映射,brand:御膳,整鸡/大单品+鸡腿+鸡翅+鸡排+鸡架/锁骨/叉骨,True,C:品牌映射,brand:御膳,生炸/现炸,False,C:品牌映射,brand:御膳,椒盐,False,C:品牌映射,brand:御膳,档口/摊位,False,C:品牌映射,brand:御膳,15-20,A,管城回族区,汽车东站,口味:3.4 环境:3.4 服务:3.4,4,1,,0,无骨鸡腿肉_哈啤_龙骨脆_伴翅_秘制大鸡排_精选饺子_雪花啤酒_炸鸡架_翅根,,
k2TOZKXO9BCcd35S,正新鸡排·炸鸡烧烤(妙味店),美式/西式,False,C:品牌映射,brand:正新,鸡翅+鸡排,True,C:品牌映射,brand:正新,裹粉炸,False,C:品牌映射,brand:正新,原味,False,C:品牌映射,brand:正新,档口/摊位,False,C:品牌映射,brand:正新,10-15,A,中牟县,沃金/山顶福都,口味:3.6 环境:3.6 服务:3.6,9,1,1,0,欢乐炸鸡桶_冰红茶气泡水_爆料鸡排_正新大烤肠_金锤翅根桶_现炸翅根,,
G85exFi7GAj5EUxF,鱿你选,Unknown,False,D:无证据,,Unknown,False,D:无证据,,Unknown,False,D:无证据,,Unknown,False,D:无证据,,含团购,False,B:团购字段,1,Unknown,D,管城回族区,汽车东站,,,,1,0,铁板炒面,,
k1D4tqM4pX4Bv6ao,御膳叉骨炸鸡,中式,False,C:品牌映射,brand:御膳,鸡架/锁骨/叉骨,False,C:品牌映射,brand:御膳,生炸/现炸,False,C:品牌映射,brand:御膳,椒盐,False,C:品牌映射,brand:御膳,档口/摊位,False,C:品牌映射,brand:御膳,Unknown,D,管城回族区,汽车东站,,,,,0,,,
H635JwSnmBxTs6gO,大脸鸡排炒酸奶,Unknown,False,D:无证据,,鸡腿+鸡翅+鸡块/鸡米花/鸡柳,True,A:菜品直接证据,鸡腿;鸡翅;鸡排;鸡米花,裹粉炸,False,A:菜品直接证据,脆皮,原味+香辣+酸甜,True,A:菜品直接证据,经典;香辣;椒盐;黑椒;菠萝,Unknown,False,D:无证据,,10-15,A,管城回族区,汽车东站,口味:3.5 环境:3.4 服务:3.4,4,,,0,骨肉相连_雪花鸡柳_经典薯条_紫薯球_香辣鸡腿堡_甘梅地瓜条_菠萝派_星星鸡块_鸡翅包饭_川香鸡柳,,
G5lvi2tYwkaBGIxD,小妹家炸鸡(万通街店),美式/西式,False,A:菜品直接证据,吮指,鸡翅+鸡排+鸡架/锁骨/叉骨,True,A:菜品直接证据,大鸡;鸡腿;翅中;鸡排;鸡锁骨;鸡柳,裹粉炸,False,A:菜品直接证据,脆皮,Unknown,False,D:无证据,,堂食+外卖+团购,False,B:多字段组合,外卖:1/团购:1,10-15,A,管城回族区,汽车东站,口味:3.7 环境:3.7 服务:3.7,6,1,1,0,龙骨脆_多肉v型小叉骨_招牌鸡锁骨_吮指翅根（十元四个）_吮指翅中（十元三个）_大脸鸡排,,
G45ZVRsMxqQH8MZV,小敏家秘制老式炸鸡腿棒棒鸡,中式,False,C:店名推断,老式炸鸡,鸡腿,False,C:店名推断,鸡腿,Unknown,False,D:无证据,,Unknown,False,D:无证据,,含外卖,False,B:外卖字段,1,Unknown,D,中牟县,沃金/山顶福都,,1,1,,0,,,
l5T1UwYgmUJLTUTP,小Ｖ香酥叉骨炸鸡(旭日·龙园店),中式,True,A:菜品直接证据,香酥鸡;美式,整鸡/大单品,True,A:菜品直接证据,香酥鸡;鸡腿;鸡叉骨;鸡块,Unknown,False,D:无证据,,原味+蒜香+酸甜,True,A:菜品直接证据,香酥;蒜香;番茄,堂食+外卖+团购,False,B:多字段组合,外卖:1/团购:1,15-20,A,管城回族区,汽车东站,口味:3.7 环境:3.6 服务:3.6,26,1,1,0,香芋地瓜丸_小v蒜香炸鸡块_小v香酥带鱼_雪花鸡柳_炸椰奶_美式薯条送番茄酱_百事可乐罐_百事可乐无糖罐,,
H1Hfw9uhzzxIQsRT,正新鸡排(列里路店),美式/西式,False,C:品牌映射,brand:正新,鸡排+鸡块/鸡米花/鸡柳+鸡脖/其他部位,True,C:品牌映射,brand:正新,裹粉炸,False,C:品牌映射,brand:正新,香辣+甜辣+椒盐+黑胡椒,True,C:品牌映射,brand:正新,档口/摊位,False,C:品牌映射,brand:正新,10-15,A,管城回族区,汽车东站,口味:3.5 环境:3.5 服务:3.5,8,1,,0,红豆奶茶_金桔柠檬_五香鸡排_椒盐鸡排_拉丝芝士棒_小鸭肉串_黑椒鸡块_香辣鸡胗_单签中翅_香辣鸡排,,
H5JWF1hEIM0JMN1l,Bigbeerfc韩式炸鸡(中牟老城店),韩式,False,C:店名推断,韩式,Unknown,False,D:无证据,,Unknown,False,D:无证据,,Unknown,False,D:无证据,,含外卖,False,B:外卖字段,1,20-30,A,中牟县,潘安公园,,,1,,0,,,
l8S5q2VKIBYQKUZo,炸海鱼(北密新路店),中式,False,A:菜品直接证据,香酥鸡,整鸡/大单品+鸡翅+鸡架/锁骨/叉骨+鸡块/鸡米花/鸡柳,True,A:菜品直接证据,香酥鸡;鸡翅;鸡叉骨;鸡柳,生炸/现炸,False,A:菜品直接证据,现炸,原味+蒜香+酱香,True,A:菜品直接证据,香酥;蒜香;椒盐;奥尔良,堂食+外卖+团购,False,B:多字段组合,外卖:1/团购:1,20-30,A,新密市,溱水桥,,,1,1,0,现炸大带鱼_酥嫩鸡柳_蒜香鸡柳_全籽多春鱼_奥尔良鸡叉骨_无骨无刺周鱼_干炸小鱼_香酥鸡翅根,,
G9AAk3Et5g5BkW6J,多味秘制烤鸡,韩式,False,A:菜品直接证据,韩式,整鸡/大单品+鸡翅+鸡架/锁骨/叉骨+鸡脖/其他部位,True,A:菜品直接证据,烤鸡;鸡翅;鸡叉骨;鸡爪,烤炸复合,False,A:菜品直接证据,烤鸡,酱香,True,A:菜品直接证据,酱料;甘梅,含团购,False,B:团购字段,1,20-30,A,新密市,溱水桥,,,,1,0,鸡瓜条_柠檬爆汁鸡叉骨_炙烤鸡翅根_四海八荒手撕鸡_茉莉蜜茶瓶装_冰红茶瓶装_沙土小瓜子_网红小面筋_美味虎皮鸡爪单个装_烤鸡给力,,
k1Bhu3RWBvRKmIBx,炸鸡皇后(建设路店),Unknown,False,D:无证据,,整鸡/大单品+鸡腿+鸡排+鸡架/锁骨/叉骨,True,A:菜品直接证据,全鸡;鸡腿;鸡排;锁骨,裹粉炸,False,A:菜品直接证据,脆皮,甜辣+酸甜,True,A:菜品直接证据,芝士;甘梅,堂食+外卖+团购,False,B:多字段组合,外卖:1/团购:1,10-15,A,中牟县,潘安公园,口味:3.8 环境:3.8 服务:3.8,18,1,1,0,金牌锁骨_狼牙棒棒鸡_芝士拉丝热狗棒_比脸大爱心鸡排_五香鸡腿_脆皮大大鸡腿_五香腿肉块_五香脆皮全鸡_甘梅_高山小土豆,,
k4xITayO5ICah5yq,徐超香炸鸡(陇海路店),Unknown,False,D:无证据,,整鸡/大单品+鸡腿+鸡排+鸡架/锁骨/叉骨,True,A:菜品直接证据,全鸡;鸡腿;鸡排;鸡叉骨,裹粉炸,False,A:菜品直接证据,脆皮,原味,False,A:菜品直接证据,香酥,堂食+外卖+团购,False,B:多字段组合,外卖:1/团购:1,30-50,A,中牟县,潘安公园,,1,1,1,0,香酥大虾_无骨牙签肉_无刺巴沙鱼_脆皮炸全鸡_香酥大脸鸡排_肉多多大鸡叉骨_炸蘑菇_肉多多小鸡叉骨_香酥小河虾_脆皮大鸡腿,,
G1a5llIARCOI2hKN,惠美炸鸡(二小店),中式,False,A:菜品直接证据,脆皮炸鸡,整鸡/大单品+鸡翅+鸡排,True,A:菜品直接证据,大鸡;全翅;鸡排;鸡叉骨,裹粉炸,False,A:菜品直接证据,脆皮,原味+甜辣,True,A:菜品直接证据,香酥;芝士;奥尔良,含团购,False,B:团购字段,1,10-15,A,中牟县,潘安公园,口味:3.4 环境:3.5 服务:3.5,1,,1,0,精品茶油鸭_笑脸薯_黄金芝士棒_香酥脆皮炸鸡_宝粒佳大鸡排_脆皮全翅,,
G7PlKgTBuwJSpPUg,西禾妃酥香豆腐(陇海路店),Unknown,False,D:无证据,,鸡块/鸡米花/鸡柳,False,A:菜品直接证据,鸡柳,裹粉炸,False,A:菜品直接证据,脆皮,甜辣+椒盐,True,A:菜品直接证据,香酥;蜂蜜;椒盐,含团购,False,B:团购字段,1,15-20,A,中牟县,潘安公园,口味:3.5 环境:3.5 服务:3.5,1,,1,0,卤汁豆腐_冰糖烤梨_泡菜豆腐_椒盐杏鲍鱼菇_黄金小土豆_爆款脆皮年糕_棒棒鸡_纯肉的相连_芝士棒,,
HahsJ0i2jfQmjH2E,十全炸鸡,Unknown,False,D:无证据,,整鸡/大单品+鸡腿+鸡架/锁骨/叉骨+鸡块/鸡米花/鸡柳,True,A:菜品直接证据,脆皮鸡;鸡腿;鸡架;鸡柳,裹粉炸,False,A:菜品直接证据,脆皮,Unknown,False,D:无证据,,含外卖,False,B:外卖字段,1,Unknown,D,中牟县,潘安公园,,,1,,0,无骨鸡柳_肉肉大拼一家亲_脆皮鸡腿_超鸡叉骨_肉肉拼盘一家亲,,
k7iwCSgNR6EUlIVe,酥香坊·炸局,Unknown,False,D:无证据,,整鸡/大单品+鸡块/鸡米花/鸡柳,True,A:菜品直接证据,全鸡;鸡柳,Unknown,False,D:无证据,,Unknown,False,D:无证据,,Unknown,False,D:无证据,,Unknown,D,金水区,金水区,,1,,,0,海苔鸡柳_全鸡,,
k4DuNsrPf6O88kUq,工人路炸鸡(纬四路店),Unknown,False,D:无证据,,鸡腿+鸡翅,True,A:菜品直接证据,手枪腿;全翅,Unknown,False,D:无证据,,Unknown,False,D:无证据,,堂食+外卖+团购,False,B:多字段组合,外卖:1/团购:1,20-30,A,金水区,金水路/省政府,,,1,1,0,鸡全翅_招牌手枪腿,,
G4uF4UddYCmE7SBk,玛吉奈•韩国炸鸡(上街店),中式,True,A:菜品直接证据,中式;火鸡面;吮指,Unknown,False,D:无证据,,裹粉炸,False,A:菜品直接证据,酥炸,香辣+甜辣+酱香,True,A:菜品直接证据,香辣;芝士;蜜汁,含团购,False,B:团购字段,1,10-15,A,上街区,铝城公园,口味:3.6 环境:3.6 服务:3.6,5,,1,0,九宫格炸鸡_奶香芝士酱_甜糯玉米粒_绝搭炸年糕_酥酥无骨腿肉_牛油果酱_烈焰火鸡面_中式无骨香辣酥炸鸡_鲜汁青柠_吮指蜜汁,,
l8its5HMStjd2B0y,爱尚炸鸡(交通路店),Unknown,False,D:无证据,,鸡腿+鸡块/鸡米花/鸡柳,True,A:菜品直接证据,鸡腿;鸡叉骨;鸡块,裹粉炸,True,A:菜品直接证据,脆皮;生炸,香辣+蒜香+黑胡椒+酱香,True,A:菜品直接证据,香酥;香辣;蒜香;黑椒;蜜汁,堂食+外卖+团购,False,B:多字段组合,外卖:1/团购:1,15-20,A,二七区,鑫苑鑫都汇,口味:3.9 环境:3.9 服务:3.9,117,1,1,0,招牌生炸鸡腿肉_生炸蜜汁龙骨脆_黑椒鸡块_蒜香鸡块_无骨龙利鱼_香辣口味_可乐快乐水_生炸鸡脆骨_鲜切无骨鸡块,,
G40i6weCD7MsoOQC,喔沫炸鸡,Unknown,False,D:无证据,,整鸡/大单品+鸡腿,True,A:菜品直接证据,大鸡;鸡腿,Unknown,False,D:无证据,,Unknown,False,D:无证据,,Unknown,False,D:无证据,,Unknown,D,中原区,郑州大学新校区,,,,,0,狂飙大鸡腿,,
G357toB4OHUqtdjo,招牌蜜汁烤鸡,Unknown,False,D:无证据,,整鸡/大单品,False,C:店名推断,烤鸡,烤炸复合,False,C:店名推断,烤鸡,酱香,False,C:店名推断,蜜汁,含外卖,False,B:外卖字段,1,Unknown,D,中原区,郑州大学新校区,,,1,,0,,,
H6oi3IKBHD59Hztk,一品香叉骨炸鸡,Unknown,False,D:无证据,,鸡架/锁骨/叉骨,False,C:店名推断,叉骨,Unknown,False,D:无证据,,Unknown,False,D:无证据,,含外卖,False,B:外卖字段,1,Unknown,D,中原区,郑州大学新校区,,,1,,0,,,
FGuGq6jNt3xyguZS,阿康炸鸡馍,Unknown,False,D:无证据,,Unknown,False,D:无证据,,Unknown,False,D:无证据,,Unknown,False,D:无证据,,Unknown,False,D:无证据,,Unknown,D,中原区,郑州大学新校区,,,,,0,,,
G4VjnOvsANzr5mJZ,花彪炸鸡腿(郑州市永安街店),韩式,False,A:菜品直接证据,芝士炸鸡,整鸡/大单品+鸡排+鸡架/锁骨/叉骨,True,A:菜品直接证据,大鸡;鸡腿;鸡排;鸡架,生炸/现炸,False,A:菜品直接证据,生炸,香辣+甜辣,True,A:菜品直接证据,辣;芝士;甘梅,堂食+外卖+团购,False,B:多字段组合,外卖:1/团购:1,10-15,A,二七区,郑铁体育中心,口味:3.9 环境:3.9 服务:4.0,28,1,1,0,手掌大鸡排_酷辣火鸡面_香炸鸡贝贝_多肉大鸡架_火爆淀粉肠_招牌烤五花_腐竹脆肉卷_花彪烤面筋_生炸鸡架_雪花芝士炸鸡,,
l2wZ00EXMeyVhJPI,豹头虎二-爆汁炸鸡,Unknown,False,D:无证据,,鸡架/锁骨/叉骨,False,A:菜品直接证据,鸡叉骨,Unknown,False,D:无证据,,Unknown,False,D:无证据,,含团购,False,B:团购字段,1,<10,A,二七区,郑铁体育中心,口味:3.5 环境:3.5 服务:3.5,2,,1,0,炸鸡叉骨,,
jQGagcgmSTAngGMc,串队长烤串炸鸡北京烤鸭,Unknown,False,D:无证据,,Unknown,False,D:无证据,,Unknown,False,D:无证据,,Unknown,False,D:无证据,,含外卖,False,B:外卖字段,1,Unknown,D,中原区,郑州大学新校区,,1,1,,0,,,
G7XqALf8hjCfNzZG,箐筳荷叶烤鸡(郑州中原店),Unknown,False,D:无证据,,整鸡/大单品,False,C:店名推断,烤鸡,烤炸复合,False,C:店名推断,烤鸡,Unknown,False,D:无证据,,含外卖,False,B:外卖字段,1,20-30,A,中原区,郑州大学新校区,,,1,,0,,,
iXvrqQaQ33CZosUP,豆炸鸡炸蘑菇,Unknown,False,D:无证据,,Unknown,False,D:无证据,,Unknown,False,D:无证据,,Unknown,False,D:无证据,,Unknown,False,D:无证据,,Unknown,D,中牟县,雁鸣湖镇,,,,,0,,,
G4p1OwmNd9VaLH0w,香酥炸鸡,中式,False,A:菜品直接证据,香酥鸡,整鸡/大单品+鸡翅+鸡块/鸡米花/鸡柳,True,A:菜品直接证据,香酥鸡;翅根;鸡块,裹粉炸,False,C:店名推断,酥炸,原味+酸甜,True,A:菜品直接证据,经典;甘梅,含团购,False,B:团购字段,1,10-15,A,新密市,青屏广场,,,,1,0,四喜炸鸡_甘梅薯条_经典奶油味_秘制半翅_香酥翅根_香酥鸡块,,
H3mjDFcGQvO1qQLk,陈小蛮香蒜炸鸡(郑州新密店),Unknown,False,D:无证据,,整鸡/大单品+鸡排+鸡块/鸡米花/鸡柳+鸡脖/其他部位,True,A:菜品直接证据,大鸡;鸡排;鸡块;鸡皮,Unknown,False,D:无证据,,椒盐,False,A:菜品直接证据,椒盐,堂食+外卖+团购,False,B:多字段组合,外卖:1/团购:1,15-20,A,新密市,青屏广场,口味:3.3 环境:3.4 服务:3.4,10,1,1,0,贵妃荔枝鸡柳_酥脆鸡块_锅巴小土豆_椒盐蘑菇_超大鸡排_焦香鸡皮串,,
Ha49cwDPK7SRS656,吉香阁炸鸡(开阳路店),Unknown,False,D:无证据,,鸡腿+鸡翅+鸡块/鸡米花/鸡柳,True,A:菜品直接证据,脆皮鸡;手枪腿;翅中;鸡叉骨;鸡块;鸡皮,裹粉炸,False,A:菜品直接证据,脆皮,香辣,False,A:菜品直接证据,麻辣,堂食+外卖+团购,False,B:多字段组合,外卖:1/团购:1,15-20,A,新密市,青屏广场,口味:3.4 环境:3.4 服务:3.4,1,1,1,0,卤琵琶腿_翅中_炸琵琶腿_鸡丁夹馍_怡宝纯净水_豆腐皮夹馍_无刺鱼_农夫山泉黑乌龙_醒目_鸡半翅,,
H4UaV3yDq46BM385,郑州老西郊大鸡腿(新密店),Unknown,False,D:无证据,,鸡翅+鸡架/锁骨/叉骨,True,A:菜品直接证据,全鸡;鸡腿;翅根;鸡架;鸡米花,Unknown,False,D:无证据,,香辣,False,A:菜品直接证据,麻辣,堂食+外卖+团购,False,B:多字段组合,外卖:1/团购:1,10-15,A,新密市,青屏广场,,1,1,1,0,小翅根_麻辣鸡架,,
G5QlkTJAvjziS9kd,蘑菇的炸鸡店,韩式,True,A:菜品直接证据,无骨炸鸡;双拼,鸡翅+鸡排+鸡块/鸡米花/鸡柳,True,A:菜品直接证据,鸡翅;鸡排;无骨炸鸡,Unknown,False,D:无证据,,甜辣,True,A:菜品直接证据,芝士;甘梅,Unknown,False,D:无证据,,30-50,A,新密市,青屏广场,,1,,,0,奶香芋圆_薯格_无骨炸鸡拼半翅_招牌鸡翅拼盘_小烧鸡_爆浆鸡排无骨_芝士爆浆鸡排_爆浆鸡排拼半翅_爆浆鸡排拼翅膀_半腿价,,
k6Yx5F8LNvkvAFEG,6元大饼卷鸡柳,Unknown,False,D:无证据,,鸡块/鸡米花/鸡柳,False,C:店名推断,鸡柳,Unknown,False,D:无证据,,Unknown,False,D:无证据,,含外卖,False,B:外卖字段,1,Unknown,D,新密市,青屏广场,,,1,,0,,,
l6CRHsnxQf8HREzr,萌多哆中式炸肉,中式,False,C:店名推断,中式,整鸡/大单品+鸡腿+鸡块/鸡米花/鸡柳,True,A:菜品直接证据,嫩鸡;鸡腿;鸡块,裹粉炸,False,A:菜品直接证据,酥炸,原味,False,A:菜品直接证据,香酥,含团购,False,B:团购字段,1,10-15,A,新密市,青屏广场,,,,1,0,香嫩鸡肉条_香酥炸蘑菇_招牌炸排骨_无骨香鸡块_爆汁鸡腿,,
EoNm7BmUkQn1WouM,张屯屯开花鸡腿(新密长庆西街店),中式,False,C:品牌映射,brand:张屯屯,鸡腿,False,C:品牌映射,brand:张屯屯,生炸/现炸,False,C:品牌映射,brand:张屯屯,原味,False,C:品牌映射,brand:张屯屯,档口/摊位,False,C:品牌映射,brand:张屯屯,10-15,A,新密市,青屏广场,,,1,1,0,小蛋糕_大肉卷煎_凤爪_鸭血_动物奶油蛋糕_煎饼_香酥鸭_红丝绒蛋糕_丸子_雪媚娘,,
H6CzD6QStS2swjDo,透骨香(西大街炸鸡店),Unknown,False,D:无证据,,鸡翅+鸡脖/其他部位,True,A:菜品直接证据,鸡翅;鸡皮,Unknown,False,D:无证据,,香辣,False,A:菜品直接证据,辣,Unknown,False,D:无证据,,20-30,A,新密市,青屏广场,口味:3.8 环境:3.8 服务:3.8,49,,,0,鸡翅_透骨香_鸡皮_酸辣南瓜丝_炝锅绿豆面_烤羊板筋_爽口凉菜_米醋炖柴鸡_黄焖茄子,,
iPkCfrCdmFM2UvUA,正新鸡排(中强光年店),美式/西式,False,C:品牌映射,brand:正新,鸡翅+鸡排+鸡架/锁骨/叉骨,True,C:品牌映射,brand:正新,裹粉炸,False,C:品牌映射,brand:正新,原味,False,C:品牌映射,brand:正新,档口/摊位,False,C:品牌映射,brand:正新,10-15,A,新密市,青屏广场,口味:3.6 环境:3.6 服务:3.7,70,1,1,0,正新鸡排堡_脆皮香蕉_乳茶_鸡翅根_香芋地瓜丸_火爆鱿鱼_正新鸡肉串_正新鸭肉串_孜香锁骨串_正新开花肠,,
G7Hx7rKGN8crPX31,正新鸡排·炸鸡烧烤(新密雄飞店),美式/西式,False,C:品牌映射,brand:正新,鸡翅+鸡排+鸡块/鸡米花/鸡柳,True,C:品牌映射,brand:正新,裹粉炸,False,C:品牌映射,brand:正新,甜辣+酸甜,True,C:品牌映射,brand:正新,档口/摊位,False,C:品牌映射,brand:正新,10-15,A,新密市,青屏广场,口味:3.9 环境:3.8 服务:3.8,134,1,1,0,疯狂烤翅_骨肉相连_爆浆芝士鸡排_劲脆鸡米花_黑金鸡块_脆脆鸡肉圈_拉丝芝士棒_猪肉串_甘梅地瓜条_纯肉开花肠,,
H1FgFhGOnc7i4TQS,爱上叉骨炸鸡,中式,False,A:菜品直接证据,香酥鸡,整鸡/大单品+鸡腿,True,A:菜品直接证据,脆皮鸡;鸡腿;鸡翅;鸡叉骨;鸡柳,裹粉炸,False,A:菜品直接证据,脆皮,原味,True,A:菜品直接证据,香酥;番茄,堂食+外卖+团购,False,B:多字段组合,外卖:1/团购:1,10-15,A,新密市,青屏广场,,,1,1,0,香酥伴翅_香酥鸡腿,,
k1gax0k3Nu3ulzSi,老城炸鸡(雪花街店),中式,False,A:菜品直接证据,香酥鸡,整鸡/大单品+鸡腿+鸡翅+鸡块/鸡米花/鸡柳+鸡脖/其他部位,True,A:菜品直接证据,整鸡;手枪腿;翅根;鸡叉骨;鸡丁;鸡皮,Unknown,False,D:无证据,,原味,False,A:菜品直接证据,香酥,堂食+外卖+团购,False,B:多字段组合,外卖:1/团购:1,<10,A,新密市,青屏广场,口味:3.8 环境:3.8 服务:3.9,17,1,1,0,招牌鸡丁_黄金手枪腿_香酥鸡皮_焦香鸡皮_香酥鱼块_小翅根_自制大肉粒香肠_健力宝核桃奶_香酥整鸡,,
l8XqNvudnrY6Qh3R,延庆观炸鸡(西大街店),中式,False,C:品牌映射,brand:延庆观,鸡腿+鸡翅+鸡架/锁骨/叉骨+鸡块/鸡米花/鸡柳+鸡脖/其他部位,True,C:品牌映射,brand:延庆观,卤炸,False,C:品牌映射,brand:延庆观,蒜香+酱香,True,C:品牌映射,brand:延庆观,档口/摊位,False,C:品牌映射,brand:延庆观,20-30,A,新密市,青屏广场,口味:3.9 环境:3.9 服务:3.9,456,1,1,0,小鸡腿_炸鸡皮_牙签肉纯瘦肉_炸鸡块_蒜香肉条_酱香鸭架_鸡翅中_无刺鱼_鸡块拼盘_黄金鸡柳,,
k3BRMUX0x0ZVYpjD,大囍鸡排拌饭,Unknown,False,D:无证据,,鸡排,False,C:店名推断,鸡排,Unknown,False,D:无证据,,Unknown,False,D:无证据,,含团购,False,B:团购字段,1,10-15,A,新密市,青屏广场,,,,1,0,恒大青柠苏打水,,
G3rMIW4VtKali6BA,刘婉婉生炸妙龄鸡(长庆西街店),中式,False,C:品牌映射,brand:刘婉婉,整鸡/大单品+鸡翅+鸡架/锁骨/叉骨+鸡块/鸡米花/鸡柳,True,C:品牌映射,brand:刘婉婉,生炸/现炸,False,C:品牌映射,brand:刘婉婉,原味,False,C:品牌映射,brand:刘婉婉,档口/摊位,False,C:品牌映射,brand:刘婉婉,<10,A,新密市,青屏广场,口味:3.5 环境:3.5 服务:3.5,20,1,1,2,鸡背肉_现炸卤味鸡翅根_鸡贝贝_黄金鸡肉卷_奶香地瓜条_生炸全鸡架_现炸黄金鸡柳_无骨上腿肉,,
l2qpyVFEfvyjGz8c,杜先生烧烤,Unknown,False,D:无证据,,整鸡/大单品,True,A:菜品直接证据,烤鸡;鸡胗,烤炸复合,False,A:菜品直接证据,烤鸡,原味,False,A:菜品直接证据,香酥,含外卖,False,B:外卖字段,1,15-20,A,新密市,青屏广场,口味:3.4 环境:3.4 服务:3.4,9,1,,0,滋补牛肉汤_烤面包片_特色大盘鸡_烤羊肉筋_烤羊油_凉拌变蛋_凉拌莲藕_凉拌西兰花_凉拌花生米_烤鸭肠,,
GaSTlVw5cuLlrBmi,汉堡·炸鸡,Unknown,False,D:无证据,,Unknown,False,D:无证据,,Unknown,False,D:无证据,,Unknown,False,D:无证据,,Unknown,False,D:无证据,,Unknown,D,管城回族区,新世界百货,口味:3.6 环境:3.6 服务:3.6,1,,,0,,,
kaka2UAI6sTnfdKv,苕将军章鱼丸子,Unknown,False,D:无证据,,Unknown,False,D:无证据,,Unknown,False,D:无证据,,Unknown,False,D:无证据,,Unknown,False,D:无证据,,Unknown,D,二七区,西大街,,,,,0,,,
l641E5feg81W2s8e,炸串拌饼卷饼布袋馍,Unknown,False,D:无证据,,Unknown,False,D:无证据,,Unknown,False,D:无证据,,Unknown,False,D:无证据,,Unknown,False,D:无证据,,Unknown,D,二七区,西大街,,,,,0,,,
FwmBjRJw1Ed4gkT6,生炸鸡架铺,Unknown,False,D:无证据,,鸡架/锁骨/叉骨,False,C:店名推断,鸡架,生炸/现炸,False,C:店名推断,生炸,Unknown,False,D:无证据,,Unknown,False,D:无证据,,Unknown,D,中牟县,豫康新城,,,,,0,,,
l4d5z3DLFgRQld14,咂八块炸鸡自助(亚细亚店),韩式,False,A:菜品直接证据,韩式,Unknown,False,D:无证据,,Unknown,False,D:无证据,,酸甜,False,A:菜品直接证据,番茄,堂食+外带,False,C:店名推断,自助,30-50,A,二七区,西大街,口味:3.9 环境:3.9 服务:3.9 品种:4.0,50,1,1,0,番茄意面_双色韩式炸鸡,,
HanWHGFH61mcpNyE,语姑娘中国炸鸡,中式,False,A:菜品直接证据,中式炸鸡,整鸡/大单品+鸡腿+鸡架/锁骨/叉骨,True,A:菜品直接证据,大鸡;鸡腿;鸡叉骨,Unknown,False,D:无证据,,香辣,False,A:菜品直接证据,辣椒,堂食+外卖+团购,False,B:多字段组合,外卖:1/团购:1,<10,A,新郑市,轩辕故里,,,1,1,0,招牌手枪腿_中式爆汁大鸡腿_中式炸鸡叉骨拼盘_中式炸鸡叉骨_辣椒面,,
laDlEYn0aKDKVGj9,延庆观炸鸡(阳光城店),中式,False,C:品牌映射,brand:延庆观,鸡架/锁骨/叉骨+鸡块/鸡米花/鸡柳,True,C:品牌映射,brand:延庆观,卤炸,False,C:品牌映射,brand:延庆观,香辣+甜辣+椒盐+酸甜,True,C:品牌映射,brand:延庆观,档口/摊位,False,C:品牌映射,brand:延庆观,15-20,A,管城回族区,橡树玫瑰城,口味:3.5 环境:3.6 服务:3.6,,1,,0,冷藏苏打水_可口可乐罐装_老汽水_叉骨_怡宝纯净水_韩式番茄酱_招牌鸡米花_椒盐撒粉_麻辣撒粉_琥珀炸鸡酱,,
k90sh0RwV49ZLoya,临榆炸鸡腿(郑州城市职业学院店),中式,False,C:品牌映射,brand:临榆,鸡腿,True,"C:店名推断(修正,优先于品牌映射)",brand:临榆,腌炸,False,C:品牌映射,brand:临榆,原味,False,C:品牌映射,brand:临榆,档口/摊位,False,C:品牌映射,brand:临榆,10-15,A,新密市,行政服务中心,,,,,0,炸鸡腿2只_炸全翅_爆浆鸡排_黄金鸡叉骨_黄金香骨鸡_香骨鸡_香酥琵琶腿,鸡排,brand_product_conflict
l5FcKOc89I2DkwbG,爱上·叉骨炸鸡(五建新街坊店),Unknown,False,D:无证据,,鸡架/锁骨/叉骨,False,C:店名推断,叉骨,Unknown,False,D:无证据,,Unknown,False,D:无证据,,Unknown,False,D:无证据,,15-20,A,中原区,西元国际广场,口味:3.8 环境:3.8 服务:3.8,1,,,0,,,
k1ihGZbATXeGovSh,赵小柳炸鸡腿(二七店),韩式,True,A:菜品直接证据,韩式;三合一,整鸡/大单品+鸡腿+鸡翅+鸡架/锁骨/叉骨+鸡块/鸡米花/鸡柳,True,A:菜品直接证据,大鸡;鸡腿;翅中;鸡架;鸡柳,生炸/现炸,False,A:菜品直接证据,生炸,香辣,False,A:菜品直接证据,香辣,堂食+外卖+团购,False,B:多字段组合,外卖:1/团购:1,<10,A,二七区,橄榄城,,4,1,1,0,燃情翅根_无骨鸡腿块_三合一鸡柳_爆汁大鸡腿_鸡贝贝_蝴蝶鸡架_韩式炸年糕_生炸鸡架_香辣翅中_黄金翅根,,
l9CP3R5cOjkr7mOo,初鸣度中国炸鸡(绿都澜湾店),中式,False,C:店名推断,中国炸鸡,Unknown,False,D:无证据,,Unknown,False,D:无证据,,Unknown,False,D:无证据,,含外卖,False,B:外卖字段,1,Unknown,D,二七区,橄榄城,口味:3.5 环境:3.6 服务:3.6,,1,,0,,,
k6cNS3IByAMLVr0V,元气饭团炸鸡鸭货,中式,False,A:菜品直接证据,香酥鸡,整鸡/大单品,True,A:菜品直接证据,香酥鸡;鸡排,裹粉炸,False,A:菜品直接证据,脆皮,原味+香辣+甜辣,True,A:菜品直接证据,原味;麻辣;芝士;甘梅,含外卖,False,B:外卖字段,1,15-20,A,二七区,橄榄城,口味:3.4 环境:3.4 服务:3.4,3,1,,0,泡菜蟹柳饭团_经典原味饭团_爆浆芝士泡菜饭团_爆浆芝士培根饭团_爆浆芝士鸡排饭团_鳗鱼丝_麻辣魔芋爽饭团_爆浆芝士饭团_咸蛋双黄肉松饭团_海苔卤蛋饭团,,
k8GuPLA3IfqAPBtG,饼圈咖喱鸡肉饼(佛岗总店),Unknown,False,D:无证据,,Unknown,False,D:无证据,,Unknown,False,D:无证据,,原味+香辣,True,A:菜品直接证据,原味;辣;酱香;橙,堂食+外卖+团购,False,B:多字段组合,外卖:1/团购:1,10-15,A,二七区,橄榄城,口味:3.9 环境:3.9 服务:3.9,81,1,1,0,辣得欢牛蛙_花花牛乳酸菌_美汁源果粒奶优_脉动回来_优酸乳原味_明仁苏打水_花花牛益生菌_咖喱鸡肉片_青岛拉罐啤酒_花花牛饮品原味,,
H3V605dqjwZWBFf5,嘎嘎香叉骨炸鸡韩式炸鸡(佛岗新居店),韩式,False,A:菜品直接证据,韩式,整鸡/大单品+鸡腿+鸡架/锁骨/叉骨,True,A:菜品直接证据,脆皮鸡;鸡腿;叉骨,裹粉炸,False,A:菜品直接证据,脆皮,Unknown,False,D:无证据,,堂食+外卖+团购,False,B:多字段组合,外卖:1/团购:1,10-15,A,二七区,橄榄城,口味:3.7 环境:3.7 服务:3.7,25,1,1,0,招牌叉骨_洋葱圈_黄金小叉骨_香炸脆皮鸡腿_脆骨肉_招牌韩式炸鸡,,
l5bZ8EC877EIZjdi,爱上叉骨炸鸡(芳草园店),Unknown,False,D:无证据,,整鸡/大单品,True,A:菜品直接证据,脆皮鸡;鸡腿;鸡翅;鸡叉骨;鸡柳,裹粉炸,False,A:菜品直接证据,脆皮,Unknown,False,D:无证据,,含外卖,False,B:外卖字段,1,15-20,A,二七区,橄榄城,口味:3.4 环境:3.5 服务:3.5,3,1,,0,台湾优质大烤肠_黄金小叉骨,,
k7kkkjKeCRNBAfUA,大宋炸鸡(联合雅园东区店),Unknown,False,D:无证据,,Unknown,False,D:无证据,,Unknown,False,D:无证据,,Unknown,False,D:无证据,,Unknown,False,D:无证据,,Unknown,D,二七区,橄榄城,口味:3.4 环境:3.4 服务:3.4,5,,,0,,,
H5kei5n4Pp5nzUFa,延庆观炸鸡(橄榄城店),中式,False,C:品牌映射,brand:延庆观,鸡腿+鸡翅+鸡架/锁骨/叉骨+鸡块/鸡米花/鸡柳+鸡脖/其他部位,True,C:品牌映射,brand:延庆观,卤炸,False,C:品牌映射,brand:延庆观,原味,False,C:品牌映射,brand:延庆观,档口/摊位,False,C:品牌映射,brand:延庆观,15-20,A,二七区,橄榄城,口味:3.9 环境:3.9 服务:3.9,26,1,1,0,延庆观鸡米花_延庆观炸鸡叉骨_延庆观炸翅中_延庆观炸鸡块_上校鸡块_延庆观炸鸡皮_现炸大薯条_炸淀粉肠_延庆观炸鸡腿_延庆观牙签肉,,
H6HYkEmAwk3Mwjf8,爆掌柜生炸鸡架(佛岗新居店),中式,False,C:品牌映射,brand:爆掌柜,鸡腿+鸡翅+鸡架/锁骨/叉骨+鸡块/鸡米花/鸡柳,True,C:品牌映射,brand:爆掌柜,生炸/现炸,False,C:品牌映射,brand:爆掌柜,香辣+酱香+酸甜,True,C:品牌映射,brand:爆掌柜,档口/摊位,False,C:品牌映射,brand:爆掌柜,10-15,A,二七区,橄榄城,口味:3.6 环境:3.5 服务:3.5,17,1,1,11,甘梅地瓜_生炸鸡叉骨_生炸鸡腿肉_无骨鸡柳_奥尔良腿排夹饼_咖喱鸡柳肉夹饼_五香里脊肉夹饼_麻辣伴翅_香辣伴翅_生炸麻辣翅尖,,
H4JDlTLQg6yXyfpK,临榆炸鸡腿(黄科大西门店),中式,False,C:品牌映射,brand:临榆,鸡腿,True,"C:店名推断(修正,优先于品牌映射)",brand:临榆,腌炸,False,C:品牌映射,brand:临榆,原味,False,C:品牌映射,brand:临榆,档口/摊位,False,C:品牌映射,brand:临榆,10-15,A,二七区,橄榄城,口味:3.9 环境:4.0 服务:3.9,57,1,1,16,香酥琵琶腿_豆皮鸡肉卷_招牌炸鸡腿_脆皮手枪腿_黄金香骨鸡_鲜肉饼_红豆饼_黄金炸鸡架_开心薯饼_鸡肉条,鸡排,brand_product_conflict
H6kfLAfLC8YRjaYP,9号炸鸡,Unknown,False,D:无证据,,Unknown,False,D:无证据,,Unknown,False,D:无证据,,Unknown,False,D:无证据,,Unknown,False,D:无证据,,Unknown,D,中原区,西元国际广场,,,,,0,,,
l7WexFkkMFdhDHGc,汉堡炸鸡,Unknown,False,D:无证据,,Unknown,False,D:无证据,,Unknown,False,D:无证据,,Unknown,False,D:无证据,,Unknown,False,D:无证据,,Unknown,D,中原区,西元国际广场,,,,,0,,,
k7BUZHMN1k3p1pFs,吉茹意生炸鸡架烤串,Unknown,False,D:无证据,,鸡架/锁骨/叉骨,False,C:店名推断,鸡架,生炸/现炸,False,C:店名推断,生炸,Unknown,False,D:无证据,,Unknown,False,D:无证据,,Unknown,D,二七区,西大街,,,,,0,,,
k4Yas1N7HgWq4m4y,汉堡炸鸡,Unknown,False,D:无证据,,Unknown,False,D:无证据,,Unknown,False,D:无证据,,Unknown,False,D:无证据,,Unknown,False,D:无证据,,Unknown,D,中原区,西元国际广场,,,,,0,,,
k2Fb3Xt1HseLj08b,御膳炸鸡(西亚斯五餐一楼店),中式,False,C:品牌映射,brand:御膳,鸡架/锁骨/叉骨,False,C:品牌映射,brand:御膳,生炸/现炸,False,C:品牌映射,brand:御膳,椒盐,False,C:品牌映射,brand:御膳,档口/摊位,False,C:品牌映射,brand:御膳,Unknown,D,新郑市,西亚斯大学,口味:3.4 环境:3.4 服务:3.4,1,1,,0,,,
G6QAn6R7GB7u59BC,华圣客汉堡炸鸡,Unknown,False,D:无证据,,Unknown,False,D:无证据,,Unknown,False,D:无证据,,Unknown,False,D:无证据,,含外卖,False,B:外卖字段,1,Unknown,D,新郑市,西亚斯大学,,,1,,0,,,
G4RwODcTDVGeMAAo,喜东东炸鸡店(中华路店),韩式,False,A:菜品直接证据,韩式,鸡翅+鸡块/鸡米花/鸡柳,True,A:菜品直接证据,鸡腿;翅中;鸡块,Unknown,False,D:无证据,,甜辣,True,A:菜品直接证据,芝士;黑椒;酱料,堂食+外卖+团购,False,B:多字段组合,外卖:1/团购:1,Unknown,D,新郑市,领秀城,,,1,1,0,翅中单点不送_黑椒鸡块_韩式无骨炸鸡,,
k9iJT33JM4PB3tfk,满巍明生炸鸡架(新密中强光年店),中式,False,C:品牌映射,brand:满巍明,整鸡/大单品+鸡腿+鸡架/锁骨/叉骨+鸡块/鸡米花/鸡柳+鸡脖/其他部位,True,C:品牌映射,brand:满巍明,生炸/现炸,False,C:品牌映射,brand:满巍明,椒盐+酸甜,True,C:品牌映射,brand:满巍明,档口/摊位,False,C:品牌映射,brand:满巍明,20-30,A,新密市,青屏广场,口味:3.5 环境:3.6 服务:3.6,5,1,1,0,生炸鸡架_甘梅地瓜_脆皮小鸡腿_芝香藕条_轰炸大鸡腿_椒盐架豆王_生椰鸡腱_给力大鸡柳_生椰拿铁鸡脖_生椰拿铁鸡腱腿,,
kaWVBreH9t90t7Yw,唛乐哆汉堡炸鸡(长宁街店),韩式,False,A:菜品直接证据,韩式,鸡腿,True,A:菜品直接证据,鸡腿;烤翅;鸡排;鸡块,烤炸复合,False,A:菜品直接证据,烤翅,香辣+黑胡椒+酱香,True,A:菜品直接证据,辣;黑椒;蜜汁,含团购,False,B:团购字段,1,15-20,A,新密市,青屏广场,口味:3.5 环境:3.5 服务:3.5,6,,1,0,水果缤纷比萨_小哆薯霸_法式黑椒牛肉披萨_清爽柠檬汁_鸿运热辣鸡排_奥尔良烤全腿_鲜虾堡_奥尔良鸡肉比萨_鸡肉洋葱卷_牛肉堡,,
l8fiWALBQEyiLmwb,孙师傅电烤鸡架,Unknown,False,D:无证据,,整鸡/大单品,True,C:店名推断,烤鸡;鸡架,烤炸复合,False,C:店名推断,烤鸡,Unknown,False,D:无证据,,含外卖,False,B:外卖字段,1,Unknown,D,中原区,西元国际广场,,,1,,0,,,
G7d2U1RVQyiXO0IO,延庆观炸鸡(马寨店),中式,False,C:品牌映射,brand:延庆观,整鸡/大单品+鸡腿+鸡翅+鸡块/鸡米花/鸡柳,True,C:品牌映射,brand:延庆观,卤炸,False,C:品牌映射,brand:延庆观,原味,False,C:品牌映射,brand:延庆观,档口/摊位,False,C:品牌映射,brand:延庆观,15-20,A,二七区,马寨镇,口味:3.6 环境:3.6 服务:3.6,10,1,1,0,金甲鸡柳_全翅_鸡米花大鸡腿_炸鸡拼盘_脆骨肉_翅根_无糖雪碧_炸琵琶腿,,
H19urXGrLtNXqZk8,无鳗不欢现制鳗鱼饭牛肉饭,Unknown,False,D:无证据,,Unknown,False,D:无证据,,Unknown,False,D:无证据,,Unknown,False,D:无证据,,含外卖,False,B:外卖字段,1,Unknown,D,金水区,省电视台,,2,1,,0,,,
H5S6dBgWAeHb6WGj,阿文风味炸鸡,Unknown,False,D:无证据,,鸡翅+鸡块/鸡米花/鸡柳,True,A:菜品直接证据,鸡腿;鸡翅;鸡叉骨;鸡块,Unknown,False,D:无证据,,香辣,False,A:菜品直接证据,香辣,含团购,False,B:团购字段,1,Unknown,D,金水区,省电视台,,,,1,0,风味鸡块_风味炸鸡翅,,
FRkw9bySKvqzGDfc,甄香咕叽韩式炸鸡(金城国际店),韩式,False,A:菜品直接证据,韩式,鸡翅,False,A:菜品直接证据,翅根,Unknown,False,D:无证据,,香辣,False,A:菜品直接证据,辣,含团购,False,B:团购字段,1,Unknown,D,金水区,省电视台,,,,1,0,爆汁无骨腿肉_爆汁一口肠_爆辣韩式火鸡面_酥酥糯糯年糕_嫩脆小翅根_蘸料口味自选可拼盘,,
H7xC3SXLeIJXP14j,刘婉婉生炸妙龄鸡(盛和街店),中式,False,C:品牌映射,brand:刘婉婉,鸡架/锁骨/叉骨+鸡块/鸡米花/鸡柳,True,C:品牌映射,brand:刘婉婉,生炸/现炸,False,C:品牌映射,brand:刘婉婉,原味,False,C:品牌映射,brand:刘婉婉,档口/摊位,False,C:品牌映射,brand:刘婉婉,<10,A,金水区,祭城/大旺城,,4,1,1,12,鸡背肉_叉骨_无骨辣子鸡_奶香地瓜条_现炸黄金鸡柳_无骨上腿肉,,
l9KrDBJFzme7Enid,延庆观汴梁炸鸡(祭城店),中式,False,C:品牌映射,brand:延庆观,整鸡/大单品+鸡翅+鸡架/锁骨/叉骨,True,C:品牌映射,brand:延庆观,卤炸,False,C:品牌映射,brand:延庆观,原味,False,C:品牌映射,brand:延庆观,档口/摊位,False,C:品牌映射,brand:延庆观,20-30,A,金水区,祭城/大旺城,口味:3.7 环境:3.6 服务:3.6,7,1,1,0,多肉鸡叉骨_炸鸡架_香酥鸡翅根,,
k6c0rPBQ12WBEt7v,家美滋脆皮炸鸡,中式,False,A:菜品直接证据,香酥鸡,整鸡/大单品+鸡腿+鸡排+鸡架/锁骨/叉骨+鸡块/鸡米花/鸡柳,True,A:菜品直接证据,香酥鸡;鸡腿;鸡排;鸡架;鸡柳,生炸/现炸,False,A:菜品直接证据,生炸,原味+香辣,True,A:菜品直接证据,香酥;麻辣,堂食+外卖+团购,False,B:多字段组合,外卖:1/团购:1,10-15,A,金水区,祭城/大旺城,口味:3.5 环境:3.5 服务:3.5,2,1,1,0,香酥鸡柳饼_整只炸鸡_秘制鸡叉骨_黄金鸡排_药膳小鸡腿_生炸鸡架_麻辣鸡珍,,
H2lX7a6qmzcO7bfJ,牧咕石窑烤鸡(祭城店),Unknown,False,D:无证据,,整鸡/大单品+鸡腿+鸡架/锁骨/叉骨+鸡脖/其他部位,True,A:菜品直接证据,烤鸡;手枪腿;鸡架;鸡脖,烤炸复合,False,A:菜品直接证据,烤鸡,Unknown,False,D:无证据,,堂食+外卖+团购,False,B:多字段组合,外卖:1/团购:1,15-20,A,金水区,祭城/大旺城,口味:4.0 环境:4.0 服务:4.0,39,1,1,0,招牌烤手枪腿_石窑八珍烤鸡_特色烤鸡架_来份烤土豆_烤半腿石窑烤肉饭_石窑烤鸡脖_特色烤鸡脖_卤烧笨鸡爪,,
l4yq255kzdilxwOY,中原炸货铺,Unknown,False,D:无证据,,Unknown,False,D:无证据,,Unknown,False,D:无证据,,Unknown,False,D:无证据,,堂食+外卖+团购,False,B:多字段组合,外卖:1/团购:1,Unknown,D,中原区,碧沙岗,,2,1,1,0,特色里脊肉串_小酥肉_里脊肉夹饼红糖冰粉_小酥肉红糖冰粉,,
l4wM0HPxMeMfqXFm,麻辣毛蛋爆浆豆腐,Unknown,False,D:无证据,,Unknown,False,D:无证据,,Unknown,False,D:无证据,,香辣,False,A:菜品直接证据,麻辣,堂食+外卖+团购,False,B:多字段组合,外卖:1/团购:1,Unknown,D,金水区,祭城/大旺城,,,1,1,0,卤麻辣活珠子,,
H2Be2bly4OO1pbD6,现炸鲜铺,Unknown,False,D:无证据,,Unknown,False,D:无证据,,生炸/现炸,False,C:店名推断,现炸,Unknown,False,D:无证据,,含团购,False,B:团购字段,1,Unknown,D,惠济区,省体中心/裕华广场,,,,1,0,,,
G70rQ4QRLU7FoT8p,科学·布袋馍炸串(老鸦陈店),Unknown,False,D:无证据,,Unknown,False,D:无证据,,Unknown,False,D:无证据,,Unknown,False,D:无证据,,含外卖,False,B:外卖字段,1,Unknown,D,惠济区,省体中心/裕华广场,,,1,,0,,,
H8XFGrg5pollo80F,香酥鸡叉骨,中式,False,C:店名推断,香酥鸡,整鸡/大单品,True,C:店名推断,香酥鸡;鸡叉骨,Unknown,False,D:无证据,,原味,False,C:店名推断,香酥,Unknown,False,D:无证据,,Unknown,D,惠济区,省体中心/裕华广场,,,,,0,,,
k46QCHqnNIgjKfjU,三个先森的韩国炸鸡(中原一店),韩式,True,A:菜品直接证据,韩式;双拼,整鸡/大单品+鸡腿+鸡排+鸡块/鸡米花/鸡柳,True,A:菜品直接证据,大鸡;鸡腿;鸡排;鸡米花,Unknown,False,D:无证据,,香辣+蒜香+甜辣+黑胡椒+酱香+酸甜+芥末,True,A:菜品直接证据,香辣;蒜香;甜辣;黑椒;酱料;橙;芥末,堂食+外卖+团购,False,B:多字段组合,外卖:1/团购:1,20-30,A,中原区,锦艺城/王府井,口味:3.6 环境:3.6 服务:3.6,21,1,1,0,蒜香酱油炸鸡_鸡腿_美味爆款青花椒鸡伴翅_香辣鸡米花_黑椒鸡块_香芋红薯丸子_吉祥豆腐_大大鸡排_韩式蜂蜜芥末酱料_悦动力清爽橙味汽水,,
l6SKFch65otqbaG0,延庆观炸鸡(棉纺东路店),中式,False,C:品牌映射,brand:延庆观,鸡腿+鸡翅+鸡架/锁骨/叉骨+鸡块/鸡米花/鸡柳,True,C:品牌映射,brand:延庆观,卤炸,False,C:品牌映射,brand:延庆观,原味,False,C:品牌映射,brand:延庆观,档口/摊位,False,C:品牌映射,brand:延庆观,15-20,A,中原区,锦艺城/王府井,口味:4.0 环境:3.9 服务:3.9,852,,1,0,延庆观牙签肉_炸鸡翅_鲜嫩翅中_鸡米花牙签肉两掺儿_琵琶腿_黄金翅根_经典牙签肉_延庆观炸鸡券_延庆观炸翅根_瓶装可乐,,
H6H28gGlcYv8Fk5K,老四厂炸鸡(国棉四厂家属院店),Unknown,False,D:无证据,,Unknown,False,D:无证据,,Unknown,False,D:无证据,,Unknown,False,D:无证据,,Unknown,False,D:无证据,,15-20,A,中原区,锦艺城/王府井,口味:3.9 环境:3.7 服务:3.8,34,,,0,,,
l1CsVMcr8fbbI1EY,三郎梁山烤串(锦艺城店),地方特色,False,A:菜品直接证据,广式,整鸡/大单品+鸡翅+鸡排,True,A:菜品直接证据,大鸡;鸡翅;鸡排,裹粉炸,False,A:菜品直接证据,脆皮,Unknown,False,D:无证据,,堂食+外卖+团购,False,B:多字段组合,外卖:1/团购:1,50+,A,中原区,锦艺城/王府井,口味:4.0 环境:4.0 服务:4.0,53,1,1,0,纯肉肠两串_肉香肠_焦香五花肉四串_鸡翅_广式腊肠_铁板鱿鱼片八串_纯肉大鸡排一串_玉米粒_藤椒猪肉串5串_脆皮年糕串,,
G6flrpEnZHpoYzIS,刘记炸鸡·原一厂老摊,Unknown,False,D:无证据,,鸡腿,True,A:菜品直接证据,鸡腿;鸡翅;鸡排;叉骨;鸡柳,Unknown,False,D:无证据,,Unknown,False,D:无证据,,含外卖,False,B:外卖字段,1,10-15,A,中原区,锦艺城/王府井,口味:3.8 环境:3.6 服务:3.7,29,1,,0,,,
G4llPe8pL7kchOW7,正新鸡排·炸鸡烧烤(锦艺城店),美式/西式,False,C:品牌映射,brand:正新,整鸡/大单品+鸡翅+鸡排,True,C:品牌映射,brand:正新,裹粉炸,False,C:品牌映射,brand:正新,原味,False,C:品牌映射,brand:正新,档口/摊位,False,C:品牌映射,brand:正新,10-15,A,中原区,锦艺城/王府井,口味:4.0 环境:4.0 服务:4.0,50,1,1,0,原味大鸡排_正新大烤肠_金锤翅根桶_现炸翅根,,
H7JoDJdLgMtO2pzh,烤鸡也疯狂(锦艺城店),Unknown,False,D:无证据,,整鸡/大单品,False,C:店名推断,烤鸡,烤炸复合,False,C:店名推断,烤鸡,Unknown,False,D:无证据,,Unknown,False,D:无证据,,Unknown,D,中原区,锦艺城/王府井,,,,,0,,,
l73014tf1Ffp188h,伴拌烤肉鸡排饭(方圆·经纬花园店),Unknown,False,D:无证据,,鸡排,False,C:店名推断,鸡排,Unknown,False,D:无证据,,Unknown,False,D:无证据,,堂食+外带,False,C:店名推断,烤肉,Unknown,D,中原区,锦艺城/王府井,,1,1,1,0,,,
G54IoC9QgXnHJfc1,鹤子炸鸡,Unknown,False,D:无证据,,Unknown,False,D:无证据,,Unknown,False,D:无证据,,Unknown,False,D:无证据,,含外卖,False,B:外卖字段,1,Unknown,D,中原区,锦艺城/王府井,,,1,,0,,,
l4sXRMpYASWUpq8i,周有财炸串(领创·天誉华庭店),Unknown,False,D:无证据,,Unknown,False,D:无证据,,Unknown,False,D:无证据,,Unknown,False,D:无证据,,含外卖,False,B:外卖字段,1,Unknown,D,中原区,锦艺城/王府井,口味:3.5 环境:3.4 服务:3.6,7,1,,0,,,
HaLmjg5xdYQ9huVr,香当赞酱拌炸鸡(国棉四厂店),中式,True,A:菜品直接证据,香酥鸡;重庆,整鸡/大单品+鸡块/鸡米花/鸡柳,True,A:菜品直接证据,香酥鸡;鸡腿;翅根;鸡叉骨;鸡柳,裹粉炸,False,A:菜品直接证据,脆皮,原味+香辣+蒜香+孜然+酸甜,True,A:菜品直接证据,香酥;麻辣;蒜香;孜然;糖醋,含团购,False,B:团购字段,1,10-15,A,中原区,锦艺城/王府井,口味:3.7 环境:3.7 服务:3.7,70,,1,0,怪味麻辣酱拌炸鸡_蒜香孜然酱拌炸鸡_重庆辣子鸡酱拌炸鸡_青花椒酱拌炸鸡_超大排_糖醋麻辣酱拌锅巴土豆_白雪椰椰薯条_海苔肉松薯条_伴翅_香酥鸡柳,,
l80DmYSsKTO8JdfY,工人路炸鸡(王府井城市奥莱店),韩式,False,A:菜品直接证据,韩国,鸡腿,True,A:菜品直接证据,鸡腿;鸡翅;鸡米花,Unknown,False,D:无证据,,香辣,True,A:菜品直接证据,香辣;橙,含外卖,False,B:外卖字段,1,20-30,A,中原区,锦艺城/王府井,口味:3.6 环境:3.6 服务:3.7,11,1,,0,工人路炸鸡腿_薯条_牛气冲天牛肉堡_热饮奶茶_柠檬水_中沃体质能量_百香果汁_王老吉罐装_美年达橙子味_韩国进口烧酒,,
l1p2kvQvyj2StIWr,HanBang韩式炸鸡·火鸡面,韩式,False,C:品牌映射,brand:HanBang,鸡块/鸡米花/鸡柳,False,C:品牌映射,brand:HanBang,裹粉炸,False,C:品牌映射,brand:HanBang,甜辣,False,C:品牌映射,brand:HanBang,外卖型,False,C:品牌映射,brand:HanBang,15-20,A,中原区,锦艺城/王府井,口味:3.5 环境:3.5 服务:3.5,3,1,,0,,,
k8kCAEhZZHilbVRP,酱满满韩式炸鸡(方圆·经纬花园店),韩式,False,C:店名推断,韩式,Unknown,False,D:无证据,,Unknown,False,D:无证据,,Unknown,False,D:无证据,,Unknown,False,D:无证据,,Unknown,D,中原区,锦艺城/王府井,口味:3.5 环境:3.5 服务:3.5,1,,,0,,,
k55eVZiIWWH2pbK1,胡夫炸串(郑州王府井店),中式,False,C:品牌映射,brand:胡夫,整鸡/大单品+鸡排,True,C:品牌映射,brand:胡夫,生炸/现炸,False,C:品牌映射,brand:胡夫,黑胡椒+酱香,True,C:品牌映射,brand:胡夫,档口/摊位,False,C:品牌映射,brand:胡夫,15-20,A,中原区,锦艺城/王府井,口味:3.4 环境:3.4 服务:3.4,4,,,5,鲜嫩鸭肠_黑椒肉串_黄金玉米粒_胡夫脆皮年糕_广式小腊肠_胡夫鸡排串_劲霸小面筋_香嫩鸡肉串_蜜汁排骨_胡夫掌中宝,,
k4G2VDqxUTldqdjS,马吉友脆皮炸鸡(陇海社区店),中式,False,C:店名推断,脆皮炸鸡,Unknown,False,D:无证据,,裹粉炸,False,C:店名推断,脆皮,Unknown,False,D:无证据,,Unknown,False,D:无证据,,Unknown,D,二七区,长城康桥华城,口味:3.5 环境:3.5 服务:3.5,1,,,0,,,
G1vRJ8raKwcT2ZkQ,孙记百味中国炸鸡,中式,False,C:店名推断,中国炸鸡,鸡翅+鸡排+鸡架/锁骨/叉骨,True,A:菜品直接证据,翅根;鸡排;鸡叉骨,Unknown,False,D:无证据,,Unknown,False,D:无证据,,含团购,False,B:团购字段,1,10-15,A,二七区,长城康桥华城,口味:3.5 环境:3.5 服务:3.5,4,,1,0,百味爆汁鸡叉骨_美味翅根_炸货小吃_超鸡排,,
G8X2r4OeufPOpSLM,番嘻炸货铺,Unknown,False,D:无证据,,整鸡/大单品+鸡腿+鸡架/锁骨/叉骨+鸡块/鸡米花/鸡柳,True,A:菜品直接证据,大鸡;鸡腿;鸡叉骨;鸡柳,Unknown,False,D:无证据,,Unknown,False,D:无证据,,含团购,False,B:团购字段,1,20-30,A,二七区,长城康桥华城,,,,1,0,炸大鸡腿_炸蘑菇_无骨鸡柳_招牌鸡叉骨,,
H5ro4uIH6gOnmmAo,胖大叔·炸串·口袋馍,Unknown,False,D:无证据,,鸡脖/其他部位,False,A:菜品直接证据,鸡皮,Unknown,False,D:无证据,,Unknown,False,D:无证据,,Unknown,False,D:无证据,,Unknown,D,二七区,长城康桥华城,,,,,0,蟹排_鱼豆腐_奶香小馒头_火龙串_鸡皮_秘制凉面_素丸子_广东风味腊肠_秘制裹凉皮_口袋馍,,
H1v2tNWjRnKXBZlu,铁八小炸串(大学中路54号院店),Unknown,False,D:无证据,,鸡脖/其他部位,False,A:菜品直接证据,鸡皮,Unknown,False,D:无证据,,Unknown,False,D:无证据,,Unknown,False,D:无证据,,20-30,A,二七区,长城康桥华城,口味:3.8 环境:3.5 服务:3.8,269,,,0,平菇_千页豆腐_肉夹馍_西蓝花_旁边自酿啤酒_香菇_鸡心_鸭肠,,
kafhSKV1osM3qfCH,开福炸鸡,中式,False,A:菜品直接证据,香酥鸡,鸡腿+鸡翅+鸡脖/其他部位,True,A:菜品直接证据,香酥鸡;鸡腿;鸡翅;鸡排;叉骨;鸡米花;鸡皮,Unknown,False,D:无证据,,原味,True,A:菜品直接证据,香酥;椒麻,含外卖,False,B:外卖字段,1,15-20,A,二七区,长城康桥华城,口味:4.0 环境:3.7 服务:4.0,134,1,,0,脊背肉_手枪腿_鸡心_鸡翅中_琵琶腿_无骨鸡腿肉_油炸花生_鸡翅根_鸡皮_炒凉粉,,
H6RuGQOCJFFitnGQ,正新鸡排·炸鸡烧烤(桃源路店),美式/西式,False,C:品牌映射,brand:正新,整鸡/大单品+鸡排+鸡块/鸡米花/鸡柳,True,C:品牌映射,brand:正新,裹粉炸,False,C:品牌映射,brand:正新,原味,False,C:品牌映射,brand:正新,档口/摊位,False,C:品牌映射,brand:正新,10-15,A,二七区,长城康桥华城,口味:3.9 环境:3.9 服务:3.9,42,1,1,0,正新鸡排_正新年糕_藤椒鸡柳_正新香肠_冰红茶气泡水_黑胡椒鸡块_海苔鸡肉圈_大鸡肉串_欢乐炸鸡桶_正新大烤肠,,
G9C8U73dxrJwXVRw,老马炸鸡(淮北街店),Unknown,False,D:无证据,,鸡腿+鸡排+鸡架/锁骨/叉骨,True,A:菜品直接证据,鸡腿;鸡胸;鸡叉骨,Unknown,False,D:无证据,,Unknown,False,D:无证据,,含外卖,False,B:外卖字段,1,15-20,A,二七区,长城康桥华城,口味:3.7 环境:3.7 服务:3.7,46,1,,0,鸡叉骨_鸡腿块_鸡脆骨_酱牛肉_酱牛肉酱牛腱子_鸡胸架,,
l9sqVcKT5AknYm8f,熊家无二·韩式炸鸡&部队火锅(新密长庆西街店),韩式,False,C:品牌映射,brand:熊家,鸡翅,False,C:品牌映射,brand:熊家,裹粉炸,False,C:品牌映射,brand:熊家,原味+甜辣,True,C:品牌映射,brand:熊家,外卖型,False,C:品牌映射,brand:熊家,20-30,A,新密市,青屏广场,口味:3.9 环境:3.9 服务:3.9,84,1,1,0,芝士热狗棒_九宫格炸鸡_亿点香菜酱_肥牛石锅拌饭_盐酥杏鲍鱼菇_儿童海苔拌饭_经典辛拉面_炸饺子_鸡米花_芝士玉米,,
H2qzcDtVAbwH2GO6,欧莱客汉堡炸鸡(电专店),韩式,False,C:品牌映射,brand:莱客,整鸡/大单品+鸡腿,True,C:品牌映射,brand:莱客,裹粉炸,False,C:品牌映射,brand:莱客,甜辣,False,C:品牌映射,brand:莱客,外卖型,False,C:品牌映射,brand:莱客,15-20,A,中牟县,刘集镇,口味:3.8 环境:3.7 服务:3.7,16,,1,0,超级双层鸡腿堡_半边脆皮鸡_至珍全虾堡_香辣小腿,,
l9fy7wBgBGs1UF2B,脆皮炸鸡汉堡,中式,False,C:店名推断,脆皮炸鸡,Unknown,False,D:无证据,,裹粉炸,False,C:店名推断,脆皮,Unknown,False,D:无证据,,Unknown,False,D:无证据,,15-20,A,中原区,锦艺城/王府井,口味:3.6 环境:3.6 服务:3.6,1,,,0,,,
k9gqGJw4kmbLXGYT,海哥炸鸡(计划路17号院店),Unknown,False,D:无证据,,整鸡/大单品,True,A:菜品直接证据,大鸡;鸡腿;鸡翅;鸡叉骨;鸡米花;鸡皮,Unknown,False,D:无证据,,Unknown,False,D:无证据,,Unknown,False,D:无证据,,20-30,A,中原区,锦艺城/王府井,口味:3.6 环境:3.6 服务:3.6,35,,,0,翅中,,
H9OO9kQ6skQsukCS,十一韩式炸鸡·火鸡面(国棉一厂店),韩式,False,C:店名推断,韩式,鸡腿+鸡翅,True,A:菜品直接证据,鸡腿;翅中,Unknown,False,D:无证据,,香辣+蒜香+甜辣+椒盐+酱香,True,A:菜品直接证据,香辣;蒜香;甜辣;椒盐;酱油,含团购,False,B:团购字段,1,10-15,A,中原区,锦艺城/王府井,口味:3.4 环境:3.4 服务:3.4,11,,1,0,奶香芝士_甜辣琥珀_牛油果酱_椒盐杏鲍鱼菇_炸小鸡腿_蒜香酱油_锅巴鸡肉_笑脸薯_香辣炸翅中_芝士蛋黄,,
GaKtgC5piD2X9dM5,炸鸡叉骨鸡柳(金域世家店),Unknown,False,D:无证据,,鸡架/锁骨/叉骨,True,C:店名推断,鸡叉骨;鸡柳,Unknown,False,D:无证据,,Unknown,False,D:无证据,,Unknown,False,D:无证据,,Unknown,D,中原区,锦艺城/王府井,口味:3.5 环境:3.5 服务:3.5,1,,,0,,,
l9X4DlMeGLjmNzAh,有间烧烤,Unknown,False,D:无证据,,Unknown,False,D:无证据,,Unknown,False,D:无证据,,Unknown,False,D:无证据,,Unknown,False,D:无证据,,Unknown,D,荥阳市,荥阳市人民医院,,,,,0,,,
G6J0fF7o2dh4lB9f,捌零烤串,Unknown,False,D:无证据,,Unknown,False,D:无证据,,Unknown,False,D:无证据,,Unknown,False,D:无证据,,Unknown,False,D:无证据,,Unknown,D,荥阳市,荥阳市人民医院,,,,,0,,,
G94KQEunru5crGWS,老街坊炸串(塔山路店),Unknown,False,D:无证据,,Unknown,False,D:无证据,,Unknown,False,D:无证据,,Unknown,False,D:无证据,,Unknown,False,D:无证据,,Unknown,D,荥阳市,荥阳市人民医院,,,,,0,,,
l6cSSgiF55wGPuQK,清真·山羊小串,Unknown,False,D:无证据,,Unknown,False,D:无证据,,Unknown,False,D:无证据,,Unknown,False,D:无证据,,Unknown,False,D:无证据,,Unknown,D,荥阳市,荥阳市,,,,,0,,,
H262hdqF46hqk0Vu,蛋壳炸鸡,Unknown,False,D:无证据,,Unknown,False,D:无证据,,Unknown,False,D:无证据,,Unknown,False,D:无证据,,Unknown,False,D:无证据,,Unknown,D,新郑市,航空港区,,,,,0,,,
GaBYlj8DhLLwW6j2,多美士炸鸡汉堡(康平湖店),美式/西式,False,C:品牌映射,brand:多美士,鸡排,False,C:品牌映射,brand:多美士,裹粉炸,False,C:品牌映射,brand:多美士,原味,False,C:品牌映射,brand:多美士,外卖型,False,C:品牌映射,brand:多美士,10-15,A,中牟县,沃金/山顶福都,,3,1,,0,韩式炸鸡_爆浆鸡排_招牌连心脆_果蜜冰爽柠檬水,,
G2a0qJOe343gYELk,好美味汉堡炸鸡(长安路店),韩式,True,A:菜品直接证据,韩式;原味鸡,鸡腿+鸡翅+鸡架/锁骨/叉骨+鸡块/鸡米花/鸡柳,True,A:菜品直接证据,鸡腿;烤翅;叉骨;鸡块,烤炸复合,False,A:菜品直接证据,烤翅,原味+香辣+酱香,True,A:菜品直接证据,原味;麻辣;黑椒;奥尔良,Unknown,False,D:无证据,,30-50,A,中牟县,沃金/山顶福都,,,,,0,牛肉披萨_鱼香肉丝盖浇饭_水果披萨_辣子鸡盖浇饭_水蜜桃汁_藤椒鸡腿堡_深海鳕鱼堡_绝味叉骨_原味鸡块_奥尔良烤翅,,
k6bowNfe8F02jv20,多美士炸鸡汉堡(永威南樾店),美式/西式,False,C:品牌映射,brand:多美士,鸡排,False,C:品牌映射,brand:多美士,裹粉炸,False,C:品牌映射,brand:多美士,原味,False,C:品牌映射,brand:多美士,外卖型,False,C:品牌映射,brand:多美士,15-20,A,中牟县,沃金/山顶福都,口味:3.7 环境:3.6 服务:3.7,14,1,1,3,蟹黄堡_超级牛肉堡_带翅全腿_汉堡三兄弟_熔岩牛霸堡_霸王鸡块_奥尔良烤腿堡_田园香蔬堡_牛肉汉堡_双层劲霸堡,,
G3OwaAkIrWTiFioa,红峡炸鸡,Unknown,False,D:无证据,,Unknown,False,D:无证据,,Unknown,False,D:无证据,,Unknown,False,D:无证据,,Unknown,False,D:无证据,,Unknown,D,中牟县,沃金/山顶福都,,,,,0,,,
l5fqsanO3jc4LLyN,卤林小镇花椒鸡(小河刘店),Unknown,False,D:无证据,,Unknown,False,D:无证据,,Unknown,False,D:无证据,,香辣+酱香,True,A:菜品直接证据,麻辣;酱香,堂食+外卖+团购,False,B:多字段组合,外卖:1/团购:1,<10,A,中牟县,沃金/山顶福都,,,1,1,0,招牌麻椒鸡_酱辣鸭架_麻辣鸡头_酱香牛肉_青麻鸡_酱辣猪蹄,,
H5DqBqUugionXxTf,老贾饼夹菜炸串,Unknown,False,D:无证据,,Unknown,False,D:无证据,,Unknown,False,D:无证据,,Unknown,False,D:无证据,,Unknown,False,D:无证据,,Unknown,D,中牟县,沃金/山顶福都,口味:3.4 环境:3.4 服务:3.4,1,,,0,,,
l8Qc0EMC7L48aCSV,吖咪吖咪·韩式炸鸡,韩式,True,A:菜品直接证据,韩式;美式,鸡排+鸡架/锁骨/叉骨,True,A:菜品直接证据,鸡排;鸡叉骨,生炸/现炸,False,A:菜品直接证据,现做,黑胡椒+酱香,True,A:菜品直接证据,经典;黑椒;奥尔良,含团购,False,B:团购字段,1,15-20,A,中牟县,沃金/山顶福都,口味:3.4 环境:3.5 服务:3.4,2,,1,0,韩式炸鸡_招牌炸鸡叉骨_香嫩咖喱鸡排沙拉_港台风味鸡排沙拉_新奥尔良鸡排沙拉_现做现烤黑椒烤肠披萨_现做现烤美式培根披萨_现做现烤意式香肠披萨_现做现烤黑椒牛肉,,
k1hqnGB2ijcvttZ9,多美士炸鸡汉堡(郑报润园店),美式/西式,False,C:品牌映射,brand:多美士,鸡排,False,C:品牌映射,brand:多美士,裹粉炸,False,C:品牌映射,brand:多美士,原味,False,C:品牌映射,brand:多美士,外卖型,False,C:品牌映射,brand:多美士,10-15,A,中牟县,沃金/山顶福都,口味:3.7 环境:3.6 服务:3.7,19,1,1,11,韩式炸鸡_比翼双飞_拉丝热狗棒_酷啦啦小排_黄金蝴蝶虾_经典鸡米花_蟹黄堡_带翅全腿_汉堡三兄弟_霸王鸡块,,
k824NcGAeE0On8bI,真心鸡排(荥阳店),Unknown,False,D:无证据,,鸡排+鸡块/鸡米花/鸡柳,True,A:菜品直接证据,大鸡;鸡腿;鸡排;鸡米花,裹粉炸,False,A:菜品直接证据,脆皮,甜辣,True,A:菜品直接证据,芝士;黑椒,Unknown,False,D:无证据,,15-20,A,荥阳市,荥阳汽车站,口味:3.5 环境:3.5 服务:3.5,10,,,0,香甜奶油爆米花_小牛肉串_脆皮年糕_超级鸡排堡_炸香肠_网红小面筋_劲爆鸡米花_鸭肉,,
H9mO1YXagtWmSpcx,KimMin-Hee韩式炸鸡(水岸嘉年华店),韩式,False,C:品牌映射,brand:KimMin-Hee,鸡块/鸡米花/鸡柳,False,C:品牌映射,brand:KimMin-Hee,裹粉炸,False,C:品牌映射,brand:KimMin-Hee,甜辣+酱香,True,C:品牌映射,brand:KimMin-Hee,外卖型,False,C:品牌映射,brand:KimMin-Hee,15-20,A,新郑市,西亚斯大学,,,1,1,0,炸鱼豆腐_炸地瓜丸_韩式酱料_拉丝雪花芝士丸子_雪花芝士酱料_韩式火鸡面_单人可乐特惠_无骨鸡块,,
l9tvUlhrxxOzA70u,正新鸡排·炸鸡烧烤(西亚斯店),美式/西式,False,C:品牌映射,brand:正新,鸡排,False,C:品牌映射,brand:正新,裹粉炸,False,C:品牌映射,brand:正新,原味,False,C:品牌映射,brand:正新,档口/摊位,False,C:品牌映射,brand:正新,10-15,A,新郑市,西亚斯大学,,,1,1,0,正新大烤肠_香辣鸡排套,,
EcxZtWAkVCSvnvdy,老城炸鸡(平安路),Unknown,False,D:无证据,,整鸡/大单品+鸡腿+鸡架/锁骨/叉骨+鸡块/鸡米花/鸡柳+鸡脖/其他部位,True,A:菜品直接证据,大鸡;鸡腿;鸡叉骨;鸡丁;鸡皮,Unknown,False,D:无证据,,Unknown,False,D:无证据,,堂食+外卖+团购,False,B:多字段组合,外卖:1/团购:1,<10,A,新密市,行政服务中心,口味:3.4 环境:3.4 服务:3.4,10,1,1,0,鸡皮夹馍_肉肠夹馍_甜麻鸡腿_战斧大鸡腿_多肉鸡叉骨_鸡丁夹馍_冰糖雪梨,,
GahDATImKpsz4WKN,多美士炸鸡汉堡(康平湖店),美式/西式,False,C:品牌映射,brand:多美士,鸡排,False,C:品牌映射,brand:多美士,裹粉炸,False,C:品牌映射,brand:多美士,黑胡椒+酱香,True,C:品牌映射,brand:多美士,外卖型,False,C:品牌映射,brand:多美士,15-20,A,中牟县,沃金/山顶福都,口味:3.5 环境:3.5 服务:3.5,3,,1,0,现做现烤黄金榴莲披萨_新奥尔良鸡排沙拉_香嫩咖喱鸡排沙拉_港台风味鸡排沙拉_现做现烤黑椒烤肠披萨_现做现烤美式培根披萨_现做现烤意式臻选披萨_现做现烤黑椒牛肉披,,
G25ZXZzfrs9Zc0X9,京味炸鸡,Unknown,False,D:无证据,,整鸡/大单品+鸡腿,True,A:菜品直接证据,大鸡;鸡腿,Unknown,False,D:无证据,,Unknown,False,D:无证据,,堂食+外卖+团购,False,B:多字段组合,外卖:1/团购:1,Unknown,D,巩义市,汽车站,,,1,1,0,油炸手枪大鸡腿_京味炸鸡,,
layMSiGPeOV7idxC,鸡遇炸鸡,Unknown,False,D:无证据,,鸡腿+鸡翅+鸡块/鸡米花/鸡柳,True,A:菜品直接证据,鸡腿;鸡翅;鸡块,生炸/现炸,False,A:菜品直接证据,现炸,Unknown,False,D:无证据,,堂食+外卖+团购,False,B:多字段组合,外卖:1/团购:1,Unknown,D,巩义市,汽车站,,,1,1,0,海苔鸡柳_黄金玉米酥_茄盒_美麟鸡块_现炸小鸡腿_现炸鸡翅_现炸琵琶腿,,
l7VIp56MqHS0gNIO,小伟炸鸡(杜甫像农贸市场店),Unknown,False,D:无证据,,鸡腿,True,A:菜品直接证据,鸡腿;鸡翅;鸡叉骨;鸡丁;鸡爪,Unknown,False,D:无证据,,酸甜,False,A:菜品直接证据,甘梅,堂食+外卖+团购,False,B:多字段组合,外卖:1/团购:1,15-20,A,巩义市,汽车站,口味:3.4 环境:3.4 服务:3.4,5,1,1,0,炸河虾_炸鱼_炸蘑菇_招牌手枪腿,,
G6ZZ301GAITaAz3q,香脆秘制炸鸡,中式,False,A:菜品直接证据,香酥鸡,整鸡/大单品+鸡腿+鸡架/锁骨/叉骨,True,A:菜品直接证据,香酥鸡;鸡腿;鸡叉骨,Unknown,False,D:无证据,,原味,False,A:菜品直接证据,香酥,堂食+外卖+团购,False,B:多字段组合,外卖:1/团购:1,Unknown,D,管城回族区,管城回族区,口味:3.5 环境:3.6 服务:3.6,,1,1,0,香酥鸡叉骨_超大手枪腿_香脆鸡腿块_一口爆汁鸡鲍鱼_香脆琵琶腿,,
k33jq853HWfQCQkA,咔咔点自助炸鸡工厂店,中式,False,A:菜品直接证据,脆皮炸鸡,鸡腿,False,A:菜品直接证据,鸡腿,裹粉炸,False,A:菜品直接证据,脆皮,Unknown,False,D:无证据,,堂食+外带,False,C:店名推断,自助,30-50,A,中原区,科学大道,口味:3.8 环境:3.8 服务:3.8 品种:3.9,22,1,1,0,,,
H9OwIxrN6OBK24hR,浚县炸鱼,Unknown,False,D:无证据,,Unknown,False,D:无证据,,Unknown,False,D:无证据,,Unknown,False,D:无证据,,含外卖,False,B:外卖字段,1,Unknown,D,管城回族区,福都生活广场,,,1,,0,,,
l155QpWpRZmCvkAg,脆鸡日记(豫英路店),Unknown,False,D:无证据,,整鸡/大单品+鸡腿+鸡排+鸡块/鸡米花/鸡柳,True,A:菜品直接证据,全鸡;鸡腿;鸡排;鸡块,Unknown,False,D:无证据,,黑胡椒,False,A:菜品直接证据,黑胡椒,堂食+外卖+团购,False,B:多字段组合,外卖:1/团购:1,15-20,A,管城回族区,福都生活广场,口味:3.6 环境:3.6 服务:3.6,1,1,1,0,全鸡_小鸡排_旺仔牛奶一排_薯块_大鸡腿两支_黑胡椒鸡块,,
k6PquJ9Y4jpKY4IH,兴义斋茶缸串串地摊自由,Unknown,False,D:无证据,,Unknown,False,D:无证据,,Unknown,False,D:无证据,,原味,False,A:菜品直接证据,经典,Unknown,False,D:无证据,,50+,A,管城回族区,福都生活广场,口味:3.6 环境:3.6 服务:3.6,27,,,0,经典牛油锅底_超值自选串串餐_牛羊肉卷_碗装荤菜,,
l44L5auoWR3F7iwQ,80后饼夹菜,Unknown,False,D:无证据,,Unknown,False,D:无证据,,Unknown,False,D:无证据,,Unknown,False,D:无证据,,含外卖,False,B:外卖字段,1,Unknown,D,管城回族区,福都生活广场,口味:3.5 环境:3.5 服务:3.5,6,1,,0,,,
H4NEDa2g7wIVY3It,怪味炸鸡,Unknown,False,D:无证据,,Unknown,False,D:无证据,,Unknown,False,D:无证据,,Unknown,False,D:无证据,,Unknown,False,D:无证据,,Unknown,D,管城回族区,福都生活广场,,,,,0,,,
k7srGFk1mJTs1T1n,BIG·大桔韩式炸鸡,韩式,False,C:店名推断,韩式,Unknown,False,D:无证据,,Unknown,False,D:无证据,,Unknown,False,D:无证据,,含外卖,False,B:外卖字段,1,Unknown,D,金水区,祭城/大旺城,,,1,,0,,,
GavmWpNoxZA2kMUC,咂八块炸鸡自助(高新万科店),中式,False,A:菜品直接证据,卤味炸鸡,Unknown,False,D:无证据,,腌炸,False,A:菜品直接证据,卤味炸,Unknown,False,D:无证据,,堂食+外带,False,C:店名推断,自助,30-50,A,中原区,科学大道,口味:3.9 环境:3.9 服务:3.9 品种:4.0,62,1,1,0,秘制自腌招牌卤味炸鸡,,
laD7OmXkADVbunXk,炸鸡大王,Unknown,False,D:无证据,,Unknown,False,D:无证据,,Unknown,False,D:无证据,,Unknown,False,D:无证据,,Unknown,False,D:无证据,,Unknown,D,中原区,科学大道,,,,,0,,,
G9OQ2j7haIlTJYTF,随便炸炸(高新万科广场店),Unknown,False,D:无证据,,Unknown,False,D:无证据,,Unknown,False,D:无证据,,Unknown,False,D:无证据,,含外卖,False,B:外卖字段,1,Unknown,D,中原区,科学大道,,,1,,0,,,
k8UfFrIyMejnaRv2,胡夫炸串(万达广场郑州高新店),中式,False,C:品牌映射,brand:胡夫,鸡架/锁骨/叉骨,False,C:品牌映射,brand:胡夫,生炸/现炸,False,C:品牌映射,brand:胡夫,香辣,False,C:品牌映射,brand:胡夫,档口/摊位,False,C:品牌映射,brand:胡夫,Unknown,D,中原区,科学大道,,1,,,0,,,
k5YAaWVKyWnHMVZd,小熊炸鸡,韩式,False,A:菜品直接证据,韩式,鸡腿,False,A:菜品直接证据,鸡腿,Unknown,False,D:无证据,,香辣,False,A:菜品直接证据,香辣,堂食+外卖+团购,False,B:多字段组合,外卖:1/团购:1,15-20,A,管城回族区,经开区,,1,1,1,0,韩式炸鸡中份_香辣鸡腿堡,,
G7StwhmzcUxm5od1,七公·吮指炸鸡(滨河店),美式/西式,False,C:店名推断,吮指,Unknown,False,D:无证据,,Unknown,False,D:无证据,,Unknown,False,D:无证据,,含外卖,False,B:外卖字段,1,Unknown,D,管城回族区,经开区,,,1,,0,,,
kagcR8qrQv5mdnHM,深海炸鱼,Unknown,False,D:无证据,,Unknown,False,D:无证据,,Unknown,False,D:无证据,,Unknown,False,D:无证据,,Unknown,False,D:无证据,,Unknown,D,管城回族区,经开区,,,,,0,,,
FbL9iz8V0WuKKlQx,多美士炸鸡汉堡(利明店),美式/西式,False,C:品牌映射,brand:多美士,鸡翅+鸡块/鸡米花/鸡柳,True,C:品牌映射,brand:多美士,裹粉炸,False,C:品牌映射,brand:多美士,原味,False,C:品牌映射,brand:多美士,外卖型,False,C:品牌映射,brand:多美士,10-15,A,管城回族区,经开区,,,1,1,21,卡通鸡块_酷啦啦小排堡_酷拉拉小排堡_黄金紫薯酥_藤椒翅尖_赤焰烤全腿_冰柠果蜜柠檬汁,,
Haqd9OBIDFzQEKyu,烙馍卷面筋·烧烤·烤冷面(经开店),Unknown,False,D:无证据,,Unknown,False,D:无证据,,Unknown,False,D:无证据,,Unknown,False,D:无证据,,含外卖,False,B:外卖字段,1,Unknown,D,管城回族区,经开区,,,1,,0,,,
l2f1OM3P33uWJszP,郭小厨烤炉鸡蛋灌饼,Unknown,False,D:无证据,,Unknown,False,D:无证据,,Unknown,False,D:无证据,,原味+黑胡椒,True,A:菜品直接证据,经典;黑胡椒,含团购,False,B:团购字段,1,10-15,A,管城回族区,经开区,,5,,1,0,黑胡椒肠_双蛋灌饼_里脊肉片_香煎肉排_经典烤炉鸡蛋灌饼,,
k5BbH6ScDDTXFs2b,炸鸡烤鱼(农业路店),中式,False,A:菜品直接证据,香酥鸡,整鸡/大单品+鸡翅+鸡架/锁骨/叉骨+鸡块/鸡米花/鸡柳,True,A:菜品直接证据,脆皮鸡;鸡腿;鸡翅;鸡叉骨;鸡米花,裹粉炸,False,A:菜品直接证据,脆皮,原味,False,A:菜品直接证据,香酥,Unknown,False,D:无证据,,Unknown,D,金水区,经三路沿线,口味:3.5 环境:3.5 服务:3.5 食材:3.5,2,,,0,雪花鸡柳_无骨鸡块_油炸凤尾鱼_香酥鸡米花_美味无刺龙利鱼_脆皮鸡翅根_无骨鸡柳_黄金小叉骨_香酥去头大虾_美味扒皮鱼,,
l4oVyhlmGW0EiRvO,朴东杰黄油芝士炸鸡,韩式,False,C:品牌映射,brand:朴东杰,鸡翅,False,C:品牌映射,brand:朴东杰,裹粉炸,False,C:品牌映射,brand:朴东杰,黄油芝士,False,C:品牌映射,brand:朴东杰,堂食+外带,False,C:品牌映射,brand:朴东杰,Unknown,D,管城回族区,经开区,,,1,,0,,,
k6wMjOoIXNkqB3pv,炸鸡叉骨,Unknown,False,D:无证据,,鸡架/锁骨/叉骨,False,C:店名推断,鸡叉骨,Unknown,False,D:无证据,,Unknown,False,D:无证据,,Unknown,False,D:无证据,,Unknown,D,管城回族区,经开区,,,,,0,,,
G2sZwdu792C8FNEr,嘴豪爽生炸鸡架(荥阳吾悦店),Unknown,False,D:无证据,,整鸡/大单品+鸡腿+鸡翅+鸡架/锁骨/叉骨+鸡块/鸡米花/鸡柳+鸡脖/其他部位,True,A:菜品直接证据,大鸡;鸡腿;鸡翅;鸡架;鸡柳;鸡胗,生炸/现炸,False,A:菜品直接证据,生炸,酸甜,False,A:菜品直接证据,甘梅,堂食+外卖+团购,False,B:多字段组合,外卖:1/团购:1,10-15,A,荥阳市,吾悦广场,口味:3.8 环境:3.7 服务:3.8,69,1,1,0,豪爽鸡翅根_美味脆鸡胗_超级鸡叉骨_给力大鸡柳薯条_咖喱鸡肉饼_轰炸鸡腿_爽炸鸡香脖,,
k7jTJVnnSbS6BYbn,921布袋馍烧饼夹菜,Unknown,False,D:无证据,,鸡腿,False,A:菜品直接证据,鸡腿,Unknown,False,D:无证据,,黑胡椒,False,A:菜品直接证据,黑胡椒,含外卖,False,B:外卖字段,1,Unknown,D,中牟县,县政府,,,1,,0,亲亲肠_鱼皮脆_包心鱼丸_开花牛肉丸_包心牛肉丸_西兰花_上海青_油麦菜_菠菜_西葫芦,,
G7oG3MPPOmLBLvQC,炸鸡店,Unknown,False,D:无证据,,Unknown,False,D:无证据,,Unknown,False,D:无证据,,Unknown,False,D:无证据,,Unknown,False,D:无证据,,Unknown,D,中牟县,县政府,,,,,0,,,
l3PnASb0GWHBFFI9,满巍明生炸鸡架(荥阳吾悦广场店),中式,False,C:品牌映射,brand:满巍明,整鸡/大单品+鸡腿+鸡架/锁骨/叉骨+鸡块/鸡米花/鸡柳+鸡脖/其他部位,True,C:品牌映射,brand:满巍明,生炸/现炸,False,C:品牌映射,brand:满巍明,香辣,False,C:品牌映射,brand:满巍明,档口/摊位,False,C:品牌映射,brand:满巍明,20-30,A,荥阳市,吾悦广场,口味:3.4 环境:3.4 服务:3.4,19,1,1,0,生炸鸡架_搏一博生炸鸡脖_脆皮小鸡腿_鸡腱腿_芝香藕条_椒盐架豆王_轰炸大鸡腿_给力大鸡柳_生椰鸡腱_超级鸡叉骨,,
H54DOO4kVSRtcAJq,锁骨先生,中式,False,A:菜品直接证据,香酥鸡,整鸡/大单品+鸡架/锁骨/叉骨+鸡块/鸡米花/鸡柳,True,A:菜品直接证据,香酥鸡;鸡锁骨;鸡米花,裹粉炸,False,A:菜品直接证据,酥炸,原味,False,A:菜品直接证据,香酥,含团购,False,B:团购字段,1,10-15,A,中原区,嘉锦酒店,口味:3.5 环境:3.5 服务:3.5,5,,1,0,招牌香酥鸡锁骨_黄金龙骨脆_招牌特色鸡柳_香酥炸鸡柳_鸡米花_嘎呗脆薯条,,
l1BRUbNhrQqaemtW,延庆观炸鸡(伊河路店),中式,False,C:品牌映射,brand:延庆观,鸡架/锁骨/叉骨+鸡块/鸡米花/鸡柳,True,C:品牌映射,brand:延庆观,卤炸,False,C:品牌映射,brand:延庆观,原味,False,C:品牌映射,brand:延庆观,档口/摊位,False,C:品牌映射,brand:延庆观,15-20,A,中原区,嘉锦酒店,口味:3.9 环境:3.8 服务:3.9,23,1,1,0,鸡扇排_统一金桔柠檬罐装_脆骨肉_美味鸡米花_秘制叉骨_福利秘制整只鸡_可口可乐罐_炸鸡_百事可乐无糖瓶装_统一鲜橙多罐装,,
G5RyfvoSz82563vv,文扬烧饼炸串,Unknown,False,D:无证据,,Unknown,False,D:无证据,,裹粉炸,False,A:菜品直接证据,脆皮,香辣,True,A:菜品直接证据,香辣;黑胡椒,含外卖,False,B:外卖字段,1,15-20,A,中原区,嘉锦酒店,口味:3.5 环境:3.5 服务:3.5,16,1,,0,藤椒鸡肉丸子_鸡肉汉堡串_脆皮淀粉肠_安井黄金蛋饺_弹力鱼棒_雪花里脊肉排_芝麻球_鲜椒_骨肉相连_台湾烤肠,,
k77FV2Z6j36Ml7PM,工人路炸鸡(工人路店),Unknown,False,D:无证据,,鸡腿,True,A:菜品直接证据,鸡腿;鸡米花,Unknown,False,D:无证据,,酸甜,False,A:菜品直接证据,橙,堂食+外卖+团购,False,B:多字段组合,外卖:1/团购:1,20-30,A,中原区,嘉锦酒店,口味:4.2 环境:4.1 服务:4.1,363,1,1,0,千层烤饼_热饮茶品_牛气冲天牛肉堡_虾堡_蓝莓汁,,
k2KzVENXkyQlZiPF,鸡柳小哥(工人路店),中式,True,A:菜品直接证据,香酥鸡;三合一,整鸡/大单品+鸡块/鸡米花/鸡柳,True,A:菜品直接证据,香酥鸡;鸡柳,Unknown,False,D:无证据,,原味,False,A:菜品直接证据,香酥,含团购,False,B:团购字段,1,<10,A,中原区,嘉锦酒店,,1,,1,0,招牌三合一_鸡柳薯条年糕三合一_香酥鸡柳,,
H9Kncv0Rx2haMY5X,香葱大饼·养生粥·炸鸡炸鱼,韩式,False,A:菜品直接证据,无骨炸鸡,鸡腿,True,A:菜品直接证据,鸡腿;鸡叉骨;鸡柳,裹粉炸,False,A:菜品直接证据,脆皮,原味,True,A:菜品直接证据,香酥;酱香,堂食+外卖+团购,False,B:多字段组合,外卖:1/团购:1,<10,A,惠济区,北大学城,口味:3.9 环境:3.9 服务:3.9,14,1,1,0,酱香饼_小米粥_大刺鱼块_巴沙鱼,,
l7jWXjbE47DaX3ZH,KOOSI韩式炸鸡,韩式,False,C:店名推断,韩式,Unknown,False,D:无证据,,Unknown,False,D:无证据,,Unknown,False,D:无证据,,含外卖,False,B:外卖字段,1,Unknown,D,惠济区,北大学城,,,1,,0,,,
G9Zzv07sMQT39pqB,0090炸鸡汉堡(国基店),Unknown,False,D:无证据,,鸡腿+鸡翅+鸡块/鸡米花/鸡柳,True,A:菜品直接证据,鸡腿;全翅;鸡米花,Unknown,False,D:无证据,,香辣+甜辣+黑胡椒,True,A:菜品直接证据,香辣;芝士;黑椒,含团购,False,B:团购字段,1,15-20,A,惠济区,北大学城,,1,,1,0,香辣全翅_劲爆鸡米花_香芋派_薯条_金黄半鸡_香辣鸡腿堡_板烧鸡腿堡_芝士虾排_黑椒鸡块_板烧鸡肉卷,,
G1GHExA1ZTiIz3b7,牛魔王汉堡炸鸡茶饮(香山路店),复合型,False,A:菜品直接证据,双拼,Unknown,False,D:无证据,,裹粉炸,False,A:菜品直接证据,脆皮,甜辣+酸甜+芥末,True,A:菜品直接证据,蜂蜜;孜然;甘梅;芥末,含外卖,False,B:外卖字段,1,30-50,A,惠济区,北大学城,,,1,,0,火龙果鲜果炒酸奶_全家福_抹茶夹心奥利奥_摇滚椰子灰_椰子灰炒酸奶_蜂蜜芥末口味_甘梅味炸鸡_玉米甜心_芒果椰果蒎_脆皮香蕉,,
G4fz6Et1RAwm6XNz,校堡王汉堡炸鸡(英才街牧经店),美式/西式,False,C:品牌映射,brand:校堡王,鸡腿+鸡块/鸡米花/鸡柳,True,C:品牌映射,brand:校堡王,裹粉炸,False,C:品牌映射,brand:校堡王,原味,False,C:品牌映射,brand:校堡王,学校周边,False,C:品牌映射,brand:校堡王,15-20,A,惠济区,北大学城,口味:3.7 环境:3.7 服务:3.7,25,1,1,0,香辣鸡腿堡可乐两个鸡小腿_半边炸鸡_无骨炸鸡盒子_蟹脚棒_香辣小腿_双层鸡腿堡,,
G6vrUTKNeuyeoID0,侠客炸鸡汉堡(北大学城店),Unknown,False,D:无证据,,整鸡/大单品+鸡腿+鸡架/锁骨/叉骨+鸡块/鸡米花/鸡柳,True,A:菜品直接证据,全鸡;鸡腿;鸡架;鸡块,裹粉炸,False,A:菜品直接证据,脆皮,香辣+孜然+黑胡椒,True,A:菜品直接证据,麻辣;孜然;黑椒,堂食+外卖+团购,False,B:多字段组合,外卖:1/团购:1,15-20,A,惠济区,北大学城,,,1,1,0,曲薯_麻辣鸡架_脆皮小鸡腿_脆皮大鸡腿_薯塔_煎蛋_孜然鸡柳_牙签肉_黑椒鸡块_烤肠,,
G1oKmMGgBiwvCjDf,咔滋炸鸡店(新悦街店),Unknown,False,D:无证据,,整鸡/大单品+鸡排+鸡块/鸡米花/鸡柳,True,A:菜品直接证据,整鸡;鸡腿;鸡翅;鸡排;鸡叉骨;鸡米花,裹粉炸,False,A:菜品直接证据,脆皮,香辣+酱香,True,A:菜品直接证据,香辣;奥尔良,含外卖,False,B:外卖字段,1,15-20,A,中牟县,县政府,口味:3.5 环境:3.5 服务:3.5,3,1,,0,老北京鸡肉卷尊享版_鸡柳堡_鲜芋奶茶_香辣鸡米花_台湾红豆饼_可口大鸡排_至珍七虾堡_奥尔良雪花鸡排_藤椒雪花鸡排_香脆爆汁杏鲍鱼菇,,
H3g5Seao5QMXp9hX,正新鸡排·炸鸡烧烤(丹尼斯街市店),美式/西式,False,C:品牌映射,brand:正新,鸡排,False,C:品牌映射,brand:正新,裹粉炸,False,C:品牌映射,brand:正新,原味,False,C:品牌映射,brand:正新,档口/摊位,False,C:品牌映射,brand:正新,10-15,A,中牟县,县政府,口味:3.5 环境:3.5 服务:3.5,1,1,1,0,香辣鸡排套_爆料鸡排_正新大烤肠,,
EAlxNz1WW4J94uN6,怪味炸鸡(西黄流村店),Unknown,False,D:无证据,,Unknown,False,D:无证据,,Unknown,False,D:无证据,,Unknown,False,D:无证据,,Unknown,False,D:无证据,,Unknown,D,惠济区,北大学城,,,,,0,,,
k3fsCg6tSALd2pMK,黎太院韩式炸鸡(英才街店),韩式,False,C:品牌映射,brand:黎太院,鸡腿+鸡翅+鸡块/鸡米花/鸡柳,True,C:品牌映射,brand:黎太院,裹粉炸,False,C:品牌映射,brand:黎太院,甜辣,False,C:品牌映射,brand:黎太院,堂食+外带,False,C:品牌映射,brand:黎太院,20-30,A,惠济区,北大学城,口味:3.5 环境:3.5 服务:3.5,14,1,1,0,韩式对翅_黄金鸡块_脆香鸡米花_黄金蝴蝶虾_嫩脆小鸡腿_笑脸脆薯_酥酥糯糯年糕_爆辣韩式火鸡面_爆辣韩式火鸡面酥酥糯糯年糕_嫩脆多汁鸡翅中,,
k8Gz8rs2oWZqJN6Y,Soonsoo韩国精品炸鸡(正弘城店),韩式,False,C:品牌映射,brand:Soonsoo,整鸡/大单品,False,C:品牌映射,brand:Soonsoo,裹粉炸,False,C:品牌映射,brand:Soonsoo,原味+香辣+蒜香+甜辣,True,C:品牌映射,brand:Soonsoo,堂食+外带,False,C:品牌映射,brand:Soonsoo,30-50,A,金水区,正弘中心,口味:4.4 环境:4.4 服务:4.4,520,1,1,0,黄金蒜蓉_青阳美乃滋_苹果杏仁炸鸡_薯格拼盘_松松原味炸鸡_蜂蜜脆皮炸鸡_松松炸年糕_泡萝卜_超辣Hot炸鸡_干烹蒜香炸鸡,,
Ha50laEBihoLcHbE,叫了只炸鸡(升龙汇金店),中式,False,C:品牌映射,brand:叫了只,鸡翅+鸡块/鸡米花/鸡柳,True,C:品牌映射,brand:叫了只,生炸/现炸,False,C:品牌映射,brand:叫了只,原味,False,C:品牌映射,brand:叫了只,外卖型,False,C:品牌映射,brand:叫了只,20-30,A,惠济区,升龙汇金广场,口味:3.5 环境:3.5 服务:3.5,17,1,1,0,香辣调料包_红豆派_香脆鸡米花_翅根一箩筐_沙拉酱_哈尔滨啤酒_香辣包_千岛酱_抓住炸鸡的小腿_上校炸鸡块,,
H36KdfV4iFpPHQa9,嘬手指烙馍卷面筋·烧烤(升龙汇金店),Unknown,False,D:无证据,,整鸡/大单品,True,A:菜品直接证据,烤鸡;鸡柳;鸡脖,烤炸复合,False,A:菜品直接证据,烤鸡,香辣+甜辣,True,A:菜品直接证据,麻辣;芝士,堂食+外卖+团购,False,B:多字段组合,外卖:1/团购:1,30-50,A,惠济区,升龙汇金广场,口味:3.5 环境:3.5 服务:3.5,9,1,1,0,酥肉手把_麻辣虾尾_拉丝芝士棒_碳烤猪皮串_油炸小酥肉_美味棒棒鸡_金丝鸡柳_川香双鱼鸡柳_鲜菇肉丁_烤鱿鱼手把串,,
H3liY0tWLiheWQxs,多美士炸鸡汉堡(柳林路店),美式/西式,False,C:品牌映射,brand:多美士,鸡腿+鸡块/鸡米花/鸡柳,True,C:品牌映射,brand:多美士,裹粉炸,False,C:品牌映射,brand:多美士,香辣+甜辣+黑胡椒+酸甜,True,C:品牌映射,brand:多美士,外卖型,False,C:品牌映射,brand:多美士,15-20,A,金水区,柳林刘庄,,4,1,1,0,招牌安格斯芝士牛肉堡_德式黑椒纯肉肠_黑金菠萝芝士牛肉堡_安格斯牛肉堡煎蛋柠香可乐_香辣鸡腿堡柠香雪碧_黑金菠萝牛肉上校鸡块_下午茶小食盒_手心里的堡情侣餐_芝,,
EUe8cUdGghT7bGGo,炸鸡汉堡饮料,Unknown,False,D:无证据,,Unknown,False,D:无证据,,Unknown,False,D:无证据,,Unknown,False,D:无证据,,Unknown,False,D:无证据,,Unknown,D,中牟县,水岸鑫城,,,,,0,,,
H5isn9D3GyI9TTCg,老西郊大鸡腿(淮河路店),Unknown,False,D:无证据,,整鸡/大单品+鸡腿+鸡块/鸡米花/鸡柳,True,A:菜品直接证据,大鸡;鸡腿;鸡米花,Unknown,False,D:无证据,,Unknown,False,D:无证据,,堂食+外卖+团购,False,B:多字段组合,外卖:1/团购:1,10-15,A,二七区,升龙广场,口味:3.9 环境:3.9 服务:3.9,15,1,1,0,大鸡腿_琵琶腿_鸡米花_不mai鸡腿鸡腿,,
H41FG23O98J3HOBK,马小帅·生炸鸡架,Unknown,False,D:无证据,,鸡腿+鸡架/锁骨/叉骨+鸡脖/其他部位,True,A:菜品直接证据,鸡腿;鸡架;鸡胗,生炸/现炸,False,A:菜品直接证据,生炸,酸甜,False,A:菜品直接证据,甘梅,堂食+外卖+团购,False,B:多字段组合,外卖:1/团购:1,10-15,A,巩义市,回郭镇,口味:3.4 环境:3.4 服务:3.4,3,1,1,0,招牌生炸鸡架_甘梅地瓜_生炸鸡腿肉_生炸鸡叉骨_生炸鸡胗_老式鸡叉骨_生炸龙脆骨,,
G5okbyipa7IEPvbs,工人路炸鸡(光合店),Unknown,False,D:无证据,,鸡腿,True,A:菜品直接证据,鸡腿;鸡翅;鸡架;鸡皮,Unknown,False,D:无证据,,Unknown,False,D:无证据,,含团购,False,B:团购字段,1,20-30,A,中原区,嘉锦酒店,口味:4.1 环境:4.1 服务:4.1,518,,1,0,,,
l4B9qmVBzdOuD1hy,阿冠家烤串(荥阳店),地方特色,False,A:菜品直接证据,东北,Unknown,False,D:无证据,,Unknown,False,D:无证据,,蒜香,False,A:菜品直接证据,蒜,含团购,False,B:团购字段,1,Unknown,D,荥阳市,吾悦广场,口味:3.4 环境:3.4 服务:3.4,1,,1,0,丸子汤_特色烤肥肠_馄饨_烤豆腐卷_烤榴莲_面筋_老式鸡蛋汤_炸平菇_烤肥扇贝_烤小黄鱼,,
HaaIebXaQe0a66Ow,蜜哆哆韩式炸鸡(荥泽大道店),中式,False,C:品牌映射,brand:哆哆,鸡排,False,C:品牌映射,brand:哆哆,裹粉炸,False,C:品牌映射,brand:哆哆,原味,False,C:品牌映射,brand:哆哆,档口/摊位,False,C:品牌映射,brand:哆哆,20-30,A,荥阳市,吾悦广场,口味:3.4 环境:3.4 服务:3.4,4,1,,0,韩式无骨香酥鸡_鱿米花_泡菜饺子_景田,,
k65FPRTwYFkiIQN6,佳兴鸡排,Unknown,False,D:无证据,,鸡排,False,C:店名推断,鸡排,Unknown,False,D:无证据,,Unknown,False,D:无证据,,含外卖,False,B:外卖字段,1,Unknown,D,巩义市,回郭镇,,,1,,0,,,
k4p52SsVKBqKMWGR,张屯屯开花鸡腿(和昌店),中式,False,C:品牌映射,brand:张屯屯,鸡排+鸡架/锁骨/叉骨+鸡块/鸡米花/鸡柳,True,C:品牌映射,brand:张屯屯,生炸/现炸,False,C:品牌映射,brand:张屯屯,原味,False,C:品牌映射,brand:张屯屯,档口/摊位,False,C:品牌映射,brand:张屯屯,10-15,A,上街区,和昌都汇广场,口味:3.4 环境:3.4 服务:3.4,1,1,1,0,糖心爆浆糍粑_囤囤鸡排_手工鲜切鸡柳_海苔鸡柳_焦香鸡叉骨_炸鸡锅包肉_招牌鸡块_冰镇乌梅汁_爆香生炸鸡架_牛奶雪花酪,,
l4OhzFS20jjlxtfP,玛吉茶·韩国炸鸡,中式,False,A:菜品直接证据,中式,鸡翅,False,A:菜品直接证据,翅尖,Unknown,False,D:无证据,,香辣+黑胡椒+酸甜,True,A:菜品直接证据,麻辣;黑胡椒;甘梅,堂食+外卖+团购,False,B:多字段组合,外卖:1/团购:1,10-15,A,上街区,和昌都汇广场,,,1,1,0,九宫格炸鸡_元气煎蛋_绝搭炸年糕_中式麻辣翅尖_仙贝_营养煎蛋_营养玉米粒_黑胡椒_甘梅_酥酥无骨腿肉,,
l9XEcSFVe7kQhuT3,鲜啤福鹿家(上街明珠公馆店),Unknown,False,D:无证据,,Unknown,False,D:无证据,,Unknown,False,D:无证据,,酸甜,False,A:菜品直接证据,酸甜,堂食+外卖+团购,False,B:多字段组合,外卖:1/团购:1,15-20,A,上街区,和昌都汇广场,口味:3.9 环境:3.9 服务:3.9,9,1,1,0,酸甜百香果_青苹果接骨木西打_茉莉青提小麦_二手玫莓_茉莉青提_福鹿鲜啤_明前龙井_明前红茶_信阳毛尖小麦_三颗野草莓,,
H9jbUQDBA97RO0Ub,Kim Min HEE 韩式炸鸡(荥阳吾悦广场店),韩式,False,A:菜品直接证据,韩式,鸡块/鸡米花/鸡柳,False,A:菜品直接证据,鸡块,裹粉炸,False,A:菜品直接证据,芝士粉,蒜香+甜辣+酱香,True,A:菜品直接证据,麻辣;蒜香;芝士;酱料,堂食+外卖+团购,False,B:多字段组合,外卖:1/团购:1,15-20,A,荥阳市,吾悦广场,口味:3.7 环境:3.7 服务:3.7,7,1,1,0,无骨鸡块_炸鸡零食拼盘_韩式酱料_拉丝雪花芝士丸子_单人可乐特惠_蒜香酱油,,
l1v06i7SNCkA7qRj,烤余烤串,Unknown,False,D:无证据,,Unknown,False,D:无证据,,裹粉炸,False,A:菜品直接证据,脆皮,黑胡椒,False,A:菜品直接证据,黑椒,含团购,False,B:团购字段,1,Unknown,D,荥阳市,吾悦广场,,,,1,0,黑椒大肉串_牛肉手把串_脆皮烧饼_风车薯塔,,
k3zLpgf1OCvyrwwQ,熊家无二·韩式炸鸡&部队火锅(荥阳吾悦广场店),韩式,False,C:品牌映射,brand:熊家,鸡翅,False,C:品牌映射,brand:熊家,裹粉炸,False,C:品牌映射,brand:熊家,原味+香辣+甜辣,True,C:品牌映射,brand:熊家,外卖型,False,C:品牌映射,brand:熊家,20-30,A,荥阳市,吾悦广场,口味:3.9 环境:3.9 服务:3.9,70,1,1,0,石板豆腐_芝士玉米_泡菜五花肉_传统海苔拌饭_九宫格炸鸡_炸鸡拌饭_热辣火鸡面_经典炸酱面_延边大冷面_经典部队火锅,,
itwQKaRT97Ia9Mke,饭七七韩国炸鸡(橡树玫瑰城店),韩式,False,A:菜品直接证据,韩式,鸡块/鸡米花/鸡柳,False,A:菜品直接证据,无骨炸鸡,Unknown,False,D:无证据,,香辣,False,A:菜品直接证据,辣,堂食+外卖+团购,False,B:多字段组合,外卖:1/团购:1,10-15,A,管城回族区,橡树玫瑰城,口味:3.7 环境:3.7 服务:3.7,2,1,1,0,韩式无骨炸鸡_无骨腿肉_泡菜酸辣粉,,
k2peSaZVMSy1eWFK,串姐(阳光城5号院店),Unknown,False,D:无证据,,鸡腿+鸡脖/其他部位,True,A:菜品直接证据,鸡腿;鸡心,Unknown,False,D:无证据,,Unknown,False,D:无证据,,含团购,False,B:团购字段,1,<10,A,管城回族区,橡树玫瑰城,,5,,1,0,煎饼_鱼豆腐_鸡心_鸡腿肉_骨肉相连,,
EcsJyTxBXySvWQTd,大脸经典鸡排(财经学院店),日式,False,A:菜品直接证据,日式,整鸡/大单品+鸡排+鸡块/鸡米花/鸡柳,True,A:菜品直接证据,大鸡;鸡排;鸡块,Unknown,False,D:无证据,,原味+酸甜,True,A:菜品直接证据,原味;蜂蜜;黑胡椒;橙;芥末,含团购,False,B:团购字段,1,10-15,A,金水区,正弘中心,口味:3.7 环境:3.6 服务:3.7,331,,1,0,柳橙味炒酸奶_鸡块_全家福_骨肉相连_香酥牛肉堡_盐酥鸡_日式墨鱼派_大脸香肠_大脸薯_大鸡排原味,,
l28SJx6eSMnjMan0,延庆观炸鸡(正弘城店),中式,False,C:品牌映射,brand:延庆观,整鸡/大单品+鸡腿+鸡架/锁骨/叉骨+鸡块/鸡米花/鸡柳,True,C:品牌映射,brand:延庆观,卤炸,False,C:品牌映射,brand:延庆观,原味,False,C:品牌映射,brand:延庆观,档口/摊位,False,C:品牌映射,brand:延庆观,15-20,A,金水区,正弘中心,口味:3.9 环境:3.9 服务:3.9,46,1,1,0,延庆观鸡叉骨_秘制炸全鸡_延庆观琵琶腿_脆骨肉_延庆观鸡米花_秘制叉骨_香酥琵琶骨,,
H2UrGoMXuO8K5Kg5,大邢炸鸡(正弘城店),Unknown,False,D:无证据,,鸡腿+鸡块/鸡米花/鸡柳,True,A:菜品直接证据,鸡腿;鸡柳,Unknown,False,D:无证据,,Unknown,False,D:无证据,,含团购,False,B:团购字段,1,15-20,A,金水区,正弘中心,,,,1,0,超值雪花鸡柳_夏威夷软欧鸡腿堡_薯条_鸡腿堡,,
G9fKyQEJydbCoVCH,黎太院韩式炸鸡(正弘城店),韩式,False,C:品牌映射,brand:黎太院,整鸡/大单品+鸡翅,True,C:品牌映射,brand:黎太院,裹粉炸,False,C:品牌映射,brand:黎太院,香辣+酱香,True,C:品牌映射,brand:黎太院,堂食+外带,False,C:品牌映射,brand:黎太院,30-50,A,金水区,正弘中心,口味:3.8 环境:3.8 服务:3.8,39,1,1,0,酱料口味自选可拼盘_爆辣韩式火鸡面酥酥糯糯年糕_酥酥糯糯年糕_嫩脆小翅根_爆辣韩式火鸡面_脆皮全鸡,,
H17jNQGYu5sfpv5D,呆呆炸鸡(东风路店),Unknown,False,D:无证据,,鸡腿+鸡块/鸡米花/鸡柳,True,A:菜品直接证据,大鸡;鸡腿;翅根;鸡排;鸡叉骨;鸡块,裹粉炸,False,A:菜品直接证据,脆皮,黑胡椒+酸甜,True,A:菜品直接证据,孜然;黑胡椒;甘梅,含外卖,False,B:外卖字段,1,<10,A,金水区,正弘中心,口味:3.5 环境:3.6 服务:3.6,5,1,,0,手枪腿_纯肉肠_甘梅粉面_黑胡椒粉_无骨鸡柳_炸鸡腿肉_炸龙骨脆,,
k4UlbTJcHYStpLiu,满巍明生炸鸡架(正弘城店),中式,False,C:品牌映射,brand:满巍明,鸡腿+鸡翅+鸡架/锁骨/叉骨+鸡块/鸡米花/鸡柳+鸡脖/其他部位,True,C:品牌映射,brand:满巍明,生炸/现炸,False,C:品牌映射,brand:满巍明,椒盐+酸甜,True,C:品牌映射,brand:满巍明,档口/摊位,False,C:品牌映射,brand:满巍明,20-30,A,金水区,正弘中心,口味:4.2 环境:4.2 服务:4.2,299,1,1,19,美味脆鸡胗_脆皮小鸡腿_椒盐架豆王_炸鸡块_飘香脆脆薯_超级鸡叉骨_巨炸甘梅地瓜_生炸鸡翅根_鸡腱腿_生椰拿铁鸡肋条,,
G9rf5eKrUrzBTPvU,大薯鸡排,地方特色,False,A:菜品直接证据,东北,鸡排,False,A:菜品直接证据,鸡排,Unknown,False,D:无证据,,原味,False,A:菜品直接证据,经典,含团购,False,B:团购字段,1,10-15,A,金水区,正弘中心,,1,,1,0,干炸里脊肉_东北老式锅包肉_超大经典鸡排_爆浆鸡排,,
H49UTXJ3MNI8OxoS,炸鸡铺子(大铺店·鸡叉骨),Unknown,False,D:无证据,,Unknown,False,D:无证据,,Unknown,False,D:无证据,,Unknown,False,D:无证据,,档口/摊位,False,C:店名推断,铺子,Unknown,D,金水区,正弘中心,,,1,,0,,,
k6a7ONOSj6sdPtNx,老西郊大鸡腿(科技市场正弘店),Unknown,False,D:无证据,,整鸡/大单品,True,C:店名推断,大鸡;鸡腿,Unknown,False,D:无证据,,Unknown,False,D:无证据,,Unknown,False,D:无证据,,10-15,A,金水区,正弘中心,口味:3.5 环境:3.5 服务:3.5,1,,,0,,,
k4GebzorVqjmrDaM,炸鸡叉骨,Unknown,False,D:无证据,,鸡架/锁骨/叉骨,False,C:店名推断,鸡叉骨,Unknown,False,D:无证据,,Unknown,False,D:无证据,,Unknown,False,D:无证据,,Unknown,D,管城回族区,橡树玫瑰城,,,,,0,,,
k49KscW7DYiXfpb1,延庆观炸鸡(白庙路店),中式,False,C:品牌映射,brand:延庆观,整鸡/大单品,False,C:品牌映射,brand:延庆观,卤炸,False,C:品牌映射,brand:延庆观,原味,False,C:品牌映射,brand:延庆观,档口/摊位,False,C:品牌映射,brand:延庆观,15-20,A,金水区,正弘中心,口味:3.5 环境:3.6 服务:3.5,5,,1,0,脆骨肉,,
l79nsuOD5DkhjLkD,华乐士炸鸡汉堡(颖阳镇店),Unknown,False,D:无证据,,整鸡/大单品+鸡翅+鸡块/鸡米花/鸡柳,True,A:菜品直接证据,全鸡;翅根;鸡块,裹粉炸,False,A:菜品直接证据,脆皮,原味+黑胡椒,True,A:菜品直接证据,香酥;黑胡椒,含团购,False,B:团购字段,1,10-15,A,登封市,登封市,口味:3.4 环境:3.4 服务:3.5,15,,1,0,脆皮全鸡_大薯饼_玉米杯_黑胡椒鸡块_玉米甜心_牛肉风味堡_香酥翅根_皇家小虎蛋挞_风味翅尖_卤香烤全腿,,
l88bE7exk3e7UEi5,多美士炸鸡汉堡(龙湖店),美式/西式,False,C:品牌映射,brand:多美士,鸡翅+鸡块/鸡米花/鸡柳,True,C:品牌映射,brand:多美士,裹粉炸,False,C:品牌映射,brand:多美士,香辣+孜然+黑胡椒+酱香,True,C:品牌映射,brand:多美士,外卖型,False,C:品牌映射,brand:多美士,10-15,A,新郑市,升达大学/中原工学院,口味:4.0 环境:4.0 服务:4.0,18,1,,11,香辣大翅根_黑椒鸡块_鲜虾堡_奶茶_孜然鸡柳_奥尔良烤对翅_薯条_至尊脆香鸡_新品特惠韩式炸鸡年糕_汉堡三兄弟,,
H3YkWPzAQWYJrqkd,POTATO BOX CLUB卷卷薯条•炸鸡(瑞光店),美式/西式,True,A:菜品直接证据,美式;泰式,鸡腿+鸡排+鸡块/鸡米花/鸡柳,True,A:菜品直接证据,鸡腿;鸡排;鸡米花,裹粉炸,True,A:菜品直接证据,脆皮;现炸,香辣+甜辣,True,A:菜品直接证据,香辣;芝士,堂食+外卖+团购,False,B:多字段组合,外卖:1/团购:1,15-20,A,二七区,医学院,口味:4.2 环境:4.1 服务:4.2,184,1,1,0,美式鸡腿_新现炸香菜_西装轰炸鸡_奥克兰芝士牛肉堡_华尔道夫香辣鸡排_薯宝_零度可口可乐_薯条全家桶_泰式脆皮山药片_洛杉矶上校鸡块,,
l5WEjanDkdHNfNRU,好香吃炸鸡,Unknown,False,D:无证据,,整鸡/大单品+鸡腿+鸡排+鸡架/锁骨/叉骨+鸡块/鸡米花/鸡柳,True,A:菜品直接证据,大鸡;鸡腿;鸡排;鸡叉骨;鸡柳,Unknown,False,D:无证据,,Unknown,False,D:无证据,,含团购,False,B:团购字段,1,<10,A,二七区,医学院,口味:3.7 环境:3.6 服务:3.7,,,1,0,黄金大鸡腿_雪花鸡柳_黄金鸡叉骨_大脸鸡排,,
k5bpyG0SxW8q3jWo,黄大鲜美国炸鸡(棉纺东路店),Unknown,False,D:无证据,,整鸡/大单品,True,A:菜品直接证据,整鸡;鸡腿;鸡翅;鸡叉骨;鸡米花;鸡皮,Unknown,False,D:无证据,,香辣,False,A:菜品直接证据,辣,含外卖,False,B:外卖字段,1,15-20,A,二七区,医学院,口味:4.0 环境:3.8 服务:3.9,144,1,,0,炸鸡叉骨_黄大鲜美国炸鸡,,
GazsOqYhwvaC58aJ,正新鸡排(升达店),美式/西式,False,C:品牌映射,brand:正新,鸡翅+鸡排,True,C:品牌映射,brand:正新,裹粉炸,False,C:品牌映射,brand:正新,香辣+酸甜,True,C:品牌映射,brand:正新,档口/摊位,False,C:品牌映射,brand:正新,10-15,A,新郑市,升达大学/中原工学院,口味:3.8 环境:3.8 服务:3.8,1592,,,0,火爆鱿鱼_甘梅鸡排_肥牛卷_疯狂烤翅_麻辣锅底_鸡肉串_撒尿牛丸_烤鸭肉_柠檬水_鲜鸭血,,
k92Ar3eNUx3BAdki,布袋馍饼,Unknown,False,D:无证据,,Unknown,False,D:无证据,,Unknown,False,D:无证据,,Unknown,False,D:无证据,,含外卖,False,B:外卖字段,1,Unknown,D,新郑市,升达大学/中原工学院,口味:3.5 环境:3.5 服务:3.5,2,1,,0,,,
H9arzw53EEbqwBeE,正新鸡排·炸鸡烧烤(龙湖店),美式/西式,False,C:品牌映射,brand:正新,整鸡/大单品+鸡排+鸡块/鸡米花/鸡柳,True,C:品牌映射,brand:正新,裹粉炸,False,C:品牌映射,brand:正新,香辣+甜辣,True,C:品牌映射,brand:正新,档口/摊位,False,C:品牌映射,brand:正新,10-15,A,新郑市,升达大学/中原工学院,口味:3.5 环境:3.5 服务:3.5,108,1,1,0,香辣大鸡排_小酥肉_美味薯条_锅巴土豆_脆皮香蕉_劲脆鸡米花_鸡肉圈_香芋地瓜丸_拉丝芝士棒_骨肉相连,,
G2LfciQCOrSgoiKf,侠客炸鸡汉堡(南苑商务中心店),Unknown,False,D:无证据,,Unknown,False,D:无证据,,Unknown,False,D:无证据,,Unknown,False,D:无证据,,含外卖,False,B:外卖字段,1,15-20,A,新郑市,升达大学/中原工学院,,1,1,,0,,,
l2c9Eq3FUiyjtbAt,项师傅炸鸡汉堡(百脑汇店),Unknown,False,D:无证据,,整鸡/大单品,True,A:菜品直接证据,脆皮鸡;鸡腿;鸡排,裹粉炸,False,A:菜品直接证据,脆皮,香辣,True,A:菜品直接证据,麻辣;奥尔良;橙,堂食+外卖+团购,False,B:多字段组合,外卖:1/团购:1,10-15,A,金水区,正弘中心,口味:3.7 环境:3.7 服务:3.8,197,1,1,3,黄金薯条_项师傅鸡肉卷_哆肉堡_芒果慕斯_麻辣鸡肉_墨西哥鸡肉卷_超大排_劲脆鸡腿堡_美味凉皮_秘制烤全腿,,
G2pnoTWkax3onFFp,多美士炸鸡汉堡(金水万达店),美式/西式,False,C:品牌映射,brand:多美士,整鸡/大单品+鸡腿+鸡块/鸡米花/鸡柳,True,C:品牌映射,brand:多美士,裹粉炸,False,C:品牌映射,brand:多美士,原味,False,C:品牌映射,brand:多美士,外卖型,False,C:品牌映射,brand:多美士,10-15,A,金水区,正弘中心,口味:3.5 环境:3.6 服务:3.5,3,1,1,21,蜜桃四季春_汉堡三兄弟_霸王鸡块_比翼双飞_奥尔良烤鸡_新品尝鲜鸡腿柠檬汁_蜜恋山楂_冰爽青柠VC_凤梨百香_果密冰爽柠檬汁,,
k1aKAA9BcyOgo6YK,哆美滋鲜肉炸鸡·汉堡(文博花园店),Unknown,False,D:无证据,,鸡腿+鸡块/鸡米花/鸡柳,True,A:菜品直接证据,脆皮鸡;鸡腿;翅根;鸡排;鸡叉骨;鸡米花,裹粉炸,False,A:菜品直接证据,脆皮,香辣+酸甜,True,A:菜品直接证据,香辣;芝士;奥尔良;菠萝,含外卖,False,B:外卖字段,1,10-15,A,金水区,正弘中心,,1,1,,0,青花椒伴翅_上校鸡块_菠萝派_梅干地瓜_香辣鸡腿堡_至尊七虾堡_红豆派,,
l1y5pHIe3KnCue0U,恒晟食品炸鸡铺子,Unknown,False,D:无证据,,整鸡/大单品+鸡腿+鸡架/锁骨/叉骨+鸡块/鸡米花/鸡柳,True,A:菜品直接证据,大鸡;鸡腿;叉骨;鸡米花,Unknown,False,D:无证据,,蒜香,False,A:菜品直接证据,蒜香,档口/摊位,False,C:店名推断,铺子,10-15,A,中原区,中原万达,口味:3.9 环境:4.0 服务:4.0,26,1,1,0,招牌大鸡腿_青花椒伴翅_招牌小叉骨_龙骨脆_美味鸡柳_无骨鸡块_蒜香酱_美味鸡米花_柚子酱,,
k6TozGW9eQLWm4cc,三养火鸡面芝士炸鸡(华山路店),韩式,False,C:品牌映射,brand:三养,鸡翅,False,C:品牌映射,brand:三养,裹粉炸,False,C:品牌映射,brand:三养,火鸡面,False,C:品牌映射,brand:三养,档口/摊位,False,C:品牌映射,brand:三养,Unknown,D,中原区,中原万达,,,,,0,,,
G7fT6vLCX9GGXPfB,延庆祥炸鸡(绿东村店),Unknown,False,D:无证据,,鸡腿+鸡翅,True,A:菜品直接证据,炸鸡块;鸡腿;鸡翅;牙签肉;鸡米花;鸡皮,Unknown,False,D:无证据,,Unknown,False,D:无证据,,Unknown,False,D:无证据,,20-30,A,中原区,中原万达,口味:4.3 环境:4.0 服务:4.0,596,,,0,炸翅根_琵琶腿_棒棒鸡_卤鸡肝_鸡肉条_凤爪_鸡大腿(斤),,
HaOHyXzADmNwSZNN,胡夫炸串(中原万达店),中式,False,C:品牌映射,brand:胡夫,鸡架/锁骨/叉骨,False,C:品牌映射,brand:胡夫,生炸/现炸,False,C:品牌映射,brand:胡夫,香辣+甜辣,True,C:品牌映射,brand:胡夫,档口/摊位,False,C:品牌映射,brand:胡夫,15-20,A,中原区,中原万达,口味:4.1 环境:4.1 服务:4.1,281,1,1,5,劲霸小面筋_贵妃酸辣粉_酵素气泡水黄瓜味_土豆片_芝士热狗棒_苕皮_青椒圈_嫩香牛肉串_福利特价炸串吃到爽_川式小酥肉,,
jbp7QJSbw254GRzt,麦克堡汉堡·炸鸡(华山路店),Unknown,False,D:无证据,,整鸡/大单品+鸡腿,True,A:菜品直接证据,脆皮鸡;鸡腿,裹粉炸,False,A:菜品直接证据,脆皮,原味+香辣+酱香,True,A:菜品直接证据,香酥;香辣;奥尔良,Unknown,False,D:无证据,,15-20,A,中原区,中原万达,口味:3.5 环境:3.5 服务:3.5,16,,,0,薯条_奥尔良鸡腿堡_香辣鸡腿堡_骨肉相连_香酥牛肉_藤椒鸡腿堡_至珍七虾堡_脆皮鸡腿_碳酸饮品_果汁饮品,,
l50qiqdeNMBDFG8W,青拾芥清真汉堡炸鸡店,Unknown,False,D:无证据,,Unknown,False,D:无证据,,Unknown,False,D:无证据,,Unknown,False,D:无证据,,Unknown,False,D:无证据,,Unknown,D,中牟县,中牟县,口味:3.5 环境:3.5 服务:3.5,1,,,0,,,
G9XdAgx1RG4MQpD3,萍聚串串小火锅,Unknown,False,D:无证据,,鸡排+鸡块/鸡米花/鸡柳,True,A:菜品直接证据,鸡排;鸡块,Unknown,False,D:无证据,,Unknown,False,D:无证据,,含团购,False,B:团购字段,1,20-30,A,二七区,中原区CCD,口味:3.6 环境:3.6 服务:3.6,5,,1,0,金丝鸡柳_拉花肠_月牙鸡块_安井虾滑_星星鸡块_鱼豆腐串_大脸鸡排,,
l13eQdyHy7dzIyvZ,大钱蒜香炸鸡,Unknown,False,D:无证据,,Unknown,False,D:无证据,,Unknown,False,D:无证据,,蒜香,False,C:店名推断,蒜香,Unknown,False,D:无证据,,Unknown,D,中原区,中原区,,,,,0,,,
k7QQB9qdg29rNfuh,爱尚惠美炸鸡(大孟店),中式,False,C:品牌映射,brand:爱尚惠美,整鸡/大单品+鸡排+鸡架/锁骨/叉骨,True,C:品牌映射,brand:爱尚惠美,裹粉炸,False,C:品牌映射,brand:爱尚惠美,原味,False,C:品牌映射,brand:爱尚惠美,档口/摊位,False,C:品牌映射,brand:爱尚惠美,<10,A,中牟县,中牟县,,,1,1,0,精品鸡叉骨_香酥脆皮炸鸡_香脆年糕_宝粒佳大鸡排_美味鸡肉汉堡_香酥茶油鸡,,
G442VrNqZkD7XzTc,凯尚达炸鸡(板桥店),美式/西式,False,C:品牌映射,brand:凯尚达,鸡排,False,C:品牌映射,brand:凯尚达,裹粉炸,False,C:品牌映射,brand:凯尚达,原味,False,C:品牌映射,brand:凯尚达,档口/摊位,False,C:品牌映射,brand:凯尚达,10-15,A,中牟县,中牟县,,,,,0,,,
G2Ec61jjUDuTHuQ0,正新鸡排(连霍高速店),美式/西式,False,C:品牌映射,brand:正新,鸡排,False,C:品牌映射,brand:正新,裹粉炸,False,C:品牌映射,brand:正新,原味,False,C:品牌映射,brand:正新,档口/摊位,False,C:品牌映射,brand:正新,10-15,A,中牟县,中牟县,口味:3.4 环境:3.4 服务:3.4,1,,,0,鸡排,,
k7DUEZdEwQI6GLj7,华莱士·炸鸡汉堡(北环店),Unknown,False,D:无证据,,整鸡/大单品+鸡腿,True,A:菜品直接证据,全鸡;鸡腿;鸡排;鸡块;鸡脖,Unknown,False,D:无证据,,香辣+酱香+酸甜,True,A:菜品直接证据,香辣;黑椒;蜜汁;酸甜,堂食+外卖+团购,False,B:多字段组合,外卖:1/团购:1,15-20,A,金水区,陈砦,口味:3.8 环境:3.8 服务:3.8,231,1,1,0,黑糖波波奶茶_蜜汁手扒半鸡_沁爽酸甜菠萝饮（NEW!）_傣家风味舂舂鸡_中果珍_鸡腿冰淇淋泡芙_武夷烟熏风味战斧炸鸡腿_武汉酱卤王全鸡_卤辣里脊肉串_嘶哈藤椒鸡,,
jSK0OI1aksZDYhmu,庙东排骨(中原万达广场店),中式,False,A:菜品直接证据,香酥鸡,整鸡/大单品,True,A:菜品直接证据,香酥鸡;翅中;鸡柳,裹粉炸,False,A:菜品直接证据,酥炸,原味+香辣,True,A:菜品直接证据,香酥;麻辣;孜然,堂食+外卖+团购,False,B:多字段组合,外卖:1/团购:1,20-30,A,中原区,中原万达,口味:4.0 环境:3.9 服务:4.0,219,1,1,2,香酥掌中宝_麻辣翅中_庙东小酥肉_爆汁杏鲍菇_香酥琵琶骨_香酥翅中_炸香芋地瓜丸_庙东香肠_包浆豆腐_新品鸭脖,,
l8myMVHqNeTBMksz,炸货郎(中原万达店),Unknown,False,D:无证据,,整鸡/大单品+鸡腿,True,A:菜品直接证据,脆皮鸡;鸡腿,裹粉炸,False,A:菜品直接证据,脆皮,Unknown,False,D:无证据,,堂食+外卖+团购,False,B:多字段组合,外卖:1/团购:1,15-20,A,中原区,中原万达,,2,1,1,0,焦香炸蘑菇_焦香炸薯条_脆皮鸡腿肉_焦香炸小鱼,,
G5l2RqluwRIQ4r9Z,清真秘制焖烤手枪腿(计划路店),Unknown,False,D:无证据,,鸡腿,False,C:店名推断,手枪腿,Unknown,False,D:无证据,,Unknown,False,D:无证据,,含外卖,False,B:外卖字段,1,Unknown,D,中原区,中原万达,口味:3.7 环境:3.6 服务:3.7 食材:3.8,4,1,,0,,,
G5HojXm6I6z9YHgP,申向国鸡柳卷饼(中原万达店),中式,False,C:品牌映射,brand:申向国,鸡块/鸡米花/鸡柳,False,C:品牌映射,brand:申向国,生炸/现炸,False,C:品牌映射,brand:申向国,原味,False,C:品牌映射,brand:申向国,档口/摊位,False,C:品牌映射,brand:申向国,<10,A,中原区,中原万达,口味:3.7 环境:3.6 服务:3.7,72,,1,13,鸡柳卷饼,,
H3fC64zT14HJDAHt,口水鸡排(中原万达店),中式,False,C:品牌映射,brand:口水,鸡块/鸡米花/鸡柳,False,C:品牌映射,brand:口水,生炸/现炸,False,C:品牌映射,brand:口水,香辣,False,C:品牌映射,brand:口水,档口/摊位,False,C:品牌映射,brand:口水,15-20,A,中原区,中原万达,口味:4.0 环境:4.1 服务:4.1,688,1,1,5,芒果派_招牌超大排_草莓多多_香辣胸排堡_藤椒腿排堡_藤椒鸡翅根_韩式炸鸡_香芋丸子_柠檬汁_黄金蝴蝶虾,,
G6X22yN1i5dBN8KX,战杰炸鸡(中原万达店),Unknown,False,D:无证据,,鸡脖/其他部位,False,A:菜品直接证据,鸡爪,Unknown,False,D:无证据,,原味+香辣,True,A:菜品直接证据,经典;麻辣,堂食+外卖+团购,False,B:多字段组合,外卖:1/团购:1,20-30,A,中原区,中原万达,口味:3.9 环境:3.9 服务:3.9,68,1,1,0,麻辣炸鸡麻辣口味_麻辣炸鸡五香口味_麻辣炸鸡微辣口味_经典全腿_麻辣鸡爪_焦香炸土豆,,
l2cB22fkYcK9Alrg,鸡柳大人(中原万达店),中式,False,C:品牌映射,brand:鸡柳大人,鸡块/鸡米花/鸡柳,False,C:品牌映射,brand:鸡柳大人,生炸/现炸,False,C:品牌映射,brand:鸡柳大人,椒盐,False,C:品牌映射,brand:鸡柳大人,档口/摊位,False,C:品牌映射,brand:鸡柳大人,15-20,A,中原区,中原万达,口味:3.7 环境:3.6 服务:3.6,63,1,1,36,招牌三合一_空气年糕_香酥鸡烤饼,,
FucSHfr2slPH7qBN,黎太院韩式炸鸡(二砂文创园店),韩式,False,C:品牌映射,brand:黎太院,整鸡/大单品+鸡翅,True,C:品牌映射,brand:黎太院,裹粉炸,False,C:品牌映射,brand:黎太院,甜辣,False,C:品牌映射,brand:黎太院,堂食+外带,False,C:品牌映射,brand:黎太院,20-30,A,中原区,中原万达,口味:3.8 环境:3.9 服务:4.0,30,1,1,0,脆皮全鸡_爆辣韩式火鸡面_酥酥糯糯年糕_嫩脆小翅根,,
H2TPrskj60F2rUSa,正新鸡排·炸鸡烧烤(中原店),美式/西式,False,C:品牌映射,brand:正新,鸡腿+鸡翅+鸡排,True,C:品牌映射,brand:正新,裹粉炸,False,C:品牌映射,brand:正新,原味,False,C:品牌映射,brand:正新,档口/摊位,False,C:品牌映射,brand:正新,15-20,A,中原区,中原万达,口味:4.0 环境:3.9 服务:4.0,120,1,1,0,正新鸡排_正新大烤肠_爆料鸡排_巴掌大原味鸡_黄金琵琶腿_四拼炸鸡桶_金锤翅根桶_十翅_现炸翅根重量_单根翅根,,
H2ivOSWLQ8d62txD,延庆祥炸鸡(洛河路店),Unknown,False,D:无证据,,鸡翅,False,A:菜品直接证据,翅根,Unknown,False,D:无证据,,Unknown,False,D:无证据,,Unknown,False,D:无证据,,20-30,A,中原区,中原万达,口味:3.5 环境:3.6 服务:3.5,6,,,0,翅根,,
H3q1qEuxlkznYk6K,社小淘炸鸡馍,韩式,True,A:菜品直接证据,甜辣炸鸡;泰式,Unknown,False,D:无证据,,裹粉炸,False,A:菜品直接证据,脆皮,原味+香辣+蒜香+甜辣+酱香+酸甜+芥末,True,A:菜品直接证据,经典;辣;蒜香;甜辣;酱油;番茄;芥末,含团购,False,B:团购字段,1,Unknown,D,中原区,中原万达,口味:3.5 环境:3.5 服务:3.5,27,,1,0,芝士奶香炸鸡馍_泰式甜辣炸鸡馍_蜂蜜芥末炸鸡馍_经典番茄炸鸡馍_脆皮淀粉肠_香酥大面筋_酱油蒜香炸鸡馍,,
G6tqqkRqhK3JWDOc,张先生炸鸡,韩式,False,A:菜品直接证据,韩式,鸡翅,True,A:菜品直接证据,鸡翅;鸡叉骨;鸡米花,生炸/现炸,False,C:店名推断,生炸,蒜香,True,A:菜品直接证据,蒜香;芝士;酱油;甘梅,含团购,False,B:团购字段,1,Unknown,D,中原区,中原万达,口味:4.0 环境:4.0 服务:4.0,18,,1,0,鸡柳半斤,,
H1RACJzQGRpLucEK,正谈炸鸡(磨街文创园店),韩式,False,A:菜品直接证据,芝士炸鸡,Unknown,False,D:无证据,,Unknown,False,D:无证据,,香辣+甜辣+酱香+酸甜,True,A:菜品直接证据,香辣;芝士;酱油;酸甜,堂食+外卖+团购,False,B:多字段组合,外卖:1/团购:1,50+,A,中原区,中原万达,口味:4.4 环境:4.6 服务:4.5,139,1,1,0,酱油炸鸡_炸地瓜条_火辣芝士炸鸡_奶油蜜桃玛格利米酒_香辣炸鸡_玉米玛格丽_玉米米酒_草莓玛格丽_酸甜萝卜_青提米酒,,
k8qGAn9Ka0RdF8PB,叫了只鸡(前进路店),中式,False,C:品牌映射,brand:叫了只,整鸡/大单品,False,C:品牌映射,brand:叫了只,生炸/现炸,False,C:品牌映射,brand:叫了只,香辣+甜辣+孜然,True,C:品牌映射,brand:叫了只,外卖型,False,C:品牌映射,brand:叫了只,20-30,A,中原区,中原万达,口味:3.9 环境:3.9 服务:3.9,19,1,1,0,老北京鸡肉卷_抹茶大福_淀粉肠_沙拉酱_香辣孜然粉_双层香辣牛肉堡_泰式甜辣酱_千岛酱_蛋黄酱_汉堡全家福,,
l4UeeivEzQ57Vapo,刘婉婉生炸妙龄鸡(中原万达店),中式,False,C:品牌映射,brand:刘婉婉,整鸡/大单品+鸡架/锁骨/叉骨+鸡脖/其他部位,True,C:品牌映射,brand:刘婉婉,生炸/现炸,False,C:品牌映射,brand:刘婉婉,原味,False,C:品牌映射,brand:刘婉婉,档口/摊位,False,C:品牌映射,brand:刘婉婉,10-15,A,中原区,中原万达,口味:4.0 环境:4.0 服务:4.0,27,1,1,12,香酥炸鸡皮_奶香地瓜条_生炸全鸡架_无骨上腿肉,,
k2XNVbbpl4LioJaU,元掌门老式炸鸡(秦岭路店),中式,False,C:品牌映射,brand:元掌门,鸡翅+鸡架/锁骨/叉骨,True,C:品牌映射,brand:元掌门,生炸/现炸,False,C:品牌映射,brand:元掌门,香辣+蒜香,True,C:品牌映射,brand:元掌门,档口/摊位,False,C:品牌映射,brand:元掌门,20-30,A,中原区,中原万达,口味:4.0 环境:4.0 服务:4.1,40,1,1,0,脆骨贝贝肉_麻辣鸡架_鲜肉鸡叉骨_蒜香鸡翅,,
H9lAFy4AqIUOv9Pr,美味炸鸡,Unknown,False,D:无证据,,Unknown,False,D:无证据,,Unknown,False,D:无证据,,Unknown,False,D:无证据,,Unknown,False,D:无证据,,15-20,A,中牟县,中牟县,,,,,0,,,
H7mmADhaG9n7kXvK,鲜鱼港火爆鱿鱼(中原万达金街店),Unknown,False,D:无证据,,Unknown,False,D:无证据,,Unknown,False,D:无证据,,Unknown,False,D:无证据,,堂食+外卖+团购,False,B:多字段组合,外卖:1/团购:1,15-20,A,中原区,中原万达,口味:3.7 环境:3.7 服务:3.8,14,1,1,0,黄金鱿鱼须_鱿鱼嘴串_霸王串_小章鱼足_鱿鱼脖串,,
H2q8Yjasb3lkLXQW,绿博二号精品叉骨(绿博二号店),Unknown,False,D:无证据,,整鸡/大单品+鸡翅+鸡架/锁骨/叉骨+鸡块/鸡米花/鸡柳,True,A:菜品直接证据,脆皮鸡;翅根;鸡排;鸡叉骨;鸡块,裹粉炸,False,A:菜品直接证据,脆皮,蒜香+孜然,True,A:菜品直接证据,香酥;蒜香;孜然,含外卖,False,B:外卖字段,1,Unknown,D,中牟县,中牟县,,,1,,0,鳕鱼排_开花淀粉肠_孜然味叉骨_脆皮鸡块_芝麻球_脆皮翅根_春卷_紫薯山芋丸_手工凉皮_蒜香味鸡叉骨,,
G2GK6XJV0ayFhpvw,炸鸡皇后(天骄路小学店),韩式,True,A:菜品直接证据,无骨炸鸡;吮指,鸡翅+鸡排,True,A:菜品直接证据,脆皮鸡;鸡腿;翅根;鸡排;鸡叉骨;鸡块,裹粉炸,False,A:菜品直接证据,脆皮,原味+蒜香+酸甜,True,A:菜品直接证据,香酥;蒜香;甘梅,堂食+外卖+团购,False,B:多字段组合,外卖:1/团购:1,10-15,A,中牟县,中牟县,口味:3.7 环境:3.7 服务:3.7,12,1,1,0,比脸大爱心鸡排_五香腿肉块_甘梅粉_高山小土豆_蒜香酱_洋葱卷_番薯大金条_吮指年糕_香酥翅根,,
k3IFnGYFYzO496oo,小玲鸡排,复合型,False,A:菜品直接证据,双拼,鸡腿,False,A:菜品直接证据,鸡腿,Unknown,False,D:无证据,,甜辣,True,A:菜品直接证据,芝士;奥尔良,含外卖,False,B:外卖字段,1,Unknown,D,中牟县,中牟县,,,1,,0,双拼奶茶_奥尔良鸡腿堡_手枪腿_至尊七虾堡_香芋奶茶_柠檬绿茶超_网红淀粉肠_草莓汁_满杯百香果水果茶_柠檬冰可乐,,
laHkqn49iu2DjOFC,炸鸡皇后(绿博新城店),美式/西式,False,A:菜品直接证据,吮指,鸡腿+鸡翅+鸡排,True,A:菜品直接证据,鸡腿;翅根;鸡排,Unknown,False,D:无证据,,原味,False,A:菜品直接证据,香酥,堂食+外卖+团购,False,B:多字段组合,外卖:1/团购:1,10-15,A,中牟县,中牟县,,,1,1,0,吮指年糕_比脸大爱心鸡排_五香鸡腿_香酥翅根,,
Ha9h8rC0WoctrD2i,凯尚达炸鸡叉骨店(绿博新城店),美式/西式,False,C:品牌映射,brand:凯尚达,鸡排,False,C:品牌映射,brand:凯尚达,裹粉炸,False,C:品牌映射,brand:凯尚达,原味,False,C:品牌映射,brand:凯尚达,档口/摊位,False,C:品牌映射,brand:凯尚达,10-15,A,中牟县,中牟县,,1,1,,0,五香鸡块,,
l5iajBzoY22JVDm8,麦吉特汉堡炸鸡(黄科大店),Unknown,False,D:无证据,,Unknown,False,D:无证据,,Unknown,False,D:无证据,,Unknown,False,D:无证据,,含外卖,False,B:外卖字段,1,10-15,A,二七区,橄榄城,,,1,,0,,,
F2AShYZ5LRofiBWk,多美士炸鸡汉堡(绿都澜湾店),美式/西式,False,C:品牌映射,brand:多美士,鸡排+鸡块/鸡米花/鸡柳,True,C:品牌映射,brand:多美士,裹粉炸,False,C:品牌映射,brand:多美士,原味+孜然,True,C:品牌映射,brand:多美士,外卖型,False,C:品牌映射,brand:多美士,15-20,A,二七区,橄榄城,口味:3.6 环境:3.6 服务:3.6,7,1,,0,雪花鸡排_果珍_带翅全腿_拉丝热狗棒_霸王鸡块_孜然鸡柳_经典鸡米花_川香鸡柳_玉米杯_深海鳕鱼堡,,
G5NZ5pErqS7MZifK,多美士炸鸡汉堡(鑫苑国际店),美式/西式,False,C:品牌映射,brand:多美士,鸡腿+鸡翅+鸡块/鸡米花/鸡柳,True,C:品牌映射,brand:多美士,裹粉炸,False,C:品牌映射,brand:多美士,香辣+酱香,True,C:品牌映射,brand:多美士,外卖型,False,C:品牌映射,brand:多美士,15-20,A,二七区,橄榄城,口味:3.5 环境:3.5 服务:3.5,12,1,1,21,墨西哥鸡腿卷_墨西哥鸡腿堡_香辣鸡翅_奥尔良烤腿_劲脆鸡腿堡_老北京鸡肉卷_至珍七虾堡_卡通鸡块_酷拉拉排骨堡_果珍,,
k1OzEqVhoNbHm20V,延庆观炸鸡(淮北街总店),中式,False,C:品牌映射,brand:延庆观,鸡腿+鸡翅+鸡架/锁骨/叉骨+鸡块/鸡米花/鸡柳,True,C:品牌映射,brand:延庆观,卤炸,False,C:品牌映射,brand:延庆观,原味,False,C:品牌映射,brand:延庆观,档口/摊位,False,C:品牌映射,brand:延庆观,15-20,A,二七区,升龙广场,口味:4.3 环境:4.2 服务:4.3,1378,1,1,0,延庆观炸翅根_延庆观琵琶腿_鸡柳_招牌翅中_鸡叉骨_延庆观牙签肉_鸡翅根_延庆观炸鸡券_啤酒炸鸡_鲅鱼饺子,,
k8uyeA79Xi9iwjPG,正新鸡排(升龙广场店),美式/西式,False,C:品牌映射,brand:正新,整鸡/大单品+鸡腿+鸡排+鸡块/鸡米花/鸡柳,True,C:品牌映射,brand:正新,裹粉炸,False,C:品牌映射,brand:正新,原味+香辣+黑胡椒+酸甜,True,C:品牌映射,brand:正新,档口/摊位,False,C:品牌映射,brand:正新,10-15,A,二七区,升龙广场,口味:3.9 环境:3.9 服务:4.0,644,1,1,0,肉夹馍_单签中翅_一口酥_香酥鸡腿_香芋地瓜丸_黑椒鸡块_鸭肉串_双层鸡排堡_甘梅地瓜条_香辣鸡腿汉堡,,
l7N6Xx6KLBV9qlEW,御膳叉骨炸鸡(淮南街店),中式,False,C:品牌映射,brand:御膳,鸡架/锁骨/叉骨,False,C:品牌映射,brand:御膳,生炸/现炸,False,C:品牌映射,brand:御膳,椒盐,False,C:品牌映射,brand:御膳,档口/摊位,False,C:品牌映射,brand:御膳,10-15,A,二七区,升龙广场,口味:3.6 环境:3.5 服务:3.6,28,1,1,0,罐装雪碧_韩式秘制无骨鸡块,,
H5V3BP54ge6wkmex,开花鸡腿,Unknown,False,D:无证据,,鸡腿,False,C:店名推断,鸡腿,Unknown,False,D:无证据,,Unknown,False,D:无证据,,Unknown,False,D:无证据,,Unknown,D,二七区,升龙广场,,,,,0,,,
k5v5wSpqTvpbfSGy,有一家疯狂烤鸡(政通路店),韩式,False,A:菜品直接证据,韩式,整鸡/大单品,False,A:菜品直接证据,烤鸡,烤炸复合,False,A:菜品直接证据,烤鸡,孜然,False,A:菜品直接证据,孜然,堂食+外卖+团购,False,B:多字段组合,外卖:1/团购:1,10-15,A,二七区,升龙广场,口味:3.3 环境:3.3 服务:3.3,3,1,1,0,草莓酸奶炸汤圆_韩式炸鸡粉丝福利_一鸡双吃给力_拉丁小肉肠_孜然鸡肉条_百事可乐罐装_百事可乐无糖瓶装_火鸡酱调料包_留香肉串_疯狂烤鸡,,
G1XzQNQqmKIvPF5T,周土土炸鸡(淮南街店),Unknown,False,D:无证据,,鸡翅+鸡架/锁骨/叉骨+鸡块/鸡米花/鸡柳+鸡脖/其他部位,True,A:菜品直接证据,翅尖;鸡叉骨;鸡块;鸡爪,Unknown,False,D:无证据,,香辣,False,A:菜品直接证据,香辣,堂食+外卖+团购,False,B:多字段组合,外卖:1/团购:1,10-15,A,二七区,升龙广场,口味:3.9 环境:3.9 服务:3.9,9,1,1,0,鸡叉骨_炸鸡三拼_香辣炸鸡爪_藤椒翅尖_锅巴鸡块_炸蘑菇,,
l6IAL9sMpeM71SmY,味好美·炸鸡汉堡(淮南街店),日式,False,A:菜品直接证据,日式,鸡翅+鸡排+鸡块/鸡米花/鸡柳,True,A:菜品直接证据,鸡腿;鸡翅;鸡排;鸡块,Unknown,False,D:无证据,,原味+黑胡椒+酸甜,True,A:菜品直接证据,经典;香辣;黑胡椒;奥尔良;甘梅,堂食+外卖+团购,False,B:多字段组合,外卖:1/团购:1,15-20,A,二七区,升龙广场,口味:3.8 环境:3.8 服务:3.8,32,1,1,0,麦香翅中_秘制无骨迷你肉串_港式至珍蟹黄堡_奶茶系列_香芋奶茶_水蜜桃奶茶_墨西哥鸡肉卷_甘梅薯条_川香鸡柳_经典黑胡椒鸡排,,
Ez9bYr3JBWtPdK6p,woolnita韩式炸鸡,韩式,False,A:菜品直接证据,火鸡面,鸡块/鸡米花/鸡柳,False,A:菜品直接证据,鸡块,Unknown,False,D:无证据,,Unknown,False,D:无证据,,堂食+外卖+团购,False,B:多字段组合,外卖:1/团购:1,20-30,A,二七区,升龙广场,口味:3.7 环境:3.7 服务:3.7,3,1,1,0,鸡块儿儿左右_无骨炸鸡儿_三养火鸡面_手指年糕儿,,
G8T7v0FgGTi2N95j,台式烤肉炸鸡拌饭(亚新美好人家店),复合型,False,A:菜品直接证据,双拼,Unknown,False,D:无证据,,裹粉炸,False,A:菜品直接证据,脆皮,香辣,True,A:菜品直接证据,香辣;黑胡椒;蜜汁,堂食+外带,False,C:店名推断,烤肉,10-15,A,二七区,升龙广场,口味:3.4 环境:3.4 服务:3.4,2,1,,0,悦动力_佐大师牛蘑王酱_紫菜蛋花汤_脆皮南瓜饼_脆皮香蕉_怡宝纯净水_黑胡椒肉灌肠_秘制烤肉饭_统一青梅绿茶_香菇青菜馄饨,,
l7vcnWhmjwxstmWD,爱吃炸串,Unknown,False,D:无证据,,Unknown,False,D:无证据,,Unknown,False,D:无证据,,Unknown,False,D:无证据,,含团购,False,B:团购字段,1,20-30,A,二七区,升龙广场,,,,1,0,包浆茄子_青椒牛肉串,,
l1C72gPlV7Z1YFf4,烧饼夹,Unknown,False,D:无证据,,Unknown,False,D:无证据,,Unknown,False,D:无证据,,Unknown,False,D:无证据,,含外卖,False,B:外卖字段,1,Unknown,D,二七区,升龙广场,,,1,,0,,,
kaTRm28vFBHm9akW,中标欧冠中国炸鸡(政通路店),中式,False,A:菜品直接证据,中国炸鸡,鸡腿+鸡排,True,A:菜品直接证据,琵琶腿;鸡排,Unknown,False,D:无证据,,Unknown,False,D:无证据,,含团购,False,B:团购字段,1,15-20,A,二七区,升龙广场,,1,,1,0,（素拼）薯条＋地瓜条半斤装_大脸鸡排_中国炸鸡琵琶腿,,
G5nw56d0GyRPLWiP,爆掌柜生炸鸡架(橄榄城店),中式,False,C:品牌映射,brand:爆掌柜,鸡腿+鸡架/锁骨/叉骨,True,C:品牌映射,brand:爆掌柜,生炸/现炸,False,C:品牌映射,brand:爆掌柜,香辣,False,C:品牌映射,brand:爆掌柜,档口/摊位,False,C:品牌映射,brand:爆掌柜,10-15,A,二七区,橄榄城,口味:3.5 环境:3.5 服务:3.5,3,,1,11,生炸鸡叉骨_甘梅地瓜_生炸鸡腿肉_生炸小鸡腿_生炸鸡架_生炸蘑菇,,
H9QKt0awp1AcI7hK,爱上叉骨炸鸡(交通路店),中式,False,A:菜品直接证据,香酥鸡,整鸡/大单品+鸡架/锁骨/叉骨+鸡块/鸡米花/鸡柳,True,A:菜品直接证据,香酥鸡;鸡腿;鸡叉骨;鸡块,Unknown,False,D:无证据,,原味+酸甜,True,A:菜品直接证据,香酥;甘梅,堂食+外卖+团购,False,B:多字段组合,外卖:1/团购:1,15-20,A,二七区,升龙广场,口味:3.5 环境:3.5 服务:3.5,16,1,1,0,黄金小叉骨_香脆鸡叉骨_甘梅地瓜条_香酥鸡块_崂山啤酒_招牌御膳叉骨_桃到你就你檬,,
l8kyKd1Kbrd2gBAZ,祥瑞酥炸鸡炸鱼,Unknown,False,D:无证据,,Unknown,False,D:无证据,,裹粉炸,False,C:店名推断,酥炸,Unknown,False,D:无证据,,Unknown,False,D:无证据,,Unknown,D,中原区,华强城市广场,,,,,0,,,
FkCj9cEjjlbp2ybv,毛哥炸鸡招牌叉骨(启福中华店),Unknown,False,D:无证据,,鸡块/鸡米花/鸡柳,False,A:菜品直接证据,鸡米花,Unknown,False,D:无证据,,Unknown,False,D:无证据,,Unknown,False,D:无证据,,15-20,A,中原区,中原区,口味:3.9 环境:3.8 服务:3.9,5,,,0,炸鸡米花_炸鸡柳_汉堡_炸鱼块,,
H6iecrDfbwzluo4J,口水鸡排(万科橙果店),中式,False,C:品牌映射,brand:口水,鸡翅+鸡块/鸡米花/鸡柳,True,C:品牌映射,brand:口水,生炸/现炸,False,C:品牌映射,brand:口水,香辣+孜然+黑胡椒+酸甜,True,C:品牌映射,brand:口水,档口/摊位,False,C:品牌映射,brand:口水,15-20,A,中原区,中原区,口味:3.5 环境:3.5 服务:3.5,10,1,1,5,鸡翅中_孜然鸡柳_黑椒翅根_椰子燕麦_燕麦奶茶_黑糖奶茶_骨肉相连_双椒香辣年糕排_海苔肉松年糕排_葡萄益菌多,,
l1JPG0SYk3g0MuBv,炸鸡炸鱼,Unknown,False,D:无证据,,Unknown,False,D:无证据,,Unknown,False,D:无证据,,Unknown,False,D:无证据,,Unknown,False,D:无证据,,10-15,A,中原区,中原区,口味:3.7 环境:3.7 服务:3.7,6,,,0,,,
l9OD8U85YwbkEoHJ,风华韩式炸鸡(沁河路店),韩式,False,A:菜品直接证据,火鸡面,鸡腿,False,A:菜品直接证据,鸡腿,Unknown,False,D:无证据,,香辣,True,A:菜品直接证据,麻辣;芝士;甘梅,含团购,False,B:团购字段,1,15-20,A,中原区,中原区,,11,,1,0,整只炸鸡_糯叽叽年糕条_正宗三养火鸡面_榴莲芝士酱_咔嗞鸡腿纯肉块,,
ieFmwcfOoOYHMVB0,上海特味鸡柳(四厂店),Unknown,False,D:无证据,,鸡块/鸡米花/鸡柳,False,A:菜品直接证据,鸡柳,Unknown,False,D:无证据,,Unknown,False,D:无证据,,堂食+外卖+团购,False,B:多字段组合,外卖:1/团购:1,<10,A,中原区,中原区,口味:3.9 环境:3.9 服务:3.9,20,1,1,0,空气年糕,,
Gas4MvhiWgzVO2Mp,中華脆皮炸鸡,中式,False,C:店名推断,脆皮炸鸡,Unknown,False,D:无证据,,裹粉炸,False,C:店名推断,脆皮,Unknown,False,D:无证据,,Unknown,False,D:无证据,,Unknown,D,中原区,中原区,,,,,0,,,
G928sejfQ8Ksd1PV,喜上韩式炸鸡,韩式,False,A:菜品直接证据,韩式,鸡翅,False,A:菜品直接证据,翅中,Unknown,False,D:无证据,,Unknown,False,D:无证据,,堂食+外卖+团购,False,B:多字段组合,外卖:1/团购:1,10-15,A,中原区,中原区,,16,1,1,0,拉丝热狗棒_韩式炸年糕_带翅尖的翅中_笑脸薯,,
H8GXFg8IrJZnKCF1,鸡公子御膳叉骨炸鸡(棉纺西路店),中式,False,C:品牌映射,brand:御膳,鸡架/锁骨/叉骨+鸡块/鸡米花/鸡柳,True,C:品牌映射,brand:御膳,生炸/现炸,False,C:品牌映射,brand:御膳,椒盐,False,C:品牌映射,brand:御膳,档口/摊位,False,C:品牌映射,brand:御膳,15-20,A,中原区,中原区,口味:3.5 环境:3.5 服务:3.5,10,1,,0,招牌御膳叉骨_四厂麻辣鸡块_伴翅_德国黑啤_悦动力乳酸菌风味饮料草莓味,,
l899PBkGpFFpOKW0,美哆堡·炸鸡汉堡(万科水云苑店),韩式,False,A:菜品直接证据,韩式,整鸡/大单品+鸡腿+鸡排+鸡块/鸡米花/鸡柳,True,A:菜品直接证据,大鸡;鸡腿;鸡排;鸡块,Unknown,False,D:无证据,,原味+香辣+黑胡椒,True,A:菜品直接证据,原味;香辣;黑椒,堂食+外卖+团购,False,B:多字段组合,外卖:1/团购:1,10-15,A,中原区,中原区,口味:3.5 环境:3.5 服务:3.5,62,1,1,0,鸡腿堡_薯条_鲜虾堡_黄金大鸡排_椒香小鸡腿_原味热奶茶_黑椒鸡块_热饮自选套_香辣鸡排堡_老北京鸡肉卷,,
H31PKlj5BlvE6og7,梨太院韩式炸鸡(中原万达店),韩式,False,A:菜品直接证据,韩式,鸡腿,True,A:菜品直接证据,鸡腿;鸡翅;鸡米花,Unknown,False,D:无证据,,香辣,True,A:菜品直接证据,辣;芝士,堂食+外卖+团购,False,B:多字段组合,外卖:1/团购:1,20-30,A,中原区,中原万达,口味:3.9 环境:3.9 服务:3.8,18,1,1,0,韩式对翅_脆香鸡米花_深海鳕鱼条_秘制无骨鸡块_脆甜地瓜条_韩国进口果汁_大福_酥酥糯糯年糕_爆汁无骨腿肉_爆辣韩式火鸡面酥酥糯糯年糕,,
G9Zn3WDPGoS0rLtF,梨泰院韩式炸鸡(橄榄城店),韩式,False,A:菜品直接证据,韩式,鸡腿,True,A:菜品直接证据,鸡腿;鸡翅;鸡块,裹粉炸,False,A:菜品直接证据,脆皮,香辣+甜辣,True,A:菜品直接证据,辣;芝士,堂食+外卖+团购,False,B:多字段组合,外卖:1/团购:1,15-20,A,二七区,橄榄城,,2,1,1,0,大福_韩式对翅_脆甜红薯条_燃辣鸡肉条_香芋红薯丸子_深海鳕鱼条_笑脸薯饼_奶香芝士酱_小鸡腿_锅巴土豆块,,
jitgo9D99YFyOy0O,纯手工炸鸡柳,Unknown,False,D:无证据,,鸡块/鸡米花/鸡柳,False,C:店名推断,鸡柳,Unknown,False,D:无证据,,Unknown,False,D:无证据,,Unknown,False,D:无证据,,Unknown,D,管城回族区,南三环汽配大世界,,,,,0,,,
GaaLqYgNtPgdkUef,大发炸鸡郎庄社区店,Unknown,False,D:无证据,,Unknown,False,D:无证据,,Unknown,False,D:无证据,,Unknown,False,D:无证据,,社区店,False,C:店名推断,社区,Unknown,D,管城回族区,南三环汽配大世界,,,,,0,,,
Fuzf1C5WYiGgzwPW,乐姑娘炸鸡,Unknown,False,D:无证据,,Unknown,False,D:无证据,,Unknown,False,D:无证据,,Unknown,False,D:无证据,,含团购,False,B:团购字段,1,Unknown,D,中原区,华强城市广场,,,,1,0,,,
F3bviamUk6uzskpC,悦烤官勾魂烤串,Unknown,False,D:无证据,,Unknown,False,D:无证据,,Unknown,False,D:无证据,,Unknown,False,D:无证据,,含团购,False,B:团购字段,1,Unknown,D,中原区,华强城市广场,,,,1,0,剁椒烙馍卷面筋_烤小面筋串_鲜羊肉串_烤蟹排,,
l5vctjVGmy44wCMu,日式咖喱炸鸡拌饭,中式,True,A:菜品直接证据,脆皮炸鸡;日式,鸡腿,True,A:菜品直接证据,鸡腿;鸡排,裹粉炸,False,A:菜品直接证据,脆皮,黑胡椒+酱香+酸甜,True,A:菜品直接证据,辣;黑椒;照烧;橙,堂食+外卖+团购,False,B:多字段组合,外卖:1/团购:1,15-20,A,中原区,华强城市广场,口味:3.7 环境:3.7 服务:3.7,7,1,1,0,黄金可乐饼_黑椒肉柳咖喱鸡肉拼盘_中华海草_小町米饭_百事可乐无糖瓶_照烧鸡腿拌饭_康师傅矿泉水_统一鲜橙多罐装_统一蜜桃多罐装_脆皮炸鸡,,
l4ZsL3hYycvRqk9S,炸鸡烤冷面,Unknown,False,D:无证据,,Unknown,False,D:无证据,,Unknown,False,D:无证据,,Unknown,False,D:无证据,,Unknown,False,D:无证据,,Unknown,D,管城回族区,南三环汽配大世界,,,,,0,,,
G6yqiiXuFsvItAxb,炸串布袋馍,Unknown,False,D:无证据,,Unknown,False,D:无证据,,Unknown,False,D:无证据,,Unknown,False,D:无证据,,Unknown,False,D:无证据,,Unknown,D,中原区,华强城市广场,,,,,0,,,
k4h9hApPVXrF6nSp,DaQiu韩式炸鸡·火鸡面(官庄店),韩式,False,C:店名推断,韩式,整鸡/大单品,False,A:菜品直接证据,嫩鸡,Unknown,False,D:无证据,,原味+香辣,True,A:菜品直接证据,原切;双椒,含外卖,False,B:外卖字段,1,20-30,A,巩义市,巩义市,,,1,,0,千丝豆干_鲜竹笋_糯玉米_原切羊肉卷_火锅豆芽_原切牛肉卷_火锅面筋_双椒嫩鸡片_名优培根_虾皮茼蒿,,
l1ygLhJRW7CznNGJ,哆乐士炸鸡汉堡,Unknown,False,D:无证据,,Unknown,False,D:无证据,,Unknown,False,D:无证据,,Unknown,False,D:无证据,,含团购,False,B:团购字段,1,10-15,A,巩义市,巩义市,,,,1,0,玉米甜心,,
Hap0U0hoYPUHBKVi,多美士汉堡炸鸡(庄园北街店),美式/西式,False,C:品牌映射,brand:多美士,鸡排,False,C:品牌映射,brand:多美士,裹粉炸,False,C:品牌映射,brand:多美士,原味,False,C:品牌映射,brand:多美士,外卖型,False,C:品牌映射,brand:多美士,15-20,A,巩义市,巩义市,,,,,0,牛肉盖浇饭_羊肉盖浇饭,,
G4hzNd0MnH8vNPHn,味乐滋汉堡炸鸡,韩式,False,A:菜品直接证据,韩式,鸡腿+鸡排+鸡块/鸡米花/鸡柳,True,A:菜品直接证据,鸡腿;鸡排;鸡块,裹粉炸,False,A:菜品直接证据,脆皮,香辣+黑胡椒,True,A:菜品直接证据,香辣;黑椒,Unknown,False,D:无证据,,Unknown,D,巩义市,巩义市,,,,,0,大脸鸡排_双鸡堡+中可_双鸡堡+黑椒鸡块+中可_双鸡堡两个_藤椒脆皮半鸡_劲脆鸡腿堡_香辣鸡腿堡_双鸡堡,,
GagTKxUPOlH3lOGc,校堡王汉堡炸鸡(郑州城建职业学院店),美式/西式,False,C:品牌映射,brand:校堡王,鸡腿+鸡块/鸡米花/鸡柳,True,C:品牌映射,brand:校堡王,裹粉炸,False,C:品牌映射,brand:校堡王,原味,False,C:品牌映射,brand:校堡王,学校周边,False,C:品牌映射,brand:校堡王,15-20,A,巩义市,巩义市,口味:3.5 环境:3.5 服务:3.5,8,,1,0,韩式无骨炸鸡盒子_半边炸鸡_整只韩式炸鸡_香辣小腿_蟹脚棒_双层鸡腿堡,,
EDLAy2PXMGeHm76q,汉堡炸鸡,Unknown,False,D:无证据,,Unknown,False,D:无证据,,Unknown,False,D:无证据,,Unknown,False,D:无证据,,Unknown,False,D:无证据,,Unknown,D,巩义市,巩义市,,,,,0,,,
H4sKIAvYzjGi8ct2,Mr·Zheng-韩式炸鸡爆辣火鸡面,韩式,False,C:店名推断,韩式,Unknown,False,D:无证据,,Unknown,False,D:无证据,,香辣,False,C:店名推断,辣,含外卖,False,B:外卖字段,1,Unknown,D,管城回族区,康桥商务广场,,,1,,0,,,
l4BNJOrpZMuHQwni,佟源记炸肉(正弘城黑金店),中式,False,A:菜品直接证据,香酥鸡,整鸡/大单品+鸡翅+鸡架/锁骨/叉骨+鸡块/鸡米花/鸡柳,True,A:菜品直接证据,香酥鸡;大腿;鸡翅;鸡叉骨;鸡块;鸡胗,Unknown,False,D:无证据,,原味+酸甜,True,A:菜品直接证据,香酥;橙,堂食+外卖+团购,False,B:多字段组合,外卖:1/团购:1,20-30,A,金水区,建业凯旋广场,口味:4.1 环境:4.1 服务:4.1,408,1,1,0,香酥大虾_元气森林柑橙味_手工墨鱼丸_香酥鸡翅根_招牌炸鸡柳_鸡叉骨_炸香菇_香酥鸡脆骨_甘梅地瓜_特团爆品特惠排骨,,
G20ucfA8TVotlZsc,炸鸡皇后(万达坊店),韩式,False,A:菜品直接证据,韩式,整鸡/大单品+鸡腿+鸡翅+鸡排+鸡架/锁骨/叉骨+鸡块/鸡米花/鸡柳,True,A:菜品直接证据,大鸡;鸡腿;翅根;鸡排;锁骨;鸡块,裹粉炸,False,A:菜品直接证据,脆皮,原味+酸甜,True,A:菜品直接证据,香酥;甘梅,含外卖,False,B:外卖字段,1,15-20,A,金水区,建业凯旋广场,口味:4.2 环境:4.2 服务:4.1,254,1,,0,大块鸡_比脸大鸡排_韩式无骨炸鸡_香酥翅根_甘梅_招牌锁骨_脆皮大大鸡腿_狼牙棒棒鸡_青花椒鸡腿_香香鸡块,,
k7hobf0Jo7Q9Xka3,炸鸡包,Unknown,False,D:无证据,,Unknown,False,D:无证据,,Unknown,False,D:无证据,,Unknown,False,D:无证据,,Unknown,False,D:无证据,,Unknown,D,巩义市,巩义市,,,,,0,,,
k5S1hv8K2CsVNkqf,正新鸡排(建业·凯旋广场店),美式/西式,False,C:品牌映射,brand:正新,整鸡/大单品+鸡块/鸡米花/鸡柳,True,C:品牌映射,brand:正新,裹粉炸,False,C:品牌映射,brand:正新,原味,False,C:品牌映射,brand:正新,档口/摊位,False,C:品牌映射,brand:正新,10-15,A,金水区,建业凯旋广场,口味:3.4 环境:3.4 服务:3.4,15,1,,0,拉丝芝士棒_大鸡肉串_劲脆虾堡_正新鸭肉_普朗姆气泡水_劲爆鸡米花_美式薯条_无骨鸡柳_小牛肉串_雪花鸡柳,,
H9cVsXjUEfAwRfK2,麦德士汉堡炸鸡,Unknown,False,D:无证据,,Unknown,False,D:无证据,,Unknown,False,D:无证据,,Unknown,False,D:无证据,,Unknown,False,D:无证据,,20-30,A,管城回族区,康桥商务广场,,,,,0,,,
H33sZ2iMMMUALbWj,怪老一蒜香炸鸡(青屏大街店),中式,False,A:菜品直接证据,香酥鸡,整鸡/大单品+鸡架/锁骨/叉骨+鸡块/鸡米花/鸡柳,True,A:菜品直接证据,香酥鸡;鸡叉骨;鸡块,Unknown,False,D:无证据,,原味+蒜香,True,A:菜品直接证据,香酥;蒜香,堂食+外卖+团购,False,B:多字段组合,外卖:1/团购:1,<10,A,新密市,市人民医院,口味:3.5 环境:3.5 服务:3.5,4,1,1,0,五香鸡块_椒香鸡块_蒜香无骨鸡块_香酥叉骨_蒜香鸡柳_香酥鸡叉骨,,
k5E2pRIXi9UgOc8z,刘婉婉生炸妙龄鸡(南文峰路店),中式,False,C:品牌映射,brand:刘婉婉,鸡腿+鸡架/锁骨/叉骨+鸡块/鸡米花/鸡柳+鸡脖/其他部位,True,C:品牌映射,brand:刘婉婉,生炸/现炸,False,C:品牌映射,brand:刘婉婉,原味,False,C:品牌映射,brand:刘婉婉,档口/摊位,False,C:品牌映射,brand:刘婉婉,<10,A,新密市,市人民医院,口味:3.9 环境:3.9 服务:3.9,26,1,1,2,招牌生炸鸡叉骨_黄金鸡肉卷_奶香地瓜条_鸡贝贝_现炸黄金鸡柳_爆汁小鸡12个_生炸半只鸡+鸡脖_生炸鲜鸡脖_爆汁无骨鸡腿肉_神秘玛莎拉小鸡腿,,
k7dY76S4AJ229Art,爱转角饮品.汉堡.炸鸡(小关镇店),Unknown,False,D:无证据,,鸡翅,False,A:菜品直接证据,翅根,Unknown,False,D:无证据,,原味+酸甜,True,A:菜品直接证据,原味;橙,含团购,False,B:团购字段,1,<10,A,巩义市,巩义市,口味:3.4 环境:3.4 服务:3.4,,,1,0,冰柠檬汁_暴打鲜橙_脆脆薯_芒果四溢_至尊鲜虾堡_凤梨百香_原味翅根_酸奶打台芒_薯片鸡_青提柠檬,,
k1pXw6mThJZERl2e,吮指香骨鸡,美式/西式,False,C:店名推断,吮指,Unknown,False,D:无证据,,Unknown,False,D:无证据,,Unknown,False,D:无证据,,Unknown,False,D:无证据,,Unknown,D,新密市,市博物馆,,,,,0,,,
l8fOzqSGtIxfEW9n,老北京炸鸡(西村店),中式,False,A:菜品直接证据,香酥鸡,整鸡/大单品+鸡架/锁骨/叉骨+鸡块/鸡米花/鸡柳,True,A:菜品直接证据,香酥鸡;鸡叉骨;鸡柳,生炸/现炸,False,A:菜品直接证据,生炸,原味,False,A:菜品直接证据,香酥,堂食+外卖+团购,False,B:多字段组合,外卖:1/团购:1,<10,A,巩义市,巩义市,口味:3.4 环境:3.4 服务:3.4,1,1,1,0,绿豆冰沙_老式棒棒鸡_生炸鸡柳_招牌霸王腿_香酥鸡叉骨,,
H5ehx1Q0TBD42LC8,刘婉婉生炸妙龄鸡(站街店),中式,False,C:品牌映射,brand:刘婉婉,鸡架/锁骨/叉骨+鸡块/鸡米花/鸡柳,True,C:品牌映射,brand:刘婉婉,生炸/现炸,False,C:品牌映射,brand:刘婉婉,原味,False,C:品牌映射,brand:刘婉婉,档口/摊位,False,C:品牌映射,brand:刘婉婉,<10,A,巩义市,巩义市,口味:3.9 环境:3.9 服务:3.9,10,,1,7,鸡背肉_黄金鸡肉卷_现炸黄金鸡柳_叉骨_无骨辣子鸡_奶香地瓜条_无骨上腿肉,,
k7qFxEWNVd9hngFK,宫廷御善叉骨,Unknown,False,D:无证据,,鸡架/锁骨/叉骨+鸡块/鸡米花/鸡柳,True,A:菜品直接证据,叉骨;鸡块,Unknown,False,D:无证据,,Unknown,False,D:无证据,,含团购,False,B:团购字段,1,10-15,A,巩义市,巩义市,,,,1,0,宫廷御善叉骨_鸡块,,
G9L7qz5OiUYcXCS0,熊先生韩式炸鸡,韩式,False,C:店名推断,韩式,Unknown,False,D:无证据,,Unknown,False,D:无证据,,Unknown,False,D:无证据,,Unknown,False,D:无证据,,Unknown,D,巩义市,巩义市,,,,,0,,,
H2W77ymdFYuYziiD,叫了只炸鸡(清江路店),中式,False,C:品牌映射,brand:叫了只,整鸡/大单品,False,C:品牌映射,brand:叫了只,生炸/现炸,False,C:品牌映射,brand:叫了只,原味+甜辣+酱香,True,C:品牌映射,brand:叫了只,外卖型,False,C:品牌映射,brand:叫了只,20-30,A,中原区,帝湖,,,1,,0,神奇的鸡_老北京鸡肉卷_香酥炸全鸡_销魂半鸡双人过瘾餐_香芋派_炸鸡酱料_神奇的炸鸡_拉丝芝士棒_康师傅茉莉蜜茶_脆脆山药卷,,
l4jeU4I6kXnZfbde,钱味大面筋,Unknown,False,D:无证据,,鸡块/鸡米花/鸡柳,False,A:菜品直接证据,鸡柳,Unknown,False,D:无证据,,Unknown,False,D:无证据,,含团购,False,B:团购字段,1,Unknown,D,中原区,帝湖,,1,,1,0,鸡柳_烤开花肠_烤淀粉肠,,
G7kRnOVveWJ2YWHZ,柠檬茶舍柠檬炸鸡,Unknown,False,D:无证据,,Unknown,False,D:无证据,,Unknown,False,D:无证据,,Unknown,False,D:无证据,,含团购,False,B:团购字段,1,<10,A,中原区,帝湖,,,,1,0,去骨腿肉,,
G149uZ9sFXb5nGjn,巩城饭庄,Unknown,False,D:无证据,,Unknown,False,D:无证据,,Unknown,False,D:无证据,,Unknown,False,D:无证据,,Unknown,False,D:无证据,,Unknown,D,巩义市,巩义市,,,,,0,,,
Ga0NvraIDzizLnNQ,老北京炸鸡,Unknown,False,D:无证据,,Unknown,False,D:无证据,,Unknown,False,D:无证据,,Unknown,False,D:无证据,,Unknown,False,D:无证据,,Unknown,D,巩义市,巩义市,,,,,0,,,
l5ODn4Ib7NHEplzg,老北京中式炸鸡(涉村店),中式,False,C:店名推断,中式炸鸡,鸡排+鸡块/鸡米花/鸡柳,True,A:菜品直接证据,鸡排;鸡柳,生炸/现炸,False,A:菜品直接证据,生炸,原味+酸甜,True,A:菜品直接证据,香酥;甘梅,含团购,False,B:团购字段,1,<10,A,巩义市,巩义市,口味:3.5 环境:3.5 服务:3.5,1,,1,0,无骨肉块_招牌霸王腿_茉莉花蜜茶_生炸鸡柳_香酥大脸鸡排_纯手工棒棒鸡_甘梅地瓜薯条,,
H1pAQpnK5LcXakh1,鸡遇炸鸡,Unknown,False,D:无证据,,鸡腿+鸡块/鸡米花/鸡柳,True,A:菜品直接证据,鸡腿;鸡柳,Unknown,False,D:无证据,,酸甜,False,A:菜品直接证据,甘梅,含团购,False,B:团购字段,1,10-15,A,巩义市,巩义市,口味:3.5 环境:3.5 服务:3.5,3,,1,0,甘梅地瓜_脆鸡腿_鸡背肉_金甲鸡柳,,
G7sQZtsxlQml8gum,炸鸡铺子,Unknown,False,D:无证据,,Unknown,False,D:无证据,,Unknown,False,D:无证据,,Unknown,False,D:无证据,,档口/摊位,False,C:店名推断,铺子,Unknown,D,巩义市,巩义市,,,,,0,,,
l4N29woMBCnZMFVS,刘婉婉生炸妙龄鸡(西村店),中式,False,C:品牌映射,brand:刘婉婉,整鸡/大单品,False,C:品牌映射,brand:刘婉婉,生炸/现炸,False,C:品牌映射,brand:刘婉婉,原味,False,C:品牌映射,brand:刘婉婉,档口/摊位,False,C:品牌映射,brand:刘婉婉,<10,A,巩义市,巩义市,口味:3.4 环境:3.4 服务:3.4,5,,1,7,鸡背肉_黄金鸡肉卷_无骨辣子鸡_奶香地瓜条_现炸黄金鸡柳_无骨上腿肉,,
G8kMhUs47ib7VHet,胖哥铁板小串(明珠广场店),Unknown,False,D:无证据,,Unknown,False,D:无证据,,Unknown,False,D:无证据,,Unknown,False,D:无证据,,含团购,False,B:团购字段,1,Unknown,D,巩义市,巩义市,,,,1,0,鱿鱼馍_铁板大鱿鱼_一口香鱿鱼身_铁板鸡肉_铁板秘制鸭肠,,
G1I7aBmXvIrWvM9W,郑昊明韩式炸鸡,韩式,False,C:店名推断,韩式,Unknown,False,D:无证据,,Unknown,False,D:无证据,,原味,False,A:菜品直接证据,原味,含团购,False,B:团购字段,1,15-20,A,巩义市,巩义市,,,,1,0,劲脆双鸡堡_霸王薯条_黄金小酥肉_原味双鸡堡,,
l2rX7WFwdm6fgpk0,千里香炸鸡,Unknown,False,D:无证据,,Unknown,False,D:无证据,,Unknown,False,D:无证据,,Unknown,False,D:无证据,,含外卖,False,B:外卖字段,1,Unknown,D,巩义市,巩义市,,,1,,0,,,
G7rVDt13tEl0N1Rm,延庆观炸鸡(站街店),中式,False,C:品牌映射,brand:延庆观,鸡腿+鸡翅+鸡块/鸡米花/鸡柳+鸡脖/其他部位,True,C:品牌映射,brand:延庆观,卤炸,False,C:品牌映射,brand:延庆观,原味,False,C:品牌映射,brand:延庆观,档口/摊位,False,C:品牌映射,brand:延庆观,20-30,A,巩义市,巩义市,口味:3.4 环境:3.4 服务:3.4,2,,1,0,招牌鸡米花_特色炸鸡皮_鲜嫩翅中_黄金炸翅根_招牌炸鸡腿,,
H7y1xwgMfXHxC7jV,炸季炸串(米河店),中式,False,C:品牌映射,brand:炸季,鸡架/锁骨/叉骨,False,C:品牌映射,brand:炸季,生炸/现炸,False,C:品牌映射,brand:炸季,香辣,False,C:品牌映射,brand:炸季,档口/摊位,False,C:品牌映射,brand:炸季,15-20,A,巩义市,巩义市,口味:3.4 环境:3.4 服务:3.4,2,,1,0,椒香小酥肉_劲霸小面筋_鲜嫩鸡肉_芝麻脆小酥饼_鲜嫩鸭肠_芝麻脆烧饼_酥脆豆皮_女神土豆粉_广式小腊肠,,
k6gS0K4dkkARkPAs,温州千里香炸鸡店(大峪沟店),Unknown,False,D:无证据,,Unknown,False,D:无证据,,Unknown,False,D:无证据,,Unknown,False,D:无证据,,Unknown,False,D:无证据,,Unknown,D,巩义市,巩义市,,1,,,0,豆皮夹馍_砂锅酥肉_肉盒,,
G4P7xqVoj6y2EgIr,美芝堡炸鸡汉堡,中式,False,A:菜品直接证据,脆皮炸鸡,鸡腿,False,A:菜品直接证据,鸡腿,裹粉炸,False,A:菜品直接证据,脆皮,黑胡椒,True,A:菜品直接证据,黑胡椒;奥尔良,Unknown,False,D:无证据,,Unknown,D,中原区,帝湖,口味:3.5 环境:3.5 服务:3.5,3,,,0,鱼香茄子饭_多口味奶茶_热巧_霸王粗暑条_薯条_超级鸡腿堡_劲爆海鲜丸_黑胡椒调味包_抱抱糖爆米花_劲脆鸡腿堡,,
l4Cy6naWHvHpKQxl,余家炸鸡店,Unknown,False,D:无证据,,鸡腿+鸡架/锁骨/叉骨,True,A:菜品直接证据,鸡腿;鸡翅;鸡叉骨;鸡柳,Unknown,False,D:无证据,,Unknown,False,D:无证据,,Unknown,False,D:无证据,,10-15,A,中原区,帝湖,口味:3.6 环境:3.6 服务:3.6,11,,,0,炸鸡叉骨_无骨鸡腿肉,,
iSdRIwjgrYziMudd,须水邓记叫化鸡(帝湖店),Unknown,False,D:无证据,,Unknown,False,D:无证据,,Unknown,False,D:无证据,,Unknown,False,D:无证据,,含团购,False,B:团购字段,1,50+,A,中原区,帝湖,,4,,1,0,鲜品叫化鸡,,
k4NnKA8NIKZcsef3,贝克汉堡炸鸡(长江路店),Unknown,False,D:无证据,,鸡腿,True,A:菜品直接证据,手枪腿;鸡排;鸡柳,Unknown,False,D:无证据,,香辣,False,A:菜品直接证据,香辣,含外卖,False,B:外卖字段,1,15-20,A,中原区,帝湖,口味:3.6 环境:3.6 服务:3.6,2,1,,0,香辣鸡排_至尊牛肉堡,,
H4nA6rgqEuT85SYg,真香脆皮炸鸡(帝湖花园东王府店),中式,False,A:菜品直接证据,老式炸鸡,鸡腿,True,A:菜品直接证据,鸡腿;鸡叉骨;鸡米花,裹粉炸,False,A:菜品直接证据,酥炸,原味,True,A:菜品直接证据,香酥;黑椒;甘梅,含外卖,False,B:外卖字段,1,20-30,A,中原区,帝湖,口味:3.5 环境:3.5 服务:3.5,4,1,,0,鸡背肉带脆骨_超大老式炸鸡腿_无骨,,
lar2XIYpbxwQ3BWX,御厨香炸鸡(郑密路店),Unknown,False,D:无证据,,鸡排+鸡脖/其他部位,True,A:菜品直接证据,鸡排;鸡爪,Unknown,False,D:无证据,,黑胡椒,False,A:菜品直接证据,黑椒,Unknown,False,D:无证据,,<10,A,中原区,帝湖,口味:3.5 环境:3.5 服务:3.5,3,,,0,卤猪肘_卤鸡爪_御香厨鸡排_黑椒牛肉堡,,
k6UJB6B3aceTDGf8,蜜欢炸鸡(珠江荣域南院店),Unknown,False,D:无证据,,鸡腿+鸡翅+鸡架/锁骨/叉骨+鸡块/鸡米花/鸡柳,True,A:菜品直接证据,琵琶腿;翅根;鸡叉骨;鸡柳,Unknown,False,D:无证据,,原味,False,A:菜品直接证据,香酥,含团购,False,B:团购字段,1,10-15,A,中原区,帝湖,口味:3.4 环境:3.4 服务:3.4,10,,1,0,招牌鸡叉骨_香酥翅根_无骨鸡柳_香酥琵琶腿,,
kabVPdnyXBXXgcwc,延庆观炸鸡(启福国际店),中式,False,C:品牌映射,brand:延庆观,整鸡/大单品,False,C:品牌映射,brand:延庆观,卤炸,False,C:品牌映射,brand:延庆观,原味,False,C:品牌映射,brand:延庆观,档口/摊位,False,C:品牌映射,brand:延庆观,15-20,A,中原区,帝湖,口味:3.5 环境:3.5 服务:3.5,2,1,,0,香脆鸡肉麦穗肠_秘制叉骨_百事可乐无糖瓶_秘制脆骨肉_酸甜番茄酱,,
G4D1IPv5jZaiVaXc,延庆观炸鸡(郑密路店),中式,False,C:品牌映射,brand:延庆观,整鸡/大单品,False,C:品牌映射,brand:延庆观,卤炸,False,C:品牌映射,brand:延庆观,香辣+蒜香+黑胡椒+酸甜,True,C:品牌映射,brand:延庆观,档口/摊位,False,C:品牌映射,brand:延庆观,20-30,A,中原区,帝湖,口味:3.8 环境:3.7 服务:3.8,28,1,,0,甘梅撒粉_老汽水_蒜香撒粉_麻辣撒粉_脆骨肉_哈尔滨啤酒_黑胡椒粉_酸酸甜甜乳酸菌_粉丝福利菠萝啤_可口可乐罐装,,
k5N3yvVI4YJFZvtX,正新鸡排·炸鸡烧烤(长江路店),美式/西式,False,C:品牌映射,brand:正新,鸡排,False,C:品牌映射,brand:正新,裹粉炸,False,C:品牌映射,brand:正新,香辣+酸甜,True,C:品牌映射,brand:正新,档口/摊位,False,C:品牌映射,brand:正新,10-15,A,中原区,帝湖,口味:4.2 环境:4.2 服务:4.2,480,1,1,0,正新香辣鸡排_冰红茶气泡水_香辣鸡排+正新热狗串+乳茶_正新薯条_脆皮年糕_正新大烤肠_爆料鸡排_中国鸡排汉堡_甘梅地瓜条_酸梅气泡水,,
l3MOJoRcqejU48jP,芹小姐老郑州中式炸鸡,中式,False,C:店名推断,中式炸鸡,鸡腿+鸡块/鸡米花/鸡柳,True,A:菜品直接证据,琵琶腿;鸡排;鸡叉骨;鸡块,生炸/现炸,False,A:菜品直接证据,现炸,酸甜,False,A:菜品直接证据,甘梅,堂食+外卖+团购,False,B:多字段组合,外卖:1/团购:1,<10,A,新郑市,工程学院/万佳,口味:3.6 环境:3.6 服务:3.6,7,1,1,0,现炸琵琶腿_脆骨鸡块,,
FZ33678EpQ6U2Jvj,新纳西汉堡炸鸡(沙窝李店),美式/西式,False,C:品牌映射,brand:新纳西,整鸡/大单品+鸡腿+鸡翅+鸡块/鸡米花/鸡柳,True,C:品牌映射,brand:新纳西,裹粉炸,False,C:品牌映射,brand:新纳西,香辣+酱香,True,C:品牌映射,brand:新纳西,外卖型,False,C:品牌映射,brand:新纳西,15-20,A,新郑市,工程学院/万佳,口味:3.4 环境:3.4 服务:3.4,1,1,1,0,香辣鸡米花_奥尔良烤鸡腿堡_盐酥鸡_南美至珍七虾堡_川香鸡聊_奥尔良烤翅_脆皮全鸡_脆皮鸡腿,,
G1iEIoN0Y8Iqkesl,叫了只炸鸡(沙窝李市场店),中式,False,C:品牌映射,brand:叫了只,鸡翅+鸡块/鸡米花/鸡柳,True,C:品牌映射,brand:叫了只,生炸/现炸,False,C:品牌映射,brand:叫了只,原味,False,C:品牌映射,brand:叫了只,外卖型,False,C:品牌映射,brand:叫了只,15-20,A,新郑市,工程学院/万佳,,,1,,0,特色炸烧饼餐品满送_菠萝派_肉肉肠餐品满送_调料包_抓住鸡的翅根餐品满送_红枣香糕_藤椒堡_人气韩式炸鸡_雪花鸡柳_鸡翅包饭,,
k4jwUCVDKw9XCvnG,郑昊明韩式炸鸡,中式,False,A:菜品直接证据,香酥鸡,整鸡/大单品+鸡块/鸡米花/鸡柳,True,A:菜品直接证据,香酥鸡;鸡块,Unknown,False,D:无证据,,原味,False,A:菜品直接证据,香酥,堂食+外卖+团购,False,B:多字段组合,外卖:1/团购:1,<10,A,新郑市,工程学院/万佳,口味:3.5 环境:3.5 服务:3.5,1,1,1,0,无骨香酥鸡块_至尊牛肉堡,,
EaDuQHKqmILabXe3,风味炸鸡块·叉骨,Unknown,False,D:无证据,,整鸡/大单品+鸡腿+鸡架/锁骨/叉骨+鸡块/鸡米花/鸡柳,True,A:菜品直接证据,脆皮鸡;鸡腿;鸡架;鸡米花,裹粉炸,False,A:菜品直接证据,脆皮,原味+酸甜,True,A:菜品直接证据,香酥;奥尔良;菠萝,含外卖,False,B:外卖字段,1,10-15,A,新郑市,工程学院/万佳,口味:3.8 环境:3.8 服务:3.8,78,1,,0,鸡块儿_香酥炸蘑菇_金丝鸡柳_益生菌花花牛_鸡肉洋葱圈_鸡米花_手撕脆皮鸡架_鸡米花个馒头十益生菌_秘制特色鸡龙骨肉_脆皮鸡腿十易拉罐菠萝啤,,
G3e23PY6jRBlId4q,豹头虎二爆汁炸鸡(龙湖店),Unknown,False,D:无证据,,整鸡/大单品,True,A:菜品直接证据,大鸡;鸡排;鸡架,Unknown,False,D:无证据,,原味,False,A:菜品直接证据,香酥,堂食+外卖+团购,False,B:多字段组合,外卖:1/团购:1,<10,A,新郑市,工程学院/万佳,口味:3.5 环境:3.5 服务:3.5,3,1,1,0,,,
kasstifN27XoqowW,真美味炸海鱼炸鸡(龙湖店),Unknown,False,D:无证据,,鸡架/锁骨/叉骨,True,A:菜品直接证据,鸡叉骨;鸡柳,裹粉炸,False,A:菜品直接证据,脆皮,原味,False,A:菜品直接证据,香酥,堂食+外卖+团购,False,B:多字段组合,外卖:1/团购:1,20-30,A,新郑市,工程学院/万佳,,,1,1,0,,,
k6sHJgO1kDcRUyEO,吉祥克炸鸡汉堡(工程学院店),Unknown,False,D:无证据,,整鸡/大单品+鸡腿+鸡翅+鸡块/鸡米花/鸡柳,True,A:菜品直接证据,脆皮鸡;鸡腿;鸡翅;鸡块,裹粉炸,False,A:菜品直接证据,脆皮,香辣+甜辣+黑胡椒,True,A:菜品直接证据,香辣;芝士;黑椒,含团购,False,B:团购字段,1,20-30,A,新郑市,工程学院/万佳,口味:3.6 环境:3.6 服务:3.6,74,,1,0,卡通鸡块_双层劲爆鸡腿堡_香辣脆皮鸡腿_香辣翅根_墨西哥鸡肉卷_蛋挞_自然鸡柳_拉丝芝士热狗棒_香辣鸡翅_黑椒烤肠,,
k1sOWUivsYhOJseV,正新鸡排·炸鸡烧烤(巅峰店),美式/西式,False,C:品牌映射,brand:正新,鸡翅+鸡排,True,C:品牌映射,brand:正新,裹粉炸,False,C:品牌映射,brand:正新,原味,False,C:品牌映射,brand:正新,档口/摊位,False,C:品牌映射,brand:正新,10-15,A,新郑市,工程学院/万佳,口味:3.8 环境:3.8 服务:3.8,146,1,1,0,正新鸡排_四拼炸鸡桶_正新大烤肠_爆料鸡排_金锤翅根桶_俄罗斯肉串_阿拉伯烤肉,,
H2WbQVhMiTalp94t,御膳叉骨(沙窝李分店),中式,False,C:品牌映射,brand:御膳,鸡腿+鸡架/锁骨/叉骨+鸡块/鸡米花/鸡柳,True,C:品牌映射,brand:御膳,生炸/现炸,False,C:品牌映射,brand:御膳,椒盐,False,C:品牌映射,brand:御膳,档口/摊位,False,C:品牌映射,brand:御膳,10-15,A,新郑市,工程学院/万佳,口味:3.7 环境:3.7 服务:3.7,73,1,,0,叉骨半_雪花鸡柳十胃动力_紫菜蛋花汤_无骨鸡块十江中活菌多_叉骨十花花牛_无骨鸡腿肉_无骨牙签肉_哇哈哈AD钙奶_雪花啤酒_鸡肉洋葱圈,,
k3K5rfbyZxPnwe7Y,临榆炸鸡腿(高坡岩店),中式,False,C:品牌映射,brand:临榆,鸡腿,True,"C:店名推断(修正,优先于品牌映射)",brand:临榆,腌炸,False,C:品牌映射,brand:临榆,原味,False,C:品牌映射,brand:临榆,档口/摊位,False,C:品牌映射,brand:临榆,10-15,A,新郑市,工程学院/万佳,口味:3.7 环境:3.7 服务:3.7,12,1,1,6,楂楂鸡块_鲜肉饼_招牌炸鸡腿_脆皮手枪腿_红豆饼_豆皮鸡肉卷_黄金香骨鸡_鸡肉条_香骨鸡_黄金鸡叉骨,鸡排,brand_product_conflict
F8kHont8Jmxfkkbo,刘婉婉生炸妙龄鸡(高坡岩店),中式,False,C:品牌映射,brand:刘婉婉,整鸡/大单品,False,C:品牌映射,brand:刘婉婉,生炸/现炸,False,C:品牌映射,brand:刘婉婉,原味,False,C:品牌映射,brand:刘婉婉,档口/摊位,False,C:品牌映射,brand:刘婉婉,<10,A,新郑市,工程学院/万佳,口味:3.9 环境:3.9 服务:3.9,11,1,1,6,鸡背肉_叉骨_奶香地瓜条_无骨上腿肉,,
k38XpTWBAuaAnYJl,凯尚达炸鸡(正商智慧城店),美式/西式,False,C:品牌映射,brand:凯尚达,整鸡/大单品+鸡腿+鸡排+鸡架/锁骨/叉骨+鸡块/鸡米花/鸡柳,True,C:品牌映射,brand:凯尚达,裹粉炸,False,C:品牌映射,brand:凯尚达,香辣+孜然,True,C:品牌映射,brand:凯尚达,档口/摊位,False,C:品牌映射,brand:凯尚达,10-15,A,新郑市,工程学院/万佳,,,,1,0,特色鸡米花_怪味鸡叉骨_两掺_特色麻辣鸡叉骨_特色麻辣鸡腿_特色怪味大鸡排_特色怪味鸡叉骨_特色鸡柳_特色孜然鸡腿_特色麻辣大鸡排,,
G9M4JZOWHWTCp4Dt,临榆炸鸡腿(河南工程学院店),中式,False,C:品牌映射,brand:临榆,鸡腿,True,"C:店名推断(修正,优先于品牌映射)",brand:临榆,腌炸,False,C:品牌映射,brand:临榆,原味,False,C:品牌映射,brand:临榆,档口/摊位,False,C:品牌映射,brand:临榆,10-15,A,新郑市,工程学院/万佳,口味:3.8 环境:3.8 服务:3.8,15,,1,6,黄金鸡叉骨_香骨鸡_脆皮手枪腿_黄金香骨鸡_黄金炸蘑菇_豆皮鸡肉卷_香酥琵琶腿_鸡肉条,鸡排,brand_product_conflict
G1V1GQqd629L4Feo,临榆炸鸡腿(河南工大莲花街校区店),中式,False,C:品牌映射,brand:临榆,鸡腿,False,"C:店名推断(修正,优先于品牌映射)",brand:临榆,腌炸,False,C:品牌映射,brand:临榆,原味,False,C:品牌映射,brand:临榆,档口/摊位,False,C:品牌映射,brand:临榆,10-15,A,中原区,工大新校区,,,,,0,,鸡排,brand_product_conflict
k81viaM14r5OPeMb,炸鸡草FCM给料放题自助(郑州公园茂店),美式/西式,False,A:菜品直接证据,原味鸡,鸡腿+鸡翅,True,A:菜品直接证据,大鸡;鸡腿;翅根;鸡排;鸡块,裹粉炸,False,A:菜品直接证据,脆皮,黑胡椒+酸甜,True,A:菜品直接证据,原味;麻辣;黑椒;番茄,堂食+外带,False,C:店名推断,自助,30-50,A,中原区,工大新校区,口味:3.9 环境:3.9 服务:4.0 品种:4.0,627,1,1,0,草料卤香鸡腿肉_橄榄黑椒肉酱意面_深海大虾堡_翅根_碎皮鸡_榴莲披萨_博洛尼亚番茄意面_现调机饮料畅饮,,
G8JjZB98ByyUQtay,临榆炸鸡腿(经贸学院店),中式,False,C:品牌映射,brand:临榆,鸡腿,True,"C:店名推断(修正,优先于品牌映射)",brand:临榆,腌炸,False,C:品牌映射,brand:临榆,原味,False,C:品牌映射,brand:临榆,档口/摊位,False,C:品牌映射,brand:临榆,10-15,A,新郑市,工程学院/万佳,口味:3.5 环境:3.5 服务:3.5,6,,,6,香酥琵琶腿_香骨鸡_黄金鸡叉骨_黄金香骨鸡_豆皮肉卷_鸡肉条,鸡排,brand_product_conflict
G5yYlQBl1lqVydht,多美士炸鸡汉堡(工业大学店),美式/西式,False,C:品牌映射,brand:多美士,整鸡/大单品+鸡腿+鸡块/鸡米花/鸡柳,True,C:品牌映射,brand:多美士,裹粉炸,False,C:品牌映射,brand:多美士,孜然+酱香,True,C:品牌映射,brand:多美士,外卖型,False,C:品牌映射,brand:多美士,15-20,A,中原区,工大新校区,口味:3.5 环境:3.5 服务:3.5,64,1,1,21,爆鸡米花_奥尔良烤鸡腿_孜然鸡柳_梅菜扣肉饭_双层牛排堡_赤焰烤全腿_酷拉拉排骨堡_韩式炸鸡_蜜汁烤鸡_脆皮炸鸡腿,,
jUefKaA8Ro6Ef2Q8,姚鲜生炸货铺,韩式,False,A:菜品直接证据,韩式,整鸡/大单品+鸡腿+鸡排,True,A:菜品直接证据,大鸡;鸡腿;鸡排,生炸/现炸,False,C:店名推断,生炸,香辣+黑胡椒,True,A:菜品直接证据,香辣;黑胡椒,含团购,False,B:团购字段,1,Unknown,D,新郑市,工程学院/万佳,口味:3.5 环境:3.5 服务:3.5,3,,1,0,八爪茄子_手工鸡肉串_香辣沙肝_韩式炸年糕_比脸大鸡排_ad钙奶饮料_蝴蝶鸡腿_黑胡椒肠_里脊肉片_兰花串,,
l4mIQMAKla0AUNGd,刘记御膳叉骨,中式,False,C:品牌映射,brand:御膳,鸡腿+鸡架/锁骨/叉骨+鸡块/鸡米花/鸡柳,True,C:品牌映射,brand:御膳,生炸/现炸,False,C:品牌映射,brand:御膳,香辣+孜然+黑胡椒,True,C:品牌映射,brand:御膳,档口/摊位,False,C:品牌映射,brand:御膳,Unknown,D,惠济区,惠济区,口味:3.5 环境:3.5 服务:3.5,3,1,,0,叉骨十鸡米花_炸小鱼_雪碧罐装_康师傅矿泉水_哈尔滨啤酒罐装_炸鸡架块_鸡腿_香辣孜然粉_香辣包_黑胡椒粉,,
l5vq8B1D3ptbWA5T,黎太院·韩式炸鸡(惠济万达店),韩式,False,C:品牌映射,brand:黎太院,鸡块/鸡米花/鸡柳,False,C:品牌映射,brand:黎太院,裹粉炸,False,C:品牌映射,brand:黎太院,甜辣,False,C:品牌映射,brand:黎太院,堂食+外带,False,C:品牌映射,brand:黎太院,20-30,A,惠济区,惠济万达广场,口味:3.5 环境:3.5 服务:3.5,5,1,1,0,嫩脆小翅根_爆辣韩式火鸡面_酥酥糯糯年糕,,
H86sc0JM2m68ULXM,麦香炸鸡(惠济万达店),Unknown,False,D:无证据,,Unknown,False,D:无证据,,Unknown,False,D:无证据,,Unknown,False,D:无证据,,Unknown,False,D:无证据,,Unknown,D,惠济区,惠济万达广场,,,,,0,,,
H4bEyQC30WkW0lDl,正新鸡排·炸鸡烧烤(河工大校内鸡排店),美式/西式,False,C:品牌映射,brand:正新,鸡排,False,C:品牌映射,brand:正新,裹粉炸,False,C:品牌映射,brand:正新,原味,False,C:品牌映射,brand:正新,档口/摊位,False,C:品牌映射,brand:正新,10-15,A,中原区,工大新校区,口味:3.7 环境:3.7 服务:3.7,25,1,1,0,正新大烤肠_正新鸡排_中国鸡排汉堡_爆料鸡排_香辣鸡排套,,
GaVQzaHyQzcGAt7T,正新鸡排·炸鸡烧烤(崇高路店),美式/西式,False,C:品牌映射,brand:正新,整鸡/大单品+鸡腿+鸡架/锁骨/叉骨,True,C:品牌映射,brand:正新,裹粉炸,False,C:品牌映射,brand:正新,原味,False,C:品牌映射,brand:正新,档口/摊位,False,C:品牌映射,brand:正新,10-15,A,登封市,嵩山一号,口味:3.3 环境:3.3 服务:3.3,14,1,1,0,脆皮香蕉_海盐柚子气泡水_鸡叉骨_双香酥鸡腿堡_乳茶_现炸酥肉_香芋地瓜丸_正新乳酸菌_冰红茶气泡水_连心脆骨,,
jttFHgNxzHwgzCaP,BBD韩式炸鸡,复合型,False,A:菜品直接证据,双拼,鸡腿+鸡翅+鸡块/鸡米花/鸡柳,True,A:菜品直接证据,鸡腿;翅根;鸡米花;鸡爪,Unknown,False,D:无证据,,香辣,False,A:菜品直接证据,香辣,堂食+外卖+团购,False,B:多字段组合,外卖:1/团购:1,15-20,A,登封市,嵩山一号,,,1,1,0,任意双拼_美味粗薯条_无骨鸡块_BBD精心现制芒果汁_翅根_XS运动营养饮料_弹年糕_正宗老北京鸡肉卷_劲爆鸡米花_超值双酱鸡腿堡,,
k4KJ7ug8tQjY5Onj,延庆观炸鸡(紫荆山南路店),中式,False,C:品牌映射,brand:延庆观,鸡腿+鸡翅+鸡架/锁骨/叉骨+鸡块/鸡米花/鸡柳,True,C:品牌映射,brand:延庆观,卤炸,False,C:品牌映射,brand:延庆观,原味+酸甜,True,C:品牌映射,brand:延庆观,档口/摊位,False,C:品牌映射,brand:延庆观,15-20,A,新郑市,工程学院/万佳,口味:3.5 环境:3.5 服务:3.5,,1,1,0,经典翅中_琵琶腿_鸡米花牙签肉两掺_经典黄金翅根_秘制鸡叉骨_鸡全翅_百乐洋猕猴桃果汁_乐堡啤酒罐装_统一鲜橙多罐装_统一蜜桃多罐装,,
H7t8VswJzwjQy7Zu,六哥炸鸡,Unknown,False,D:无证据,,整鸡/大单品+鸡腿+鸡架/锁骨/叉骨,True,A:菜品直接证据,脆皮鸡;鸡腿;鸡叉骨;鸡柳,裹粉炸,False,A:菜品直接证据,脆皮,甜辣,False,A:菜品直接证据,蜂蜜,Unknown,False,D:无证据,,Unknown,D,荥阳市,建业购物广场,,,,,0,鸡叉骨_鸡腿肉_金星纯生_脆皮鸡腿_干炸带鱼,,
k9KmRaSBS9GnqiAa,清真麦德士·鸡排拌饭·汉堡·炸鸡·米线·酸辣粉,Unknown,False,D:无证据,,鸡排,False,C:店名推断,鸡排,Unknown,False,D:无证据,,香辣,False,C:店名推断,辣,含外卖,False,B:外卖字段,1,Unknown,D,管城回族区,康桥商务广场,,,1,,0,,,
l7xLZAXAOmdi7nEq,爆掌柜生炸鸡架(三公路六小店),中式,False,C:品牌映射,brand:爆掌柜,鸡腿+鸡翅+鸡架/锁骨/叉骨+鸡块/鸡米花/鸡柳,True,C:品牌映射,brand:爆掌柜,生炸/现炸,False,C:品牌映射,brand:爆掌柜,香辣+酱香+酸甜,True,C:品牌映射,brand:爆掌柜,档口/摊位,False,C:品牌映射,brand:爆掌柜,10-15,A,荥阳市,建业购物广场,口味:3.4 环境:3.4 服务:3.4,5,1,1,2,甘梅地瓜_生炸鸡架_生炸鸡腿肉_生炸鸡叉骨_奥尔良腿排夹饼_咖喱鸡柳肉夹饼_五香里脊肉夹饼_麻辣伴翅_香辣伴翅_生炸麻辣翅尖,,
EQL86eoLDDXpMbSQ,小雨麻辣烫炸串,Unknown,False,D:无证据,,Unknown,False,D:无证据,,Unknown,False,D:无证据,,蒜香,False,A:菜品直接证据,蒜香,堂食+外卖+团购,False,B:多字段组合,外卖:1/团购:1,Unknown,D,荥阳市,建业购物广场,,1,1,1,0,,,
k7wfElfQ3C6gvVlY,叫了只炸鸡(学府路店),中式,False,C:品牌映射,brand:叫了只,鸡翅+鸡块/鸡米花/鸡柳,True,C:品牌映射,brand:叫了只,生炸/现炸,False,C:品牌映射,brand:叫了只,原味+甜辣,True,C:品牌映射,brand:叫了只,外卖型,False,C:品牌映射,brand:叫了只,20-30,A,荥阳市,建业购物广场,,1,,1,0,川香鸡柳_琥珀酱_香酥翅根,,
l6DlGYjsMiiL3Xkw,凯尚达炸鸡(繁荣街店),美式/西式,False,C:品牌映射,brand:凯尚达,鸡腿+鸡排+鸡架/锁骨/叉骨+鸡块/鸡米花/鸡柳,True,C:品牌映射,brand:凯尚达,裹粉炸,False,C:品牌映射,brand:凯尚达,甜辣+酱香,True,C:品牌映射,brand:凯尚达,档口/摊位,False,C:品牌映射,brand:凯尚达,10-15,A,荥阳市,建业购物广场,口味:3.5 环境:3.5 服务:3.5,2,1,1,0,鱿鱼圈_牙签肉_柳叶脆香鸡_奥尔良鸡排_特味鸡柳_炸鸡腿肉_拉丝芝士棒_棒棒鸡_麦穗儿香肠_小叉骨,,
kaleoMmZ1qc0SE6s,延庆观炸鸡(索河路店),中式,False,C:品牌映射,brand:延庆观,整鸡/大单品,False,C:品牌映射,brand:延庆观,卤炸,False,C:品牌映射,brand:延庆观,原味,False,C:品牌映射,brand:延庆观,档口/摊位,False,C:品牌映射,brand:延庆观,15-20,A,荥阳市,建业购物广场,口味:3.6 环境:3.7 服务:3.7,6,1,1,0,翅肉块,,
ED4SGv7GN42UXIkd,法涛山羊小串炖大鹅(烧烤),Unknown,False,D:无证据,,Unknown,False,D:无证据,,Unknown,False,D:无证据,,香辣,False,A:菜品直接证据,麻辣,堂食+外卖+团购,False,B:多字段组合,外卖:1/团购:1,30-50,A,荥阳市,建业购物广场,口味:3.9 环境:3.9 服务:3.9,8,1,1,0,脆骨_特色大盘鸡_炒凉粉_烩羊杂_海鲜炒鸡_锡纸羊脑_凉拌羊杂_羊杂汤_羊杂面_羊肉汤,,
G206wwXxCB3lY0B5,金焦童子鸡(三公路店),Unknown,False,D:无证据,,整鸡/大单品+鸡腿+鸡翅+鸡块/鸡米花/鸡柳,True,A:菜品直接证据,童子鸡;手枪腿;全翅;鸡叉骨;鸡米花;鸡爪,Unknown,False,D:无证据,,Unknown,False,D:无证据,,含外卖,False,B:外卖字段,1,Unknown,D,荥阳市,建业购物广场,口味:3.4 环境:3.4 服务:3.4,2,1,,0,金焦鸡大腿_金焦手枪腿十金焦鸡全翅_五香牛肉_鸡珍_炸鸡全翅_金焦童子鸡_桶子鸡_炸鸡米花,,
G2YiRIb187nc9bfy,鸡公子御膳叉骨炸鸡(荥阳一店),中式,False,C:品牌映射,brand:御膳,鸡架/锁骨/叉骨,False,C:品牌映射,brand:御膳,生炸/现炸,False,C:品牌映射,brand:御膳,椒盐,False,C:品牌映射,brand:御膳,档口/摊位,False,C:品牌映射,brand:御膳,10-15,A,荥阳市,建业购物广场,,,1,,0,,,
G1PxQOlv5GISBvU8,香香炸鸡烤串,地方特色,False,A:菜品直接证据,台式,Unknown,False,D:无证据,,Unknown,False,D:无证据,,Unknown,False,D:无证据,,含团购,False,B:团购字段,1,Unknown,D,荥阳市,建业购物广场,,,,1,0,黄金炸鸡_台式大烤肠_部落大面筋,,
H1cQVmJUIdrG2Ogd,秦师傅手工烤面筋(祺瑞小区店),Unknown,False,D:无证据,,Unknown,False,D:无证据,,Unknown,False,D:无证据,,Unknown,False,D:无证据,,Unknown,False,D:无证据,,Unknown,D,荥阳市,建业购物广场,,1,,,0,黑臭豆腐_黄臭豆腐_拿手小面筋_烤鸭板肠_烤腊肠_秘制大面筋,,
l9KkL0S1cI6DhSaA,妞家包菜豆腐串(永泰花园店),Unknown,False,D:无证据,,Unknown,False,D:无证据,,Unknown,False,D:无证据,,Unknown,False,D:无证据,,含外卖,False,B:外卖字段,1,Unknown,D,荥阳市,建业购物广场,口味:3.5 环境:3.5 服务:3.5,1,1,,0,素肠卷_蟹排_烧饼_方便面_豆干_卷心菜串_培根,,
l7pMgchpVAltIBEO,炸鸡炸货铺(商业街店),Unknown,False,D:无证据,,鸡排+鸡架/锁骨/叉骨,True,A:菜品直接证据,鸡腿;鸡排;鸡叉骨;鸡块,Unknown,False,D:无证据,,酱香+酸甜,True,A:菜品直接证据,黑胡椒;奥尔良;甘梅,含团购,False,B:团购字段,1,30-50,A,荥阳市,建业购物广场,,,,1,0,炸鲜奶_炸玉米串_鸡肉洋葱卷_雪花鸡排_薯塔_甘梅薯条_奥尔良鸡肉串_炸薯条_牙签肉_炸鳕鱼排,,
G1NZ75eHk6YDlIkr,娜姐炸串(尚炉新家园店),Unknown,False,D:无证据,,整鸡/大单品,True,A:菜品直接证据,大鸡;鸡排,Unknown,False,D:无证据,,Unknown,False,D:无证据,,Unknown,False,D:无证据,,10-15,A,荥阳市,建业购物广场,口味:3.4 环境:3.4 服务:3.4,1,,,0,,,
G2HQGDdQdmqndS1v,蒋姐东北炸串,地方特色,False,C:店名推断,东北,整鸡/大单品+鸡排,True,A:菜品直接证据,大鸡;鸡排,Unknown,False,D:无证据,,Unknown,False,D:无证据,,含团购,False,B:团购字段,1,<10,A,荥阳市,建业购物广场,,,,1,0,里脊排_手工大鸡排_圆白菜,,
iyzRBfcvdFhYRHw4,手撕烤鸭,Unknown,False,D:无证据,,Unknown,False,D:无证据,,Unknown,False,D:无证据,,Unknown,False,D:无证据,,堂食+外卖+团购,False,B:多字段组合,外卖:1/团购:1,15-20,A,荥阳市,建业购物广场,口味:3.5 环境:3.5 服务:3.5,4,1,1,0,整只手撕烤鸭,,
H4461JsL0p32rc0d,麻辣香豆腐串(妇幼保健院店),Unknown,False,D:无证据,,Unknown,False,D:无证据,,Unknown,False,D:无证据,,香辣,False,C:店名推断,麻辣,含外卖,False,B:外卖字段,1,Unknown,D,荥阳市,建业购物广场,,,1,,0,豆腐竹_达利园乳酸菌_鱼豆腐,,
l1y2ws2yKPLfZ9KY,王记雪花酪炸鸡清补凉紫砂烤梨(京城大街店),中式,True,A:菜品直接证据,古法;韩式;原味鸡,整鸡/大单品+鸡腿+鸡排+鸡块/鸡米花/鸡柳,True,A:菜品直接证据,大鸡;鸡腿;鸡排;鸡块,Unknown,False,D:无证据,,原味,True,A:菜品直接证据,原味;芝士,堂食+外卖+团购,False,B:多字段组合,外卖:1/团购:1,<10,A,荥阳市,建业购物广场,口味:3.5 环境:3.5 服务:3.5,3,1,1,0,冰奶_韩式烤肠米饭_芝士奶香牛肉堡_古法黄桃烤梨_莲子粥_招牌蜜豆双皮奶_韩式鸡柳米饭_元气鸡排_大鸡腿肉汉堡_鲜虾堡,,
FGBdsIoEdkdwOm7f,小刘炸鸡(新华书店家属院店),Unknown,False,D:无证据,,鸡腿+鸡架/锁骨/叉骨,True,A:菜品直接证据,鸡腿;鸡叉骨,Unknown,False,D:无证据,,Unknown,False,D:无证据,,Unknown,False,D:无证据,,10-15,A,管城回族区,康桥商务广场,口味:4.0 环境:3.9 服务:4.0,14,,,0,美味鸡腿肉_暖心鸡叉骨_肉类拼盘,,
k1M0Q3ljLiGbxgqP,麦瑞乐.汉堡.炸鸡(城东路实验小学店),中式,False,A:菜品直接证据,香酥鸡,整鸡/大单品+鸡翅,True,A:菜品直接证据,全鸡;鸡腿;翅尖;鸡柳,裹粉炸,False,A:菜品直接证据,脆皮,原味,True,A:菜品直接证据,香酥;孜然;蜜汁,堂食+外卖+团购,False,B:多字段组合,外卖:1/团购:1,15-20,A,管城回族区,康桥商务广场,口味:3.6 环境:3.6 服务:3.6,5,1,1,0,纯牛肉汉堡_布丁酥_藤椒翅尖_开心拿铁_芋泥椰椰_燕麦奶茶_蜜汁烤全鸡_果珍_黄金脆皮鸡,,
H31fbuckGTc7J4Gx,鸡公子御膳叉骨(保健街店),中式,False,C:品牌映射,brand:御膳,鸡腿+鸡排+鸡块/鸡米花/鸡柳,True,C:品牌映射,brand:御膳,生炸/现炸,False,C:品牌映射,brand:御膳,椒盐,False,C:品牌映射,brand:御膳,档口/摊位,False,C:品牌映射,brand:御膳,10-15,A,新郑市,庆都生活广场,,,1,,0,龙骨脆特惠_龙骨脆_炸烧饼_无骨鸡柳_炸手枪腿块_特色鸡腿肉_大薯条_自制大脸鸡排_炸排腿块_炸饼炸串,,
l4tACmptFSLIVyMG,疯狂烤鸡(凌云路店),Unknown,False,D:无证据,,整鸡/大单品,False,C:店名推断,烤鸡,烤炸复合,False,C:店名推断,烤鸡,Unknown,False,D:无证据,,含外卖,False,B:外卖字段,1,10-15,A,管城回族区,康桥商务广场,,,1,,0,留香肉串,,
G5XwRBoLuhipIdHe,小马炸鸡(商城路店),中式,False,C:品牌映射,brand:小马,鸡腿,False,C:品牌映射,brand:小马,生炸/现炸,False,C:品牌映射,brand:小马,原味,False,C:品牌映射,brand:小马,档口/摊位,False,C:品牌映射,brand:小马,15-20,A,管城回族区,康桥商务广场,口味:3.8 环境:3.8 服务:3.8,4,1,,0,,,
k196TaljB7nGe51G,东北炸鸡,地方特色,False,C:店名推断,东北,鸡腿,False,A:菜品直接证据,鸡腿,Unknown,False,D:无证据,,原味,False,A:菜品直接证据,香酥,Unknown,False,D:无证据,,Unknown,D,管城回族区,康桥商务广场,口味:3.5 环境:3.4 服务:3.5,3,,,0,,,
l6CDEPamgfUeEi60,炸鸡皇后(紫荆店),Unknown,False,D:无证据,,鸡腿+鸡排+鸡架/锁骨/叉骨,True,A:菜品直接证据,鸡腿;鸡排;鸡架;鸡柳,Unknown,False,D:无证据,,香辣,True,A:菜品直接证据,香辣;孜然;甘梅,含外卖,False,B:外卖字段,1,15-20,A,管城回族区,康桥商务广场,口味:3.5 环境:3.5 服务:3.5,4,1,,0,鸡架_土耳其肉串_锅巴土豆_鸡腿堡薯条饮料_黄金七虾堡_墨西哥鸡肉卷_秘制鸡腿堡_黄金脆柳_一品小叉骨_甘梅鸡排,,
H7TwzYlWHW8X1Onm,叫了只炸鸡(南仓街店),中式,False,C:品牌映射,brand:叫了只,鸡排+鸡架/锁骨/叉骨,True,C:品牌映射,brand:叫了只,生炸/现炸,False,C:品牌映射,brand:叫了只,原味,False,C:品牌映射,brand:叫了只,外卖型,False,C:品牌映射,brand:叫了只,20-30,A,管城回族区,康桥商务广场,,1,,1,0,神奇的鸡_香辣鸡排堡_叉骨,,
H5Whc5pujulUgC53,朴东杰黄油芝士炸鸡,韩式,False,C:品牌映射,brand:朴东杰,鸡翅,False,C:品牌映射,brand:朴东杰,裹粉炸,False,C:品牌映射,brand:朴东杰,黄油芝士,False,C:品牌映射,brand:朴东杰,堂食+外带,False,C:品牌映射,brand:朴东杰,Unknown,D,管城回族区,康桥商务广场,,1,1,,0,,,
l8gVFdHKgMhKOzSa,南仓街炸鸡,美式/西式,False,A:菜品直接证据,美式,整鸡/大单品+鸡腿+鸡翅+鸡架/锁骨/叉骨,True,A:菜品直接证据,大鸡;鸡腿;鸡翅;鸡架;鸡皮,裹粉炸,True,A:菜品直接证据,酥炸;现做,原味+香辣,True,A:菜品直接证据,香酥;麻辣,堂食+外卖+团购,False,B:多字段组合,外卖:1/团购:1,20-30,A,管城回族区,康桥商务广场,口味:4.2 环境:4.1 服务:4.1,167,1,1,0,煎蛋鸡肉三明治_厚煎鸡扒三明治_板烧现做鸡扒三明治_美式炸翅根_酥炸大鸡架_全翅群飞_美式炸全翅_香酥琵琶腿_无骨炸腿排_辣堡,,
HaJKrLIEqNVLapue,郑鱿味炸串工场(城南路店),地方特色,False,A:菜品直接证据,东北,鸡排+鸡架/锁骨/叉骨+鸡脖/其他部位,True,A:菜品直接证据,鸡排;鸡架;鸡皮,Unknown,False,D:无证据,,Unknown,False,D:无证据,,堂食+外卖+团购,False,B:多字段组合,外卖:1/团购:1,30-50,A,管城回族区,康桥商务广场,口味:4.0 环境:3.8 服务:3.9,37,1,1,0,葱爆肥肠_滋滋小鸡皮_炸大面筋串_东北喷醋鸡架_尖椒_哼哼猪里脊_鲜嫩掌中宝_嘟嘟鱼豆腐_豆皮金针菇_小鸡排,,
iFZJwLsN9AgtnyZ6,梨泰院韩式炸鸡·全鸡汉堡·炸串(长城康桥花园店),韩式,False,A:菜品直接证据,韩式,鸡腿+鸡翅+鸡块/鸡米花/鸡柳,True,A:菜品直接证据,鸡腿;鸡翅;鸡排;鸡块,Unknown,False,D:无证据,,香辣,False,A:菜品直接证据,香辣,含外卖,False,B:外卖字段,1,Unknown,D,管城回族区,康桥商务广场,,5,1,,0,香甜红薯丸子_笑脸脆薯_神奇的鸡_燃辣鸡肉条_嫩脆多汁鸡翅中_黄金鸡块_大福_秘制无骨鸡块_嫩脆小鸡腿_藤椒翅尖丨麻辣鲜香,,
Ga5AsYpuS17S0MG6,HONEYBOY韩式炸鸡·火鸡面(郑州店),韩式,False,C:店名推断,韩式,Unknown,False,D:无证据,,Unknown,False,D:无证据,,Unknown,False,D:无证据,,含外卖,False,B:外卖字段,1,Unknown,D,管城回族区,康桥商务广场,,,1,,0,,,
l9NNa1X9HfDexrvp,德丰炸鸡(凤凰路店),Unknown,False,D:无证据,,鸡腿,True,A:菜品直接证据,鸡腿;翅中;鸡排;鸡叉骨;鸡米花,Unknown,False,D:无证据,,Unknown,False,D:无证据,,含外卖,False,B:外卖字段,1,Unknown,D,管城回族区,康桥商务广场,口味:3.5 环境:3.5 服务:3.6,6,1,,0,翅中_薯条_七虾堡_深海鳕鱼汉堡,,
H2mYeWlRRt545sF3,文轩给力炸鸡汉堡,Unknown,False,D:无证据,,鸡排+鸡块/鸡米花/鸡柳,True,A:菜品直接证据,鸡排;鸡柳,Unknown,False,D:无证据,,Unknown,False,D:无证据,,含团购,False,B:团购字段,1,10-15,A,中原区,西元国际广场,,,,1,0,大脸鸡排_牛肉堡_玉米布丁_炸鸡柳_紫薯豌豆丸子_鳕鱼堡,,
k88n4e9iMmOW1R5e,鸡装箱炸鸡,Unknown,False,D:无证据,,Unknown,False,D:无证据,,Unknown,False,D:无证据,,Unknown,False,D:无证据,,Unknown,False,D:无证据,,Unknown,D,中原区,西元国际广场,口味:3.4 环境:3.4 服务:3.4,2,,,0,,,
H9xHHLXUjxQ2rPRq,新圣客炸鸡炸鱼(园田路店),Unknown,False,D:无证据,,鸡腿,True,A:菜品直接证据,鸡腿;鸡米花,Unknown,False,D:无证据,,Unknown,False,D:无证据,,含外卖,False,B:外卖字段,1,Unknown,D,金水区,财院/轻工业学院,口味:3.4 环境:3.4 服务:3.4,1,1,,0,小焦鱼_小鸡腿_黄花鱼,,
H5ephN9JraWo3Aaw,御膳叉骨(双铺路店),中式,False,C:品牌映射,brand:御膳,鸡排+鸡架/锁骨/叉骨+鸡块/鸡米花/鸡柳,True,C:品牌映射,brand:御膳,生炸/现炸,False,C:品牌映射,brand:御膳,原味+香辣,True,C:品牌映射,brand:御膳,档口/摊位,False,C:品牌映射,brand:御膳,10-15,A,金水区,财院/轻工业学院,口味:3.7 环境:3.7 服务:3.7,8,1,1,0,香辣鸡排_三拼炸蘑菇_原味鸡块_御膳叉骨_牙签肉_玉米如意棒_招牌鸡锁骨_鸡肉洋葱圈,,
F3niF2iwAo0GZ4Fq,工人路炸鸡(园田路店),Unknown,False,D:无证据,,鸡腿,True,A:菜品直接证据,鸡腿;鸡翅;鸡米花,Unknown,False,D:无证据,,香辣+甜辣+孜然+酸甜,True,A:菜品直接证据,香辣;蜂蜜;孜然;番茄,堂食+外卖+团购,False,B:多字段组合,外卖:1/团购:1,20-30,A,金水区,财院/轻工业学院,口味:3.3 环境:3.3 服务:3.3,19,1,1,0,红豆派_蜂蜜柚子茶热饮_孜然香辣包_菠萝派_大薯条,,
l5HvEuu0Eg0DgmZG,临榆炸鸡腿(郑州轻工业大学店),中式,False,C:品牌映射,brand:临榆,鸡腿,False,"C:店名推断(修正,优先于品牌映射)",brand:临榆,腌炸,False,C:品牌映射,brand:临榆,原味,False,C:品牌映射,brand:临榆,档口/摊位,False,C:品牌映射,brand:临榆,Unknown,D,金水区,财院/轻工业学院,,,1,,0,,鸡排,brand_product_conflict
G56IO6KMAH7wWQua,布袋馍炸串,Unknown,False,D:无证据,,Unknown,False,D:无证据,,裹粉炸,False,A:菜品直接证据,脆皮,Unknown,False,D:无证据,,含外卖,False,B:外卖字段,1,15-20,A,金水区,财院/轻工业学院,口味:3.5 环境:3.5 服务:3.5,3,1,,0,素鸡肠_海带_韭菜_娃娃菜_线椒_火龙串_大骨肉相连_油麦菜_西葫芦_金针菇,,
G6NZTo1tvWxvgvQo,真鱿味·铁板烤串炸串(丰庆路店),Unknown,False,D:无证据,,整鸡/大单品,True,A:菜品直接证据,烤鸡;鸡翅;鸡排,裹粉炸,True,A:菜品直接证据,脆皮;烤鸡,酱香,False,A:菜品直接证据,奥尔良,堂食+外卖+团购,False,B:多字段组合,外卖:1/团购:1,20-30,A,金水区,财院/轻工业学院,口味:4.0 环境:3.9 服务:4.0,44,1,1,0,黄金鸡排饭_爽弹鱿鱼饼_手打香肠饼_爆烧土豆片_土耳其烤肉饼_鲜嫩肉菇饼_秘制肉莲饼_脆皮淀粉肠_嫩香小馒头_炭烤腊肠,,
H7zVeqeofgocCpAU,喜胡同鲜炸鸡(文劳路店),Unknown,False,D:无证据,,鸡腿+鸡排+鸡架/锁骨/叉骨+鸡块/鸡米花/鸡柳,True,A:菜品直接证据,鸡腿;鸡排;鸡叉骨;鸡米花,裹粉炸,False,A:菜品直接证据,酥炸,Unknown,False,D:无证据,,堂食+外卖+团购,False,B:多字段组合,外卖:1/团购:1,20-30,A,金水区,财院/轻工业学院,口味:3.8 环境:3.8 服务:3.9,238,1,1,0,手工无骨鸡块_酥炸小鸡腿_焦香鸡叉骨_炸白玉菇_炸鸡叉骨_纯肉鸡排_满口香鸡米花_手工脆香鸡柳_招牌鸡腿汉堡_招牌鸡排汉堡,,
G4rOzDWwB5cMlLA4,上京城中国鸡排(东风路店),中式,True,A:菜品直接证据,香酥鸡;重庆,整鸡/大单品+鸡腿+鸡架/锁骨/叉骨+鸡块/鸡米花/鸡柳,True,A:菜品直接证据,香酥鸡;鸡腿;鸡排;鸡架;鸡米花,生炸/现炸,False,A:菜品直接证据,生炸,原味+香辣+甜辣,True,A:菜品直接证据,香酥;辣;芝士;甘梅,堂食+外卖+团购,False,B:多字段组合,外卖:1/团购:1,10-15,A,金水区,财院/轻工业学院,口味:4.0 环境:4.0 服务:4.0,99,1,1,7,老重庆肉沫酸辣粉_青椒猪肉串_黄金玉米粒_藤椒鸡腿肉串_淄博卷饼_香酥鸡柳_梅梅山楂_生炸鸡架_藤椒鸡腿肉_拉丝芝士棒,,
G1qY59Jyn3Wxj8Bo,大脸哥鸡排(轻工学院北门店),韩式,True,A:菜品直接证据,韩式;原味鸡,鸡腿+鸡排+鸡块/鸡米花/鸡柳,True,A:菜品直接证据,鸡腿;鸡排;鸡块,Unknown,False,D:无证据,,原味+香辣+甜辣+椒盐,True,A:菜品直接证据,原味;辣;蒜香;甜辣;椒盐;孜然;黑胡椒;番茄;芥末,含团购,False,B:团购字段,1,10-15,A,金水区,财院/轻工业学院,口味:3.8 环境:3.7 服务:3.8,1292,,1,0,甜辣味鸡排_变态辣鸡排_椒盐味鸡排_鸡腿堡_原味鸡排_咖喱味鸡排_大脸爱心鸡块_大脸薯条_大脸盐酥鸡_大脸地瓜条,,
H1pmzJj0L6mPKGec,韩国炸鸡,韩式,False,C:店名推断,韩国炸鸡,Unknown,False,D:无证据,,Unknown,False,D:无证据,,Unknown,False,D:无证据,,Unknown,False,D:无证据,,Unknown,D,金水区,财院/轻工业学院,,,,,0,,,
ka3Bn5yN1g9mU4XG,延庆观炸鸡(轻院店),中式,False,C:品牌映射,brand:延庆观,鸡翅+鸡架/锁骨/叉骨+鸡块/鸡米花/鸡柳,True,C:品牌映射,brand:延庆观,卤炸,False,C:品牌映射,brand:延庆观,原味,False,C:品牌映射,brand:延庆观,档口/摊位,False,C:品牌映射,brand:延庆观,15-20,A,金水区,财院/轻工业学院,口味:4.0 环境:4.0 服务:4.0,1569,1,1,0,延庆观炸翅中_延庆观炸翅根_劲爆鸡米花_薯条_秘制炸鸡叉骨_牙签肉_孜然鸡柳_黄金全翅_翅根_鸡翅根鸡米花,,
FBBvPsQRLbFAAtJc,现炸鸡排,Unknown,False,D:无证据,,鸡排,False,C:店名推断,鸡排,生炸/现炸,False,C:店名推断,现炸,Unknown,False,D:无证据,,含外卖,False,B:外卖字段,1,Unknown,D,金水区,财院/轻工业学院,,2,1,,0,,,
G4dGqtNzQWAQXtEH,熊家无二·韩式炸鸡(轻工业学院店),韩式,False,C:品牌映射,brand:熊家,鸡翅,False,C:品牌映射,brand:熊家,裹粉炸,False,C:品牌映射,brand:熊家,甜辣+孜然,True,C:品牌映射,brand:熊家,外卖型,False,C:品牌映射,brand:熊家,15-20,A,金水区,财院/轻工业学院,口味:3.8 环境:3.8 服务:3.8,28,1,1,1,西域孜然粉_炸鸡小份装_韩式鸡肉卷_无骨腿肉_摇摇薯_全鸡_芝士球,,
l2BDdxhKOtz0wCBE,POTATO BOX CLUB卷卷薯条炸鸡(瀚海海尚店),美式/西式,True,A:菜品直接证据,美式炸鸡;泰式;三合一,鸡排,True,A:菜品直接证据,鸡排;鸡米花,裹粉炸,True,A:菜品直接证据,脆皮;现炸,甜辣,False,A:菜品直接证据,芝士,堂食+外卖+团购,False,B:多字段组合,外卖:1/团购:1,15-20,A,金水区,财院/轻工业学院,口味:4.4 环境:4.4 服务:4.4,302,1,1,0,鸡肉盒子拼盘_美式炸鸡排_奥克兰芝士牛肉堡_华人街酥炸香菇_招牌薯条年糕山药三合一_薯条全家桶_黄金芝士球_新鲜现切薯片_泰式脆皮山药片,,
k1mLGI8iVNiDiWmq,韩国炸鸡啤酒屋,韩式,False,C:店名推断,韩国炸鸡,Unknown,False,D:无证据,,Unknown,False,D:无证据,,Unknown,False,D:无证据,,含外卖,False,B:外卖字段,1,20-30,A,中牟县,豫康新城,,,1,,0,,,
k758pQEbJvD9Z3gV,多美士炸鸡汉堡店(营河社区店),美式/西式,False,C:品牌映射,brand:多美士,鸡排,False,C:品牌映射,brand:多美士,裹粉炸,False,C:品牌映射,brand:多美士,原味,False,C:品牌映射,brand:多美士,外卖型,False,C:品牌映射,brand:多美士,15-20,A,中牟县,豫康新城,,1,1,,0,田园香蔬堡_玉米杯_蛋挞_红豆派_汉堡三兄弟_香芋派_蜜汁烤鸡_蟹黄堡_海苔洋葱圈_鲜虾堡,,
H2xNewtjtns6xHtm,轰炸大鱿鱼(亚细亚卓悦城店),Unknown,False,D:无证据,,Unknown,False,D:无证据,,Unknown,False,D:无证据,,Unknown,False,D:无证据,,Unknown,False,D:无证据,,10-15,A,二七区,西大街,口味:3.5 环境:3.5 服务:3.5,1,,,0,鱿鱼手把串,,
FDmrPFfrgseBO4Ri,POTATOBOXCLUB卷卷薯条炸鸡店(大卫城光彩店),美式/西式,True,A:菜品直接证据,美式炸鸡;三合一,鸡排+鸡块/鸡米花/鸡柳,True,A:菜品直接证据,鸡腿;鸡排;鸡米花,裹粉炸,True,A:菜品直接证据,酥炸;现炸,香辣+甜辣,True,A:菜品直接证据,香辣;芝士;奥尔良,堂食+外卖+团购,False,B:多字段组合,外卖:1/团购:1,10-15,A,二七区,西大街,口味:4.3 环境:4.2 服务:4.4,968,1,1,0,华尔道夫香辣鸡排_爆汁鸡米花_爆汁双层猪排堡_美式炸鸡排_零度可口可乐_新鲜现切薯片_招牌薯条年糕山药三合一_尔湾锅巴小土豆_炸芝士球_尼泊尔土豆泥三角,,
H1yVrwgmAdOFksRo,胡夫炸串,中式,False,C:品牌映射,brand:胡夫,鸡架/锁骨/叉骨,False,C:品牌映射,brand:胡夫,生炸/现炸,False,C:品牌映射,brand:胡夫,香辣,False,C:品牌映射,brand:胡夫,档口/摊位,False,C:品牌映射,brand:胡夫,15-20,A,二七区,西大街,口味:3.4 环境:3.4 服务:3.4,1,,,0,,,
l5oR74aKg8yjt6bM,小陈叉骨炸鸡(四方集市店),中式,True,A:菜品直接证据,香酥鸡;韩式,整鸡/大单品+鸡架/锁骨/叉骨+鸡块/鸡米花/鸡柳,True,A:菜品直接证据,脆皮鸡;翅根;鸡排;鸡叉骨;鸡米花,裹粉炸,False,A:菜品直接证据,脆皮,原味,True,A:菜品直接证据,香酥;番茄,堂食+外卖+团购,False,B:多字段组合,外卖:1/团购:1,15-20,A,二七区,西大街,口味:3.7 环境:3.7 服务:3.7,28,1,1,0,秘制无骨鸡块_招牌脆骨鸡肉块_脆皮鸡米花_雪花鸡柳_鸡肉洋葱圈_招牌叉骨_韩式年糕_招牌脆骨鸡块_招牌鸡叉_统一红茶,,
E97woBhevncplqts,清真秋峰炸串,中式,True,A:菜品直接证据,香酥鸡;韩式,鸡排+鸡块/鸡米花/鸡柳,True,A:菜品直接证据,香酥鸡;鸡腿;鸡翅;鸡排;鸡叉骨;鸡块;鸡心,Unknown,False,D:无证据,,原味,True,A:菜品直接证据,香酥;黑椒;奥尔良,堂食+外卖+团购,False,B:多字段组合,外卖:1/团购:1,10-15,A,二七区,西大街,口味:3.7 环境:3.7 服务:3.7,13,1,1,0,健力宝汽水_黑椒鸡块_藤椒大脸鸡排_多汁枫叶鸡排_黄金饼_鱼豆腐_韩式炸鸡单人_平菇串_蟹排串_香奶小馒头,,
H1nLzxTI65VetX6D,鸡柳先生鸡柳薯条年糕,Unknown,False,D:无证据,,鸡块/鸡米花/鸡柳,False,C:店名推断,鸡柳,Unknown,False,D:无证据,,Unknown,False,D:无证据,,Unknown,False,D:无证据,,Unknown,D,二七区,西大街,,,,,0,,,
G1Jp25GkI2H42KvF,豹头虎二爆汁鸡锁骨,Unknown,False,D:无证据,,鸡排+鸡架/锁骨/叉骨,True,A:菜品直接证据,鸡腿;鸡排;鸡架;鸡米花,Unknown,False,D:无证据,,原味,True,A:菜品直接证据,香酥;蜜汁,堂食+外卖+团购,False,B:多字段组合,外卖:1/团购:1,<10,A,二七区,西大街,口味:3.8 环境:3.8 服务:4.0,23,1,1,0,招牌爆汁鸡锁骨_鸡排,,
l6VAp8Ba1FMVLzRZ,长青巷桥头排骨(二七塔店),Unknown,False,D:无证据,,Unknown,False,D:无证据,,Unknown,False,D:无证据,,Unknown,False,D:无证据,,堂食+外卖+团购,False,B:多字段组合,外卖:1/团购:1,15-20,A,二七区,火车站/二七广场,口味:3.6 环境:3.6 服务:3.6,15,1,1,0,秘制肉条_薯片炸鸡,,
l2yvLKy91zP2dc14,满巍明生炸鸡架(亚细亚卓悦城店),中式,False,C:品牌映射,brand:满巍明,整鸡/大单品+鸡腿+鸡架/锁骨/叉骨+鸡脖/其他部位,True,C:品牌映射,brand:满巍明,生炸/现炸,False,C:品牌映射,brand:满巍明,香辣,False,C:品牌映射,brand:满巍明,档口/摊位,False,C:品牌映射,brand:满巍明,15-20,A,二七区,西大街,口味:4.0 环境:4.0 服务:3.8,53,1,1,19,生炸鸡架_脆皮小鸡腿_芝香藕条_椒盐架豆王_轰炸大鸡腿_生椰鸡腱_超级鸡叉骨_生椰拿铁鸡脖_生椰拿铁鸡腱腿_生椰拿铁鸡肋条,,
iiOtQSqbgivUQGxt,福前小酥肉(亚细亚卓悦城店),Unknown,False,D:无证据,,Unknown,False,D:无证据,,Unknown,False,D:无证据,,Unknown,False,D:无证据,,堂食+外卖+团购,False,B:多字段组合,外卖:1/团购:1,15-20,A,二七区,西大街,口味:3.6 环境:3.6 服务:3.5,38,1,1,0,,,
H2m9L52xYemGcAXM,囧小仙卤烤官(亚细亚卓悦城店),Unknown,False,D:无证据,,Unknown,False,D:无证据,,Unknown,False,D:无证据,,Unknown,False,D:无证据,,含团购,False,B:团购字段,1,10-15,A,二七区,西大街,口味:3.5 环境:3.5 服务:3.5,6,,1,0,豫东小山羊肉串_铁板烤鱿鱼_五香酱肉热干面_烤猪脚,,
H8mpOiNmacoIEpel,鸡柳大人(亚细亚卓悦城店),中式,False,C:品牌映射,brand:鸡柳大人,鸡块/鸡米花/鸡柳,False,C:品牌映射,brand:鸡柳大人,生炸/现炸,False,C:品牌映射,brand:鸡柳大人,椒盐,False,C:品牌映射,brand:鸡柳大人,档口/摊位,False,C:品牌映射,brand:鸡柳大人,15-20,A,二七区,西大街,口味:3.9 环境:4.0 服务:4.0,161,1,1,36,招牌三合一_空气年糕_超值薯条_香酥鸡烤饼,,
G4QmW8Dd8XsEA5ev,花彪烤串炸鸡腿,Unknown,False,D:无证据,,整鸡/大单品+鸡排+鸡架/锁骨/叉骨,True,A:菜品直接证据,大鸡;鸡腿;鸡排;鸡架,生炸/现炸,False,A:菜品直接证据,生炸,酸甜,False,A:菜品直接证据,甘梅,含团购,False,B:团购字段,1,15-20,A,二七区,西大街,口味:4.0 环境:4.0 服务:4.0,87,,1,0,比脸大鸡排_多肉大鸡架_招牌烤五花_火爆淀粉肠_透骨香伴翅_生炸大鸡架_干炸杏鲍菇,,
k78z85xy33d3AB5X,德丰炸鸡,Unknown,False,D:无证据,,鸡腿+鸡翅+鸡架/锁骨/叉骨+鸡块/鸡米花/鸡柳,True,A:菜品直接证据,嫩鸡;鸡腿;翅中;鸡排;鸡叉骨;鸡米花,Unknown,False,D:无证据,,香辣,True,A:菜品直接证据,香辣;奥尔良,含外卖,False,B:外卖字段,1,10-15,A,中原区,西元国际广场,口味:3.8 环境:3.7 服务:3.7,21,1,,0,鸡根_香辣腿堡_辣味炸全翅_香辣大翅根_蟹黄堡_鳕鱼堡_御膳叉骨_双层超级鸡腿堡_香脆多汁鸡米花_翅中,,
G3SZIimQC1X0du09,延庆观炸鸡(郑州锦艺城店),中式,False,C:品牌映射,brand:延庆观,鸡翅+鸡架/锁骨/叉骨,True,C:品牌映射,brand:延庆观,卤炸,False,C:品牌映射,brand:延庆观,原味,False,C:品牌映射,brand:延庆观,档口/摊位,False,C:品牌映射,brand:延庆观,20-30,A,中原区,西元国际广场,口味:3.7 环境:3.7 服务:3.8,15,1,1,0,经典牙签肉_鸡全翅_牙签肉鸡叉骨两掺_红星二锅头,,
H6RgaiOqArtNxsMH,御膳叉骨炸鸡炸鱼,中式,False,C:品牌映射,brand:御膳,鸡腿+鸡架/锁骨/叉骨,True,C:品牌映射,brand:御膳,生炸/现炸,False,C:品牌映射,brand:御膳,椒盐,False,C:品牌映射,brand:御膳,档口/摊位,False,C:品牌映射,brand:御膳,<10,A,中原区,西元国际广场,,4,1,1,0,招牌鸡叉骨_炸鸡腿_油炸小酥鱼_黄河大鲤鱼,,
l29Y5DSeLbaHNXwY,香葱大饼,Unknown,False,D:无证据,,鸡架/锁骨/叉骨,True,A:菜品直接证据,叉骨;鸡块,裹粉炸,False,A:菜品直接证据,脆皮,椒盐,True,A:菜品直接证据,椒盐;酱香,含外卖,False,B:外卖字段,1,<10,A,中原区,西元国际广场,,,1,,0,老豆腐炖鸭血_海带炖面筋_精品大虾_龙利鱼_凤尾鱼_粉蒸时蔬_手工丸子_脆皮茄子_椒盐香菇_鲜肉莲夹,,
H77KIYFuKNZhz7xf,烧饼炸串(新禧园店),Unknown,False,D:无证据,,鸡翅+鸡排,True,A:菜品直接证据,鸡翅;鸡排,Unknown,False,D:无证据,,Unknown,False,D:无证据,,含团购,False,B:团购字段,1,10-15,A,中原区,西元国际广场,,,,1,0,素鸡翅_小烤肠_炸烧饼切块_素豆肠_幸运星鸡排,,
H83AcxJaqkLmAyCD,小马炸鸡(前进路店),中式,False,C:品牌映射,brand:小马,鸡腿,False,C:品牌映射,brand:小马,生炸/现炸,False,C:品牌映射,brand:小马,原味,False,C:品牌映射,brand:小马,档口/摊位,False,C:品牌映射,brand:小马,15-20,A,中原区,西元国际广场,口味:3.8 环境:3.7 服务:3.8,25,1,,0,,,
G7MoI1N7pqIM8apX,木木炸鸡(前进路店),Unknown,False,D:无证据,,Unknown,False,D:无证据,,Unknown,False,D:无证据,,Unknown,False,D:无证据,,Unknown,False,D:无证据,,Unknown,D,中原区,西元国际广场,,,,,0,,,
k3awYNuKhLET53LI,空空烧饼炸串(中原店),韩式,False,C:品牌映射,brand:空空,鸡块/鸡米花/鸡柳,False,C:品牌映射,brand:空空,裹粉炸,False,C:品牌映射,brand:空空,甜辣,False,C:品牌映射,brand:空空,外卖型,False,C:品牌映射,brand:空空,Unknown,D,中原区,西元国际广场,,1,,1,0,玉米_鱼籽烧_干蒸_炸素肠_鱿鱼腰花肠_香炸鸡肉串_竹叶青矿泉水_西兰花_平菇_黑椒肉肠,,
iiQASybhTWzTR0G2,王小然路边炸鸡(西亚斯店),中式,True,A:菜品直接证据,香酥鸡;三合一,整鸡/大单品+鸡腿+鸡翅+鸡块/鸡米花/鸡柳,True,A:菜品直接证据,香酥鸡;鸡腿;鸡翅;鸡叉骨;鸡块,裹粉炸,False,A:菜品直接证据,脆皮,原味,True,A:菜品直接证据,香酥;麻辣;椒盐;甘梅,堂食+外卖+团购,False,B:多字段组合,外卖:1/团购:1,20-30,A,新郑市,西亚斯大学,口味:3.9 环境:3.9 服务:3.9,121,1,1,0,香酥鸡翅根_香酥小鸡腿_自选炸鸡_招牌瓦罐鸡米饭_香酥琵琶腿_炸馍干_三合一_香酥鸡翅中_五香卤蛋_卡布奇诺奶茶,,
FU6qx2TJ1RGqt5f6,老西郊鲜炸鸡(中铁·泰和里店),中式,False,A:菜品直接证据,老味,整鸡/大单品+鸡腿+鸡翅+鸡架/锁骨/叉骨,True,A:菜品直接证据,全鸡;鸡腿;鸡翅;鸡叉骨,生炸/现炸,False,C:店名推断,鲜炸,香辣+孜然,True,A:菜品直接证据,香辣;孜然;甘梅,堂食+外卖+团购,False,B:多字段组合,外卖:1/团购:1,10-15,A,二七区,郑铁体育中心,口味:3.7 环境:3.7 服务:3.7,22,1,1,0,老西郊广场大鸡腿_老味鸡叉骨_洋葱圈_特色爆浆豆腐_黄金全鸡_青花椒香骨鸡_孜然香辣包_薯条_老西郊鸡翅根_招牌小鸡腿,,
l92YsG1ObDrvaoi9,延庆观炸鸡(京广路店),中式,False,C:品牌映射,brand:延庆观,鸡腿+鸡架/锁骨/叉骨+鸡块/鸡米花/鸡柳,True,C:品牌映射,brand:延庆观,卤炸,False,C:品牌映射,brand:延庆观,原味,False,C:品牌映射,brand:延庆观,档口/摊位,False,C:品牌映射,brand:延庆观,20-30,A,二七区,郑铁体育中心,口味:4.0 环境:4.0 服务:4.0,268,1,1,0,黄金龙骨脆_秘制鸡叉骨_带骨鸡块_至珍七虾堡_蟹黄堡_藤椒鸡腿堡_鸡米花牙签肉两掺_至尊双层牛肉堡_田园脆鸡堡_深海鳕鱼堡,,
l9wOsXa5PoB5ONUV,爆掌柜生炸鸡架(永安街店),中式,False,C:品牌映射,brand:爆掌柜,鸡翅+鸡架/锁骨/叉骨+鸡块/鸡米花/鸡柳+鸡脖/其他部位,True,C:品牌映射,brand:爆掌柜,生炸/现炸,False,C:品牌映射,brand:爆掌柜,香辣+酱香,True,C:品牌映射,brand:爆掌柜,档口/摊位,False,C:品牌映射,brand:爆掌柜,10-15,A,二七区,郑铁体育中心,口味:4.0 环境:4.0 服务:4.0,57,1,1,11,生炸鸡心_生炸鸡胗_生炸蘑菇_生炸鸡叉骨_无骨鸡柳_五香里脊肉夹饼_咖喱鸡柳肉夹饼_奥尔良腿排夹饼_生炸麻辣翅尖_生炸三兄弟,,
H1Xrz9ibkyt67LwC,老陈鸭肠王(永安街店),Unknown,False,D:无证据,,鸡脖/其他部位,False,A:菜品直接证据,鸡皮,Unknown,False,D:无证据,,椒盐,True,A:菜品直接证据,椒盐;黑椒,含外卖,False,B:外卖字段,1,10-15,A,二七区,郑铁体育中心,口味:4.2 环境:4.0 服务:4.1,618,1,,0,鸡肉小串_臭豆腐_秘制黑椒大烤肠_烤五花肉串_牛肚串_奶香小馒头_酥香鸡皮串_玉米粒_康师傅茶饮_哈尔滨啤酒,,
Fp54oBzlU2Gf5L22,张记秘制炸排骨,Unknown,False,D:无证据,,鸡翅,False,A:菜品直接证据,鸡翅,Unknown,False,D:无证据,,Unknown,False,D:无证据,,含外卖,False,B:外卖字段,1,Unknown,D,二七区,郑铁体育中心,,,1,,0,生氽丸子汤_香炸薯条_炸蘑菇_扁粉菜_炸掌中宝_炸肉条_香炸鸡肉条_香炸鸡翅尖,,
iINP6ZPzqhML21TP,杨锦雯炸货铺,地方特色,False,A:菜品直接证据,东北,鸡排,True,A:菜品直接证据,鸡排;鸡架;鸡爪,裹粉炸,False,A:菜品直接证据,脆皮,香辣,True,A:菜品直接证据,麻辣;芝士,堂食+外卖+团购,False,B:多字段组合,外卖:1/团购:1,30-50,A,二七区,郑铁体育中心,口味:4.5 环境:4.5 服务:4.5,869,1,1,0,东北冻梨_牛肉_辣炒花甲_广味香肠串_挂糊茄子_红糖糍粑_麻辣虾尾_柠檬鸡爪_红油钵钵鸡_冰镇绿豆沙,,
k3oKnCW0M2fnUW2I,华莱士·炸鸡汉堡(政通店),Unknown,False,D:无证据,,鸡排+鸡块/鸡米花/鸡柳+鸡脖/其他部位,True,A:菜品直接证据,鸡排;鸡架;鸡米花;鸡脖,Unknown,False,D:无证据,,原味+香辣+孜然,True,A:菜品直接证据,香酥;香辣;孜然;黑椒;蜜汁,含团购,False,B:团购字段,1,15-20,A,二七区,郑铁体育中心,口味:3.7 环境:3.7 服务:3.5,78,,1,0,元气鸡排_咔滋脆鸡肉堡_卤辣辣大里脊肉串_华华馋嘴小食拼盘盒_延边风味香酥伴翅_爆爆爆汁杏鲍菇_江南白桃味0酒精气泡啤_香酥孜然鸡柳_嘶哈嘶哈藤椒鸡脖_沈阳卤辣,,
EeLdIfy9NoB2euTD,德丰炸鸡,Unknown,False,D:无证据,,Unknown,False,D:无证据,,Unknown,False,D:无证据,,Unknown,False,D:无证据,,Unknown,False,D:无证据,,Unknown,D,二七区,郑铁体育中心,,,,,0,,,
k4hlBeuXVpsdGGJ3,炸鸡铺子,Unknown,False,D:无证据,,Unknown,False,D:无证据,,Unknown,False,D:无证据,,Unknown,False,D:无证据,,档口/摊位,False,C:店名推断,铺子,Unknown,D,二七区,郑铁体育中心,,1,,,0,,,
l9ToXEgQE8nYCfa3,桂思妹炸串(永安街店),Unknown,False,D:无证据,,Unknown,False,D:无证据,,Unknown,False,D:无证据,,原味,True,A:菜品直接证据,经典;辣,含外卖,False,B:外卖字段,1,20-30,A,二七区,郑铁体育中心,口味:4.0 环境:4.0 服务:4.0,158,1,,0,经典里脊肉_豆腐皮香菜_大串面筋_黄糖绿豆沙_包浆豆腐_包菜_潮汕肉饼_油豆皮_大香肠_黄喉,,
k9cHLl6dlTvsz20k,刘婉婉生炸妙龄鸡(庆丰街店),中式,False,C:品牌映射,brand:刘婉婉,整鸡/大单品,False,C:品牌映射,brand:刘婉婉,生炸/现炸,False,C:品牌映射,brand:刘婉婉,原味,False,C:品牌映射,brand:刘婉婉,档口/摊位,False,C:品牌映射,brand:刘婉婉,<10,A,二七区,郑铁体育中心,口味:3.6 环境:3.6 服务:3.6,10,1,1,12,鸡背肉_无骨上腿肉_叉骨,,
l9gBgeYbYo2dYI8S,元掌门老式炸鸡(交通路店),中式,False,C:品牌映射,brand:元掌门,鸡翅+鸡架/锁骨/叉骨+鸡块/鸡米花/鸡柳+鸡脖/其他部位,True,C:品牌映射,brand:元掌门,生炸/现炸,False,C:品牌映射,brand:元掌门,香辣+蒜香,True,C:品牌映射,brand:元掌门,档口/摊位,False,C:品牌映射,brand:元掌门,20-30,A,二七区,郑铁体育中心,口味:3.6 环境:3.5 服务:3.5,4,1,1,0,鸡皮_秘制翅根_手工鲜鸡柳_麻辣鸡架_鲜肉鸡叉骨_老式鸡叉骨_焦香鸡胗_鸡肉棒_蒜香鸡翅_脆骨贝贝肉,,
HaHXvuwiha7rN5uQ,黎太院韩式炸鸡(政通路店),韩式,False,C:品牌映射,brand:黎太院,鸡腿+鸡翅+鸡块/鸡米花/鸡柳,True,C:品牌映射,brand:黎太院,裹粉炸,False,C:品牌映射,brand:黎太院,香辣+甜辣,True,C:品牌映射,brand:黎太院,堂食+外带,False,C:品牌映射,brand:黎太院,20-30,A,二七区,郑铁体育中心,口味:3.6 环境:3.6 服务:3.6,26,1,1,0,芝士热狗棒_秘制无骨鸡块_嫩脆多汁鸡翅中_嫩脆小鸡腿_奶香芝士酱_韩国进口果汁_爆辣韩式火鸡面_酥酥糯糯年糕_爆辣韩式火鸡面酥酥糯糯年糕_藤椒翅尖丨麻辣鲜香,,
l9MOfexxi4yn4fMV,Cheese韩川黄油芝士炸鸡,韩式,False,C:店名推断,芝士炸鸡,Unknown,False,D:无证据,,Unknown,False,D:无证据,,甜辣,False,C:店名推断,芝士,含外卖,False,B:外卖字段,1,Unknown,D,金水区,金水万达/蓝堡湾,,,1,,0,,,
jL2EXT3EeCYkTiDx,老韩煸鸡·中国炸鸡(郑州正弘城店),中式,False,C:店名推断,中国炸鸡,鸡腿+鸡翅+鸡架/锁骨/叉骨,True,A:菜品直接证据,鸡腿;翅根;叉骨;鸡块,煸制,False,A:菜品直接证据,煸,香辣,False,A:菜品直接证据,麻辣,堂食+外卖+团购,False,B:多字段组合,外卖:1/团购:1,20-30,A,金水区,金水万达/蓝堡湾,口味:4.1 环境:4.1 服务:4.0,270,1,1,4,干煸辣子鸭_酥脆藕条_茶活力_干煸功夫小排_干煸牙签肉_干煸多肉叉骨_片仔癀饮料_麻辣香干_新品干煸翅根_新品干煸鸡腿筋,,
G8GTKETIVnqrDXf6,正谈炸鸡(正弘城店),韩式,True,A:菜品直接证据,芝士炸鸡;双拼,Unknown,False,D:无证据,,Unknown,False,D:无证据,,香辣+甜辣+酱香,True,A:菜品直接证据,香辣;蜂蜜;酱油,堂食+外卖+团购,False,B:多字段组合,外卖:1/团购:1,30-50,A,金水区,金水万达/蓝堡湾,口味:4.2 环境:4.3 服务:4.3,247,1,1,0,琥珀蜂蜜炸鸡_酱油炸鸡_玉米奶酪炸鸡_火辣芝士炸鸡_奶油蜜桃米酒_奶油薯条_香味薯角_青提米酒_草莓玛格丽_炸地瓜条,,
k72lDdM2JVNQaHIR,冠食光中式炸鸡,中式,False,C:店名推断,中式炸鸡,Unknown,False,D:无证据,,Unknown,False,D:无证据,,Unknown,False,D:无证据,,含团购,False,B:团购字段,1,Unknown,D,金水区,金水万达/蓝堡湾,,,,1,0,,,
G8LiBUwtWTplJH18,大苕爷爆汁烤苕皮(正弘城店),Unknown,False,D:无证据,,鸡脖/其他部位,False,A:菜品直接证据,鸡胗,裹粉炸,False,A:菜品直接证据,脆皮,香辣,False,A:菜品直接证据,香辣,堂食+外卖+团购,False,B:多字段组合,外卖:1/团购:1,10-15,A,金水区,金水万达/蓝堡湾,口味:3.6 环境:3.8 服务:3.8,51,1,1,0,爆汁爽口萝卜烤苕皮_爆汁酸豆角肉沫烤苕皮_酵素气泡水_招牌轰炸大鱿鱼_千丝蟹柳烤苕皮_招牌香辣鸡胗_酱爆鱿鱼肉串_爆烤黄金脆皮鱼豆腐_鱿鱼肉片_玉米,,
jUEGPO2u3pmghej6,叫了只炸鸡,中式,False,C:品牌映射,brand:叫了只,整鸡/大单品,False,C:品牌映射,brand:叫了只,生炸/现炸,False,C:品牌映射,brand:叫了只,原味,False,C:品牌映射,brand:叫了只,外卖型,False,C:品牌映射,brand:叫了只,20-30,A,金水区,金水万达/蓝堡湾,,,1,,0,,,
l28Bm02pNoEGhgLx,乐多炸鸡,Unknown,False,D:无证据,,鸡架/锁骨/叉骨,False,A:菜品直接证据,叉骨,Unknown,False,D:无证据,,Unknown,False,D:无证据,,含团购,False,B:团购字段,1,Unknown,D,二七区,郑铁体育中心,,,,1,0,牛肉堡_招牌叉骨,,
G8RlYyMNepySCopD,首尔炸鸡火鸡面,韩式,False,C:店名推断,火鸡面,Unknown,False,D:无证据,,Unknown,False,D:无证据,,Unknown,False,D:无证据,,含外卖,False,B:外卖字段,1,Unknown,D,中牟县,豫康新城,,,1,,0,,,
GavCo8gBlohG0ym3,叫了只炸鸡(港区店),中式,False,C:品牌映射,brand:叫了只,整鸡/大单品,False,C:品牌映射,brand:叫了只,生炸/现炸,False,C:品牌映射,brand:叫了只,原味,False,C:品牌映射,brand:叫了只,外卖型,False,C:品牌映射,brand:叫了只,15-20,A,中牟县,豫康新城,,,1,,0,,,
l9vqUNW8AorqfWSl,Chicken run韩式炸鸡,韩式,False,C:店名推断,韩式,Unknown,False,D:无证据,,Unknown,False,D:无证据,,Unknown,False,D:无证据,,含外卖,False,B:外卖字段,1,Unknown,D,中牟县,豫康新城,,,1,,0,,,
H4asrLz8Ojk2MRgS,黎太院韩式炸鸡(港区店),韩式,False,C:品牌映射,brand:黎太院,整鸡/大单品+鸡翅,True,C:品牌映射,brand:黎太院,裹粉炸,False,C:品牌映射,brand:黎太院,甜辣,False,C:品牌映射,brand:黎太院,堂食+外带,False,C:品牌映射,brand:黎太院,15-20,A,中牟县,豫康新城,,,1,1,0,酥酥糯糯年糕_爆辣韩式火鸡面_脆皮全鸡_嫩脆小翅根,,
k46Mz3dZJsbkQrjC,炸鸡姑娘(百年德化店),韩式,False,A:菜品直接证据,甜辣炸鸡,Unknown,False,D:无证据,,Unknown,False,D:无证据,,原味+香辣+蒜香+甜辣+黑胡椒+酱香+酸甜+芥末,True,A:菜品直接证据,原味;香辣;蒜香;甜辣;椒盐;黑胡椒;酱油;甘梅;芥末,含团购,False,B:团购字段,1,20-30,A,二七区,西大街,口味:4.0 环境:4.0 服务:4.0,842,,1,0,蒜香酱油炸鸡_黑胡椒味炸鸡_蜂蜜芥末口味炸鸡_香辣炸鸡口味_芝士年糕火锅_原味炸鸡_甘梅口味炸鸡_芝士年糕火锅炸鸡全家桶_冰淇淋厚土司_奶香芝士味炸鸡,,
iY4e0GPdFE69HH62,,Unknown,False,D:无证据,,Unknown,False,D:无证据,,Unknown,False,D:无证据,,Unknown,False,D:无证据,,Unknown,False,D:无证据,,Unknown,D,中牟县,,,,,,0,,,
G1qnOH0HjQNxqMii,花姐鸡排饭(汉堡·炸鸡店),Unknown,False,D:无证据,,整鸡/大单品+鸡腿+鸡排,True,A:菜品直接证据,大鸡;鸡腿;鸡排;鸡块,裹粉炸,False,A:菜品直接证据,脆皮,香辣,True,A:菜品直接证据,辣子;蒜香;黑椒,含团购,False,B:团购字段,1,Unknown,D,中牟县,豫康新城,,1,,1,0,煎蛋_鱼香肉丝盖浇饭_特惠鸡腿堡_脆皮鸡排饭_纯肉香肠_淀粉香肠_酥嫩藤椒大鸡腿_炒土豆丝_红烧肉片盖饭_香菇滑鸡,,
laD4YE6wtJZ2UDEq,炸鸡皇后(山顶公寓店),Unknown,False,D:无证据,,整鸡/大单品+鸡腿+鸡排+鸡架/锁骨/叉骨,True,A:菜品直接证据,全鸡;鸡腿;鸡排;锁骨,裹粉炸,False,A:菜品直接证据,脆皮,甜辣+酸甜,True,A:菜品直接证据,芝士;甘梅,堂食+外卖+团购,False,B:多字段组合,外卖:1/团购:1,10-15,A,中牟县,豫康新城,口味:3.4 环境:3.4 服务:3.4,8,1,1,0,比脸大爱心鸡排_五香腿肉块_狼牙棒棒鸡_金牌锁骨_青花椒鸡腿_芝士拉丝热狗棒_脆皮大大鸡腿_五香鸡腿_五香脆皮全鸡_甘梅,,
G6q1sK5CZsBYTEOz,美汁堡汉堡炸鸡(西大街营门街店),中式,True,A:菜品直接证据,香酥鸡;无骨炸鸡,整鸡/大单品+鸡腿+鸡块/鸡米花/鸡柳,True,A:菜品直接证据,香酥鸡;鸡腿;鸡米花,烤炸复合,False,A:菜品直接证据,烤鸡,原味+酱香+酸甜,True,A:菜品直接证据,香酥;辣;奥尔良;菠萝,含外卖,False,B:外卖字段,1,10-15,A,二七区,西大街,口味:3.7 环境:3.7 服务:3.7,27,1,,0,田园脆鸡堡_劲爆鸡米花_甘梅地瓜_香酥鸡柳_雀巢咖啡_鸡肉洋葱圈_菠萝派_秘制无骨炸鸡_新奥尔良烤鸡腿堡_至珍七虾堡,,
l7eZuLhhiZJaw1aZ,炸季炸串(曲梁园区店),中式,False,C:品牌映射,brand:炸季,鸡架/锁骨/叉骨,False,C:品牌映射,brand:炸季,生炸/现炸,False,C:品牌映射,brand:炸季,香辣,False,C:品牌映射,brand:炸季,档口/摊位,False,C:品牌映射,brand:炸季,15-20,A,新密市,迎客松购物广场,口味:3.5 环境:3.5 服务:3.5,25,1,1,2,芝麻脆小酥饼_广式小腊肠_鲜嫩鸭肠_鲜嫩鸡肉_酥脆豆皮_芝麻脆烧饼,,
l2d87GV5UPkfM1aD,Soonsoo韩国炸鸡料理(永威木色店),韩式,False,C:品牌映射,brand:Soonsoo,整鸡/大单品,False,C:品牌映射,brand:Soonsoo,裹粉炸,False,C:品牌映射,brand:Soonsoo,原味+甜辣,True,C:品牌映射,brand:Soonsoo,堂食+外带,False,C:品牌映射,brand:Soonsoo,50+,A,金水区,郑东新区CBD,口味:4.4 环境:4.4 服务:4.4,416,1,1,1,脆皮芝士芝士丸子_双拼炸鸡_平壤冰碴儿水冷面_苹果杏仁炸鸡_经典原味_韩式之春桂香柠茶_牛肉大酱汤_松松黄油啤酒_韩式手工萝卜_海鲜辛拉面,,
H7jKVYEtg7KtGBtQ,多客仕炸鸡汉堡饮品,Unknown,False,D:无证据,,整鸡/大单品+鸡腿+鸡翅,True,A:菜品直接证据,全鸡;鸡腿;鸡翅;鸡块,裹粉炸,False,A:菜品直接证据,脆皮,Unknown,False,D:无证据,,Unknown,False,D:无证据,,15-20,A,金水区,郑东新区,,,,,0,脆皮全鸡1只_两个麦香鸡腿堡两对脆皮鸡翅,,
G5LJoiBaGHh8Soog,夸父炸串(绿地新都会店),中式,False,C:品牌映射,brand:夸父,鸡架/锁骨/叉骨,False,C:品牌映射,brand:夸父,生炸/现炸,False,C:品牌映射,brand:夸父,香辣,False,C:品牌映射,brand:夸父,档口/摊位,False,C:品牌映射,brand:夸父,20-30,A,金水区,郑东新区,口味:4.0 环境:4.1 服务:4.1,73,1,1,2,轰炸大鱿鱼_泡椒牛肉串_水磨大年糕_鲜香平菇串_夸父大里脊_麦穗鸡柳串_脆脆小鸭肠_香糯土豆片_实心白吉馍_软软鱼豆腐,,
l90GznrYLkqAEuuj,小孟姐炸串,Unknown,False,D:无证据,,Unknown,False,D:无证据,,Unknown,False,D:无证据,,Unknown,False,D:无证据,,Unknown,False,D:无证据,,Unknown,D,金水区,郑东新区,,,,,0,,,
l5RtJy5JKdMe7DJV,侯小满·炸鸡·汉堡,Unknown,False,D:无证据,,整鸡/大单品+鸡腿+鸡排+鸡块/鸡米花/鸡柳,True,A:菜品直接证据,大鸡;鸡腿;翅尖;鸡排;鸡米花,裹粉炸,False,A:菜品直接证据,脆皮,孜然,True,A:菜品直接证据,孜然;黑胡椒;菠萝,堂食+外卖+团购,False,B:多字段组合,外卖:1/团购:1,10-15,A,新郑市,轩辕故里,口味:3.5 环境:3.5 服务:3.5,2,1,1,0,大鸡排_劲爆鸡米花_脆皮香蕉_红豆派_香芋派_麦香牛肉堡_墨西哥鸡肉卷_至珍七虾堡_劲脆鸡腿堡_半鸡半虾堡,,
H8IQ2OVSqVsOdlsQ,溱味李烧烤融合菜餐厅(曲梁店),复合型,False,C:店名推断,融合,Unknown,False,D:无证据,,Unknown,False,D:无证据,,香辣,False,A:菜品直接证据,香辣,堂食+外带,False,C:店名推断,餐厅,30-50,A,新密市,迎客松购物广场,口味:3.7 环境:3.7 服务:3.7,21,,1,0,炒方便面_烤白豆腐_香辣鱿鱼须_烤面筋_手工绿豆面_上海生煎_洛神鲜果茶_冰糖烤梨_炸带鱼_手把羊排,,
H9dEiNyKS4dPrwqG,火炎焱瓦罐烧烤,Unknown,False,D:无证据,,鸡块/鸡米花/鸡柳,False,A:菜品直接证据,鸡块,Unknown,False,D:无证据,,Unknown,False,D:无证据,,堂食+外卖+团购,False,B:多字段组合,外卖:1/团购:1,15-20,A,新密市,迎客松购物广场,口味:3.4 环境:3.4 服务:3.4,6,1,1,0,碳烤羊肉串_鸡块瓦罐_卤味豆干_酥手工肉丸子瓦罐,,
G5PT0fdvFnYrCXoy,馋馋香炸鸡,Unknown,False,D:无证据,,鸡排+鸡架/锁骨/叉骨+鸡块/鸡米花/鸡柳,True,A:菜品直接证据,鸡排;鸡架;鸡柳,生炸/现炸,False,A:菜品直接证据,生炸,Unknown,False,D:无证据,,堂食+外卖+团购,False,B:多字段组合,外卖:1/团购:1,10-15,A,新密市,迎客松购物广场,口味:3.7 环境:3.7 服务:3.7,5,1,1,0,龙骨脆_手工鸡排_生炸鸡架_无骨鸡柳,,
l5MepX9JnSJ5eiKo,帝圣特(园区店),Unknown,False,D:无证据,,整鸡/大单品+鸡排,True,A:菜品直接证据,大鸡;鸡腿;鸡排,裹粉炸,False,A:菜品直接证据,脆皮,Unknown,False,D:无证据,,堂食+外卖+团购,False,B:多字段组合,外卖:1/团购:1,10-15,A,新密市,迎客松购物广场,口味:3.5 环境:3.5 服务:3.5,2,1,1,0,牛肉披萨_帝圣特大鸡排_海鲜披萨_秘制骨汤土豆粉_黄金鸡肉堡_超级全家福_脆皮鸡,,
G6g8gDC4TqbjxgRv,爆掌柜生炸鸡架(园区店),中式,False,C:品牌映射,brand:爆掌柜,鸡腿+鸡翅+鸡架/锁骨/叉骨+鸡块/鸡米花/鸡柳,True,C:品牌映射,brand:爆掌柜,生炸/现炸,False,C:品牌映射,brand:爆掌柜,香辣+酱香+酸甜,True,C:品牌映射,brand:爆掌柜,档口/摊位,False,C:品牌映射,brand:爆掌柜,10-15,A,新密市,迎客松购物广场,,,1,,0,生炸鸡叉骨_甘梅地瓜_生炸鸡架_五香里脊肉夹饼_奥尔良腿排夹饼_咖喱鸡柳肉夹饼_生炸麻辣翅尖_香辣伴翅_麻辣伴翅_生炸手枪腿,,
l35cKpaE7VJhUQg9,满巍明生炸鸡架(郑州新田360店),中式,False,C:品牌映射,brand:满巍明,整鸡/大单品+鸡腿+鸡架/锁骨/叉骨+鸡块/鸡米花/鸡柳+鸡脖/其他部位,True,C:品牌映射,brand:满巍明,生炸/现炸,False,C:品牌映射,brand:满巍明,香辣,False,C:品牌映射,brand:满巍明,档口/摊位,False,C:品牌映射,brand:满巍明,15-20,A,金水区,郑东新区,口味:3.8 环境:3.8 服务:3.7,34,1,1,19,生炸鸡架_搏一博生炸鸡脖_脆皮小鸡腿_鸡腱腿_轰炸大鸡腿_给力大鸡柳_生椰鸡腱_超级鸡叉骨_生椰拿铁鸡肋条_生椰拿铁鸡腱腿,,
k7YLNPCJe3M8ZWhf,王姐香酥鸡柳卷饼,中式,False,A:菜品直接证据,香酥鸡,整鸡/大单品+鸡块/鸡米花/鸡柳,True,A:菜品直接证据,香酥鸡;鸡柳,Unknown,False,D:无证据,,原味,False,A:菜品直接证据,香酥,含团购,False,B:团购字段,1,10-15,A,新郑市,轩辕故里,口味:3.5 环境:3.5 服务:3.5,17,,1,0,香酥鸡柳卷饼_鸡肉卷饼,,
k4FP3jV2NMsQLBK6,正新鸡排(新建路店),美式/西式,False,C:品牌映射,brand:正新,鸡排+鸡块/鸡米花/鸡柳+鸡脖/其他部位,True,C:品牌映射,brand:正新,裹粉炸,False,C:品牌映射,brand:正新,原味+香辣+黑胡椒,True,C:品牌映射,brand:正新,档口/摊位,False,C:品牌映射,brand:正新,10-15,A,新郑市,轩辕故里,,1,1,,0,黑椒鸡块_小鱿鱼串_秘制鸭肠_小牛肉串_正新原味鸡排_俄罗斯肉串_烤香肠_香辣鸡胗_原味奶茶_洛矶山薯条,,
ihT4ZbQgtyMJdAOZ,李不凡炸鸡啤酒(总店),韩式,True,A:菜品直接证据,韩式;双拼,鸡腿+鸡块/鸡米花/鸡柳,True,A:菜品直接证据,鸡腿;鸡翅;鸡柳,Unknown,False,D:无证据,,Unknown,False,D:无证据,,堂食+外卖+团购,False,B:多字段组合,外卖:1/团购:1,20-30,A,金水区,郑东新区CBD,口味:3.5 环境:3.5 服务:3.5,10,1,1,0,鸡腿肉+鸡柳双拼_送可乐_韩式酥糯年糕,,
k55gPm1tfYFb8uSG,韩式炸鸡烤面筋南昌拌粉,韩式,False,C:店名推断,韩式,Unknown,False,D:无证据,,Unknown,False,D:无证据,,Unknown,False,D:无证据,,Unknown,False,D:无证据,,Unknown,D,金水区,郑东新区CBD,,,,,0,,,
H7BXAXO5eHLvwYL0,满巍明生炸鸡架(亚细亚小吃街店),中式,False,C:品牌映射,brand:满巍明,整鸡/大单品+鸡腿+鸡架/锁骨/叉骨+鸡块/鸡米花/鸡柳+鸡脖/其他部位,True,C:品牌映射,brand:满巍明,生炸/现炸,False,C:品牌映射,brand:满巍明,香辣,False,C:品牌映射,brand:满巍明,档口/摊位,False,C:品牌映射,brand:满巍明,15-20,A,二七区,西大街,口味:3.8 环境:3.8 服务:3.8,,,1,19,生炸鸡架_生椰拿铁鸡肋条_轰炸大鸡腿_给力大鸡柳_椒盐架豆王_超级鸡叉骨_生椰拿铁鸡腱腿_生椰拿铁鸡脖,,
H71CMwh6EFqosV6v,圣佳美中国风味鲜肉汉堡炸鸡·鸡柳饼,韩式,False,A:菜品直接证据,韩式,整鸡/大单品+鸡腿+鸡翅+鸡排+鸡块/鸡米花/鸡柳,True,A:菜品直接证据,烤鸡;鸡腿;翅根;鸡排;鸡块,烤炸复合,False,A:菜品直接证据,烤鸡,原味+香辣+甜辣,True,A:菜品直接证据,经典;香辣;芝士,含团购,False,B:团购字段,1,10-15,A,金水区,郑大工学院,口味:3.7 环境:3.8 服务:3.8,71,,1,0,优质重磅双鸡堡_经典芝士牛堡_圣佳美鸡腿煲_原切土豆薯条_香辣琵琶腿_双层鸡肉堡_香辣大翅根_韩式无骨鸡块_特色碳烤鸡排_圣佳美鸡柳,,
H1GBTkTIwKweyxdI,豫东烧饼夹菜夹肉,中式,True,A:菜品直接证据,香酥鸡;韩式,整鸡/大单品+鸡排+鸡架/锁骨/叉骨+鸡块/鸡米花/鸡柳,True,A:菜品直接证据,大鸡;鸡排;鸡叉骨;鸡块,裹粉炸,False,A:菜品直接证据,脆皮,原味+香辣,True,A:菜品直接证据,香酥;辣子,含团购,False,B:团购字段,1,Unknown,D,金水区,郑大工学院,,3,,1,0,香酥鸡叉骨_脆皮鸡排饭_招牌炸鸡整_里脊肉夹馍_辣子鸡块_里脊肉夹饼_黄金大鸡排_韩式无骨炸鸡_无骨鸡块,,
k1zRnRhw8JgQTB7u,麦立美汉堡炸鸡(德慧街店),Unknown,False,D:无证据,,整鸡/大单品,True,A:菜品直接证据,全鸡;鸡腿;鸡块,裹粉炸,False,A:菜品直接证据,脆皮,黑胡椒,False,A:菜品直接证据,黑椒,堂食+外卖+团购,False,B:多字段组合,外卖:1/团购:1,15-20,A,金水区,龙子湖校区,,3,1,1,0,黑椒鸡块_冰糖雪梨_脆香鸡柳堡_儿童鸡块_藤椒带骨鸡块_蟹味堡_黄金凤梨酥_牛肉堡_鲜虾堡,,
l5uiVTENKMDJDQkZ,校堡王汉堡炸鸡(航院店),美式/西式,False,C:品牌映射,brand:校堡王,鸡腿+鸡块/鸡米花/鸡柳,True,C:品牌映射,brand:校堡王,裹粉炸,False,C:品牌映射,brand:校堡王,原味,False,C:品牌映射,brand:校堡王,学校周边,False,C:品牌映射,brand:校堡王,15-20,A,金水区,龙子湖校区,口味:3.7 环境:3.7 服务:3.7,6,1,1,0,板烧鸡腿堡_半边炸鸡_双层鸡腿堡_香辣小腿_无骨炸鸡盒子_蟹脚棒,,
Ha43nMG9WwI6X53y,0090炸鸡汉堡,中式,True,A:菜品直接证据,香酥鸡;韩式;原味鸡,整鸡/大单品+鸡腿+鸡翅,True,A:菜品直接证据,全鸡;鸡腿;全翅;鸡块,Unknown,False,D:无证据,,原味+酱香,True,A:菜品直接证据,原味;黑椒;蜜汁,含外卖,False,B:外卖字段,1,15-20,A,金水区,龙子湖校区,口味:3.6 环境:3.6 服务:3.5,5,1,,0,香酥鸡腿_无骨韩式炸鸡_黄金全鸡_蜜汁全翅_薯条中_原味鸡腿堡_蜜汁半鸡_火柴粗薯_爆汁腿排_香酥鱿鱼圈,,
G51bO4re8HuUoYuS,校堡王汉堡炸鸡(河南农业大学店),美式/西式,False,C:品牌映射,brand:校堡王,鸡排,False,C:品牌映射,brand:校堡王,裹粉炸,False,C:品牌映射,brand:校堡王,原味,False,C:品牌映射,brand:校堡王,学校周边,False,C:品牌映射,brand:校堡王,20-30,A,金水区,龙子湖校区,口味:3.8 环境:3.8 服务:3.8,9,1,1,0,无骨炸鸡盒子_半边炸鸡_蟹脚棒_香辣小腿,,
H7k8UZYkmBFrHXUg,多美士中国汉堡·中国炸鸡(贾岗店),美式/西式,False,C:品牌映射,brand:多美士,鸡腿+鸡块/鸡米花/鸡柳,True,C:品牌映射,brand:多美士,裹粉炸,False,C:品牌映射,brand:多美士,原味,False,C:品牌映射,brand:多美士,外卖型,False,C:品牌映射,brand:多美士,10-15,A,金水区,龙子湖校区,口味:3.5 环境:3.5 服务:3.5,4,1,1,0,中式炸鸡自选_临渝炸鸡腿_北港全虾中国汉堡_香酥小鸡腿_港式烤肉中国汉堡_卡通鸡块_酷拉拉小排堡_爆珠奶茶_黄金紫薯酥,,
ikObPI05luHbnPrZ,侠客炸鸡汉堡(华水店),Unknown,False,D:无证据,,Unknown,False,D:无证据,,Unknown,False,D:无证据,,Unknown,False,D:无证据,,Unknown,False,D:无证据,,15-20,A,金水区,龙子湖校区,口味:3.5 环境:3.5 服务:3.5,7,,,0,,,
H92gxGgapJuTsWFI,韩黎院韩式炸鸡汉堡(航院店),韩式,False,C:品牌映射,brand:韩黎院,鸡块/鸡米花/鸡柳,False,C:品牌映射,brand:韩黎院,裹粉炸,False,C:品牌映射,brand:韩黎院,甜辣,False,C:品牌映射,brand:韩黎院,堂食+外带,False,C:品牌映射,brand:韩黎院,20-30,A,金水区,龙子湖校区,口味:3.5 环境:3.6 服务:3.5,6,,1,0,,,
H52KAzviursXgvjF,校堡王汉堡炸鸡(河南财政金融学院店),美式/西式,False,C:品牌映射,brand:校堡王,鸡排,False,C:品牌映射,brand:校堡王,裹粉炸,False,C:品牌映射,brand:校堡王,原味,False,C:品牌映射,brand:校堡王,学校周边,False,C:品牌映射,brand:校堡王,15-20,A,金水区,龙子湖校区,口味:3.7 环境:3.7 服务:3.6,11,,1,0,秘制卤香炸鸡_蟹脚棒_香辣小腿_无骨炸鸡盒子_半边炸鸡,,
H4zhgfmCihjlSdQF,校堡王炸鸡汉堡(河南财经政法大学店),美式/西式,False,C:品牌映射,brand:校堡王,鸡排,False,C:品牌映射,brand:校堡王,裹粉炸,False,C:品牌映射,brand:校堡王,香辣+甜辣+孜然,True,C:品牌映射,brand:校堡王,学校周边,False,C:品牌映射,brand:校堡王,15-20,A,金水区,龙子湖校区,口味:3.7 环境:3.7 服务:3.7,10,1,1,0,无骨炸鸡盒子_半边炸鸡_双层牛肉汉堡_香辣孜然粉_琥珀甜辣酱_紫薯豌豆派_香辣小腿_蟹脚棒_牛排堡_热咖啡,,
G9RHuvGePqBwtyzk,乾代·炸鸡汉堡(文博路店),Unknown,False,D:无证据,,Unknown,False,D:无证据,,Unknown,False,D:无证据,,Unknown,False,D:无证据,,含外卖,False,B:外卖字段,1,Unknown,D,中牟县,人民医院,,,1,,0,,,
l4tsSLjfagQ8b1MY,天泽城三哥老式炸鸡柳,中式,False,C:店名推断,老式炸鸡,鸡块/鸡米花/鸡柳,False,C:店名推断,鸡柳,Unknown,False,D:无证据,,Unknown,False,D:无证据,,Unknown,False,D:无证据,,Unknown,D,中牟县,人民医院,,,,,0,,,
H7zKr92nMyls5F0a,炸鸡汉堡,Unknown,False,D:无证据,,Unknown,False,D:无证据,,Unknown,False,D:无证据,,Unknown,False,D:无证据,,Unknown,False,D:无证据,,Unknown,D,新密市,京密高级中学,口味:3.4 环境:3.4 服务:3.4,4,,,0,,,
l7flFHeZAytyQ128,,Unknown,False,D:无证据,,整鸡/大单品,True,A:菜品直接证据,嫩鸡;鸡爪,Unknown,False,D:无证据,,黑胡椒,False,A:菜品直接证据,黑椒,Unknown,False,D:无证据,,Unknown,D,二七区,,,625,,,0,全家桶_胡夫纯肉手工香肠_鲜嫩鸭肠_全家桶（小）_招牌五花肉_劲霸鱿鱼断_鸡皮_手工纯肉黑椒肉肠_胡夫炸饼_特色无骨鸡爪,,
k40HiyU9nnKrSSdp,校堡王汉堡炸鸡(龙子湖牧经店),美式/西式,False,C:品牌映射,brand:校堡王,鸡排,False,C:品牌映射,brand:校堡王,裹粉炸,False,C:品牌映射,brand:校堡王,原味,False,C:品牌映射,brand:校堡王,学校周边,False,C:品牌映射,brand:校堡王,10-15,A,金水区,龙子湖校区,口味:3.7 环境:3.7 服务:3.7,30,1,1,0,半边炸鸡_无骨炸鸡盒子_脆皮炸鸡_鸡块_秘制卤香炸鸡_榴莲披萨_奥尔良鸡肉披萨_法式牛肉披萨_美式披萨_薯饼,,
G92zNl0xwv8gwwg2,由吉炸鸡(锦里路店),Unknown,False,D:无证据,,Unknown,False,D:无证据,,Unknown,False,D:无证据,,Unknown,False,D:无证据,,Unknown,False,D:无证据,,Unknown,D,巩义市,巩义东区,口味:3.4 环境:3.5 服务:3.5,1,,,0,,,
l5TAAzSxTxQlEV3Y,老表炸串(东区店),Unknown,False,D:无证据,,Unknown,False,D:无证据,,Unknown,False,D:无证据,,Unknown,False,D:无证据,,含外卖,False,B:外卖字段,1,Unknown,D,巩义市,巩义东区,口味:3.5 环境:3.5 服务:3.5,2,1,,0,,,
FnypHBPYLZFG5nVw,胡夫炸串(巩义豪布斯卡店),中式,False,C:品牌映射,brand:胡夫,鸡架/锁骨/叉骨,False,C:品牌映射,brand:胡夫,生炸/现炸,False,C:品牌映射,brand:胡夫,香辣,False,C:品牌映射,brand:胡夫,档口/摊位,False,C:品牌映射,brand:胡夫,15-20,A,巩义市,巩义东区,口味:3.3 环境:3.4 服务:3.3,12,,1,0,香辣砂锅刀削面_鸡丝凉面_胡夫大里脊_麻酱砂锅土豆粉_菌香乌鸡两掺_豆角_劲霸鱿鱼须_胡夫大面筋_贵妃酸辣粉_鲜嫩鸭肠,,
k31sM6b5nNMA7Zxu,小伟炸鸡(恒星店),Unknown,False,D:无证据,,鸡翅+鸡脖/其他部位,True,A:菜品直接证据,鸡腿;鸡翅;鸡叉骨;鸡米花;鸡爪,Unknown,False,D:无证据,,香辣,False,A:菜品直接证据,麻辣,堂食+外卖+团购,False,B:多字段组合,外卖:1/团购:1,20-30,A,巩义市,巩义东区,口味:3.5 环境:3.6 服务:3.5,6,1,1,0,麻辣鸡爪_胃动力奶_金星纯生啤酒_康师傅茉莉清茶_怡宝纯净水_烩面片_卤翅尖_炸鸡_鸡翅根_鸡肝,,
H64lZMXy3ASktJeR,满巍明生炸鸡架(正上豪布斯卡店),中式,False,C:品牌映射,brand:满巍明,鸡腿+鸡架/锁骨/叉骨+鸡块/鸡米花/鸡柳+鸡脖/其他部位,True,C:品牌映射,brand:满巍明,生炸/现炸,False,C:品牌映射,brand:满巍明,香辣,False,C:品牌映射,brand:满巍明,档口/摊位,False,C:品牌映射,brand:满巍明,20-30,A,巩义市,巩义东区,口味:3.5 环境:3.5 服务:3.5,15,1,1,0,超级鸡叉骨_生炸鸡胗_剑忘翅_生炸鸡叉骨_生炸鸡柳_生炸鸡腿肉_生炸杏鲍菇_搏一博生炸鸡脖_脆皮小鸡腿_生椰拿铁鸡脖,,
H9dhQxBPA5eB12uS,功夫炸鸡(锦里路店),Unknown,False,D:无证据,,鸡腿+鸡翅,True,A:菜品直接证据,鸡腿;鸡翅,Unknown,False,D:无证据,,酸甜,False,A:菜品直接证据,甘梅,堂食+外卖+团购,False,B:多字段组合,外卖:1/团购:1,10-15,A,巩义市,巩义东区,口味:3.5 环境:3.5 服务:3.5,8,1,1,0,招牌琵琶腿_大手枪腿_脆香鸡翅_甘梅红薯_鸡腿汉堡,,
G460MnLRlHnb6WsG,延庆炸鸡坊(祥云小区店),Unknown,False,D:无证据,,鸡腿+鸡翅+鸡块/鸡米花/鸡柳+鸡脖/其他部位,True,A:菜品直接证据,鸡腿;翅中;鸡米花;鸡皮,Unknown,False,D:无证据,,Unknown,False,D:无证据,,堂食+外卖+团购,False,B:多字段组合,外卖:1/团购:1,10-15,A,巩义市,巩义东区,口味:3.5 环境:3.5 服务:3.4,2,1,1,0,炸小鸡腿_翅中翅根_鸡皮_鸡米花,,
k3o3Oh0hewAB7a1M,合味炸鸡(恒星·皇家花园店),Unknown,False,D:无证据,,鸡腿,True,A:菜品直接证据,鸡腿;鸡翅;鸡叉骨;鸡米花;鸡皮,Unknown,False,D:无证据,,Unknown,False,D:无证据,,Unknown,False,D:无证据,,Unknown,D,巩义市,巩义东区,口味:3.6 环境:3.6 服务:3.6,4,,,0,鸡扒包_核桃马里奥_椰奶小方_丸子,,
G2mGj5i86F0XCP0w,延庆观炸鸡(东区店),中式,False,C:品牌映射,brand:延庆观,整鸡/大单品,False,C:品牌映射,brand:延庆观,卤炸,False,C:品牌映射,brand:延庆观,原味,False,C:品牌映射,brand:延庆观,档口/摊位,False,C:品牌映射,brand:延庆观,15-20,A,巩义市,巩义东区,口味:3.8 环境:3.8 服务:3.8,378,,,0,牙签肉_萝卜条_盐菜脆哨饭_腰花_锦绣莲藕片_招牌活油酸汤蘸水_招牌活油豆豉_梅子肉_美味刀削面_吸油馍片,,
i9Wn4f2OGvPeiddS,药膳叫花鸡,Unknown,False,D:无证据,,Unknown,False,D:无证据,,Unknown,False,D:无证据,,香辣+甜辣,True,A:菜品直接证据,麻辣;甜辣,Unknown,False,D:无证据,,Unknown,D,巩义市,巩义东区,,,,,0,李记牛蹄筋_麻辣鸭架_甜辣鸭腿_甜辣鸭翅_李记荷叶药膳叫花鸡_李记叫花鸡_手撕板鸭,,
k8IIoJkEYh4ps3fS,小伟炸鸡(东周路店),Unknown,False,D:无证据,,鸡腿+鸡架/锁骨/叉骨,True,A:菜品直接证据,手枪腿;鸡叉骨,Unknown,False,D:无证据,,Unknown,False,D:无证据,,含团购,False,B:团购字段,1,15-20,A,巩义市,巩义东区,口味:3.4 环境:3.4 服务:3.4,5,,1,0,炸鱼_美味鸡叉骨_炸蘑菇_招牌手枪腿,,
k33ynNa9GThtHAi8,乐记炸串大排档,Unknown,False,D:无证据,,鸡排,False,A:菜品直接证据,鸡排,Unknown,False,D:无证据,,香辣,False,A:菜品直接证据,麻辣,档口/摊位,False,C:店名推断,档,15-20,A,巩义市,巩义东区,口味:3.7 环境:3.7 服务:3.7,7,1,1,0,麻酱黏糊麻辣烫_手工鸡排_酸汤米线_素丸子_美味炸串,,
l6s7CaqlXGFx8v29,熊家无二·韩式炸鸡(巩义恒星金街店),韩式,False,C:品牌映射,brand:熊家,鸡翅,False,C:品牌映射,brand:熊家,裹粉炸,False,C:品牌映射,brand:熊家,甜辣,False,C:品牌映射,brand:熊家,外卖型,False,C:品牌映射,brand:熊家,20-30,A,巩义市,巩义东区,口味:3.6 环境:3.5 服务:3.6,29,1,1,0,肉松海苔饭_【直播】【门店爆款/双拼炸鸡+2小吃】满分炸鸡3件PIUS_奶香芝士酱_韩风鸡排饭_韩风鸡肉卷_韩式辛拉面_果饮_无骨腿肉_酱酱鸡排饭_芝士球,,
k5MzU023C1wZCSJT,丁丁炸货铺(颐豪园清水湾南区店),Unknown,False,D:无证据,,鸡腿+鸡翅+鸡块/鸡米花/鸡柳,True,A:菜品直接证据,鸡腿;鸡翅;鸡柳,Unknown,False,D:无证据,,Unknown,False,D:无证据,,含团购,False,B:团购字段,1,Unknown,D,巩义市,巩义东区,,,,1,0,萝卜丸子_炸鸡翅根_炸鸡腿_炸海鱼_炸大虾_炸鸡柳,,
H5wyoe4Jf1Aininy,虎先生炸鸡,Unknown,False,D:无证据,,鸡腿,False,A:菜品直接证据,鸡腿,生炸/现炸,False,C:店名推断,生炸,酱香,False,A:菜品直接证据,照烧,含团购,False,B:团购字段,1,Unknown,D,巩义市,巩义东区,,,,1,0,红豆馅饼_照烧鸡腿饼,,
k8payvGqmXreXniG,熊家无二·韩式炸鸡(回郭镇店),韩式,False,C:品牌映射,brand:熊家,整鸡/大单品+鸡排,True,C:品牌映射,brand:熊家,裹粉炸,False,C:品牌映射,brand:熊家,原味+香辣,True,C:品牌映射,brand:熊家,外卖型,False,C:品牌映射,brand:熊家,20-30,A,巩义市,巩义东区,,,,1,0,全鸡_经典炸酱面_摇摇薯_酱酱鸡排饭_时蔬石锅拌饭_解腻萝卜_韩式辣菜_炸鸡拌饭_泰椒酱_韩式火鸡面,,
kagosNUw1MbQuMEB,小伟炸鸡(东方现代城店),Unknown,False,D:无证据,,鸡翅+鸡块/鸡米花/鸡柳,True,A:菜品直接证据,鸡腿;鸡翅;鸡米花;鸡爪,Unknown,False,D:无证据,,香辣,False,A:菜品直接证据,麻辣,堂食+外卖+团购,False,B:多字段组合,外卖:1/团购:1,20-30,A,巩义市,巩义东区,,,1,1,0,康师傅茉莉清茶_怡宝纯净水_鸡翅根_卤鸡肝_花生米_金星纯生啤酒_小趣苏打水_胃动力奶_柠檬鸡块_鸡丁,,
k9bJYfrXxZ86XlNI,客哆炸货铺(世博·一品城东院店),Unknown,False,D:无证据,,鸡翅+鸡排,True,A:菜品直接证据,鸡翅;鸡排,Unknown,False,D:无证据,,甜辣,False,A:菜品直接证据,芝士,堂食+外卖+团购,False,B:多字段组合,外卖:1/团购:1,<10,A,巩义市,巩义东区,,,1,1,0,芝士拉丝热狗棒_牛肉堡_超级汉堡_炸鸡翅中_大脸鸡排_全场小吃买送_超级鸡肉卷_虾堡,,
G2IkeQa0LiINWfuT,沃沃鸡香酥鸡柳卷饼(森海玉波苑东区店),中式,False,A:菜品直接证据,香酥鸡,整鸡/大单品+鸡块/鸡米花/鸡柳,True,A:菜品直接证据,香酥鸡;鸡柳,Unknown,False,D:无证据,,原味,False,A:菜品直接证据,香酥,堂食+外卖+团购,False,B:多字段组合,外卖:1/团购:1,10-15,A,巩义市,巩义东区,,,1,1,0,香酥鸡柳卷饼,,
l2Vg3tb72GVSETSv,王炸炸鸡店小伟炸鸡分店,Unknown,False,D:无证据,,Unknown,False,D:无证据,,Unknown,False,D:无证据,,Unknown,False,D:无证据,,Unknown,False,D:无证据,,Unknown,D,巩义市,巩义东区,,,,,0,,,
k3uTvdBu13bROVR0,战杰炸鸡总店(黄河路店),Unknown,False,D:无证据,,鸡翅,True,A:菜品直接证据,鸡翅;鸡爪,Unknown,False,D:无证据,,原味,True,A:菜品直接证据,经典;麻辣,堂食+外卖+团购,False,B:多字段组合,外卖:1/团购:1,30-50,A,二七区,大石桥/体育场,口味:4.2 环境:4.1 服务:4.2,242,1,1,0,土豆_去骨炸鸡拌面_脉动青柠口味_可乐很可乐_去骨炸鸡拌米_经典全腿_芒顿小镇_芒果小酪_神仙面_茉莉茶,,
G4Z47DW7Zr9utLrw,首尔炸鸡火鸡面,韩式,False,C:店名推断,火鸡面,Unknown,False,D:无证据,,Unknown,False,D:无证据,,Unknown,False,D:无证据,,含外卖,False,B:外卖字段,1,Unknown,D,中牟县,中牟县,,,1,,0,,,
GaanTmG2gW0K92Ou,刘婉婉生炸妙龄鸡(姚家店),中式,False,C:品牌映射,brand:刘婉婉,整鸡/大单品,False,C:品牌映射,brand:刘婉婉,生炸/现炸,False,C:品牌映射,brand:刘婉婉,原味,False,C:品牌映射,brand:刘婉婉,档口/摊位,False,C:品牌映射,brand:刘婉婉,10-15,A,中牟县,中牟县,口味:3.5 环境:3.5 服务:3.5,3,,1,9,鸡背肉_叉骨_奶香地瓜条_无骨上腿肉,,
l5sbkoaMZLL1i4tY,正新鸡排(绿博二号店),美式/西式,False,C:品牌映射,brand:正新,鸡腿+鸡排,True,C:品牌映射,brand:正新,裹粉炸,False,C:品牌映射,brand:正新,椒盐+黑胡椒+酸甜,True,C:品牌映射,brand:正新,档口/摊位,False,C:品牌映射,brand:正新,10-15,A,中牟县,中牟县,,,1,,0,甘梅鸡排_黑胡椒鸡排_番茄味鸡排_正新烤肠单_正新鸡腿堡_正新鸡肉串_菠萝汁_正新虾堡_椒盐味鸡排_五香鸡排,,
H8tZzBx583ml9Ufw,C005霸王鸡柳炸蘑菇,Unknown,False,D:无证据,,鸡块/鸡米花/鸡柳,False,C:店名推断,鸡柳,Unknown,False,D:无证据,,Unknown,False,D:无证据,,Unknown,False,D:无证据,,Unknown,D,二七区,二七万达,,,,,0,,,
l7dLPHkZTO8Dap1K,美事堡汉堡炸鸡(经贸店),中式,True,A:菜品直接证据,香酥鸡;韩式,整鸡/大单品+鸡腿+鸡排+鸡块/鸡米花/鸡柳,True,A:菜品直接证据,脆皮鸡;鸡腿;鸡排;鸡米花,裹粉炸,True,A:菜品直接证据,脆皮;烤鸡,原味+香辣+酸甜,True,A:菜品直接证据,香酥;香辣;奥尔良;菠萝,含团购,False,B:团购字段,1,15-20,A,金水区,龙子湖校区,,1,,1,0,香辣小腿_草莓奶茶_红豆派_牛肉汉堡_菠萝派_香酥鸡排_劲爆鸡米花_香辣鸡肉卷_脆皮鸡腿_至珍全虾堡,,
l7EjFqOD8fsgHcjs,饭家炸鸡·黑鸭,Unknown,False,D:无证据,,Unknown,False,D:无证据,,Unknown,False,D:无证据,,Unknown,False,D:无证据,,Unknown,False,D:无证据,,Unknown,D,巩义市,丹尼斯商场,,,,,0,,,
l9tZ8wu8ZF4jMjSj,吉小墩·生鲜炸鸡(货场路店),复合型,False,A:菜品直接证据,双拼,鸡腿+鸡架/锁骨/叉骨+鸡块/鸡米花/鸡柳+鸡脖/其他部位,True,A:菜品直接证据,鸡腿;鸡叉骨;鸡块;鸡胗,生炸/现炸,False,A:菜品直接证据,生炸,Unknown,False,D:无证据,,堂食+外卖+团购,False,B:多字段组合,外卖:1/团购:1,<10,A,巩义市,丹尼斯商场,口味:3.5 环境:3.5 服务:3.5,6,1,1,0,黄金鸡柳_生炸鸡胗_爆汁小鸡腿_生炸鸡叉骨,,
k3P7WGI8EHMdaFk7,进榆炸鸡腿,Unknown,False,D:无证据,,鸡腿,False,C:店名推断,鸡腿,Unknown,False,D:无证据,,Unknown,False,D:无证据,,Unknown,False,D:无证据,,Unknown,D,中牟县,中牟大厦,,,,,0,,,
l45wfzxXk6RX9pfS,胡家炸鸡鸡叉骨,Unknown,False,D:无证据,,鸡架/锁骨/叉骨,False,C:店名推断,鸡叉骨,Unknown,False,D:无证据,,Unknown,False,D:无证据,,Unknown,False,D:无证据,,Unknown,D,中牟县,九龙镇,,,,,0,,,
laXlTtgvhEEj9siW,炸串拌饼,Unknown,False,D:无证据,,Unknown,False,D:无证据,,Unknown,False,D:无证据,,Unknown,False,D:无证据,,Unknown,False,D:无证据,,Unknown,D,二七区,二七万达,,,,,0,,,
G7wUeseeHYBnTDqj,厨乡陶同学炸鸡馍,Unknown,False,D:无证据,,Unknown,False,D:无证据,,Unknown,False,D:无证据,,Unknown,False,D:无证据,,Unknown,False,D:无证据,,Unknown,D,二七区,二七万达,,,,,0,,,
G5hijUTlMHs79tLl,多美士炸鸡汉堡(升龙城店),美式/西式,False,C:品牌映射,brand:多美士,整鸡/大单品+鸡腿+鸡翅+鸡块/鸡米花/鸡柳,True,C:品牌映射,brand:多美士,裹粉炸,False,C:品牌映射,brand:多美士,原味,False,C:品牌映射,brand:多美士,外卖型,False,C:品牌映射,brand:多美士,15-20,A,二七区,大商/升龙城,口味:3.5 环境:3.6 服务:3.5,65,1,1,21,黄金芋紫薯酥_脆香鸡_烤鸡腿_上校鸡块_红豆派_卡通鸡块_蝴蝶虾_奥尔良烤翅_蟹黄堡_田园香蔬堡,,
l9wEypyhQcWB0u7x,烤面筋炸鸡,Unknown,False,D:无证据,,鸡块/鸡米花/鸡柳,False,A:菜品直接证据,鸡柳,Unknown,False,D:无证据,,Unknown,False,D:无证据,,Unknown,False,D:无证据,,Unknown,D,金水区,国家森林公园/北龙湖,,,,,0,烧饼夹猪皮_五花肉_烧饼夹羊肉串_烧饼夹猪大肠,,
k1cr1nVQDWLogGCA,德丰炸鸡汉堡(澳丽名苑西),美式/西式,False,A:菜品直接证据,美式,鸡腿,True,A:菜品直接证据,鸡腿;鸡叉骨,Unknown,False,D:无证据,,Unknown,False,D:无证据,,Unknown,False,D:无证据,,20-30,A,二七区,大商/升龙城,口味:3.4 环境:3.4 服务:3.4,5,,,0,,,
G9q4C7Ne1JN5eFbe,美汐纯椰汁冷热饮品韩式炸鸡,韩式,False,C:店名推断,韩式,鸡排+鸡块/鸡米花/鸡柳,True,A:菜品直接证据,鸡腿;鸡排;鸡米花,Unknown,False,D:无证据,,甜辣,True,A:菜品直接证据,芝士;蜜汁;甘梅,含外卖,False,B:外卖字段,1,Unknown,D,巩义市,回郭镇,,,1,,0,大脸鸡排_鸡米花_甘梅薯条_洋葱圈_椰汁西米露_三拼奶茶_草莓摇摇酸奶_百香果摇摇酸奶_多肉葡萄_巧克力炒酸奶,,
G1KHMhnyA0tem8nr,叫了只炸鸡(贺庄店),中式,False,C:品牌映射,brand:叫了只,整鸡/大单品+鸡翅+鸡排,True,C:品牌映射,brand:叫了只,生炸/现炸,False,C:品牌映射,brand:叫了只,原味,False,C:品牌映射,brand:叫了只,外卖型,False,C:品牌映射,brand:叫了只,15-20,A,金水区,国家森林公园/北龙湖,,4,1,1,0,爆浆芝士鸡排_翅根一箩筐_脆皮全鸡,,
k27ecEXiksgjThBU,爱上叉骨炸鸡(龙兴嘉苑店),中式,True,A:菜品直接证据,香酥鸡;台式,整鸡/大单品+鸡腿+鸡排+鸡架/锁骨/叉骨+鸡块/鸡米花/鸡柳,True,A:菜品直接证据,香酥鸡;鸡腿;鸡排;鸡叉骨;鸡柳,Unknown,False,D:无证据,,原味,False,A:菜品直接证据,香酥,堂食+外卖+团购,False,B:多字段组合,外卖:1/团购:1,15-20,A,金水区,国家森林公园/北龙湖,口味:4.0 环境:4.0 服务:4.0,46,1,1,0,招牌鸡叉骨_黄金小叉骨_龙骨脆_台式香肠_香酥鸡排_无骨鸡柳鸡腿肉送大烤肠,,
Ga7BuEPHOYFya5FK,刘婉婉生炸妙龄鸡(回郭镇店),中式,False,C:品牌映射,brand:刘婉婉,整鸡/大单品,False,C:品牌映射,brand:刘婉婉,生炸/现炸,False,C:品牌映射,brand:刘婉婉,原味,False,C:品牌映射,brand:刘婉婉,档口/摊位,False,C:品牌映射,brand:刘婉婉,<10,A,巩义市,回郭镇,口味:3.3 环境:3.3 服务:3.3,13,,1,7,鸡背肉_奶香地瓜条_现炸黄金鸡柳_无骨上腿肉,,
G6yEXjFjTqd0VOkm,彭郑炸鸡腿(回郭镇人和路店),Unknown,False,D:无证据,,整鸡/大单品+鸡腿+鸡排+鸡架/锁骨/叉骨+鸡块/鸡米花/鸡柳,True,A:菜品直接证据,全鸡;鸡腿;鸡排;鸡架;鸡柳,裹粉炸,False,A:菜品直接证据,脆皮,Unknown,False,D:无证据,,含团购,False,B:团购字段,1,<10,A,巩义市,回郭镇,口味:3.4 环境:3.4 服务:3.4,2,,1,0,黄金炸鸡腿_拌翅_黄金上腿肉_芝麻鸡柳_黄金鸡叉骨_黄金鸡肉条_黄金大鸡腿_黄金大鸡架_脆皮全鸡_鸡排堡,,
EmLlvfo2AGKy3kY0,胡小野炸鸡(人和路店),Unknown,False,D:无证据,,整鸡/大单品,True,A:菜品直接证据,炸鸡块;鸡块,Unknown,False,D:无证据,,香辣+酸甜,True,A:菜品直接证据,香辣;番茄,Unknown,False,D:无证据,,Unknown,D,巩义市,回郭镇,,,,,0,鱼香肉丝盖浇饭_鸡蛋番茄盖浇饭_香辣回锅肉盖饭_西红柿炒鸡蛋盖饭_崂山金麦香_招牌炸鸡块_甘梅薯条,,
H2QJXQOMumF8SJCm,熊家无二·韩式炸鸡(回郭镇店),韩式,False,C:品牌映射,brand:熊家,鸡翅,False,C:品牌映射,brand:熊家,裹粉炸,False,C:品牌映射,brand:熊家,甜辣,False,C:品牌映射,brand:熊家,外卖型,False,C:品牌映射,brand:熊家,20-30,A,巩义市,回郭镇,口味:3.6 环境:3.6 服务:3.6,25,1,,0,熊家韩风汉堡_熊家韩风鸡肉卷_酱酱裹炸年糕_熊家嫩牛五方_粗薯_地瓜条_上校鸡块_火鸡面_一口香QQ肠_香芋地瓜丸,,
G4rPe1TcrWT3GTCR,清西炸鸡店,Unknown,False,D:无证据,,Unknown,False,D:无证据,,Unknown,False,D:无证据,,Unknown,False,D:无证据,,Unknown,False,D:无证据,,10-15,A,巩义市,回郭镇,,,,,0,,,
l7uBbV21iEmjKKsJ,解忧炸货铺,Unknown,False,D:无证据,,鸡排,True,A:菜品直接证据,鸡排;鸡米花,Unknown,False,D:无证据,,甜辣+黑胡椒,True,A:菜品直接证据,芝士;黑椒;番茄,含团购,False,B:团购字段,1,30-50,A,巩义市,回郭镇,口味:3.4 环境:3.4 服务:3.4,1,,1,0,芒果摇摇酸奶_雪花鸡柳_黄金大肉串_芝士棒_黑椒纯肉肠_墨鱼肠_百香果燕麦炒酸奶_草莓摇摇酸奶_海盐味炒酸奶_坚果西米露,,
H2ZgqxnHdr8aAZXi,正谈炸鸡(金融岛店),韩式,False,A:菜品直接证据,芝士炸鸡,Unknown,False,D:无证据,,Unknown,False,D:无证据,,原味+香辣+甜辣+酱香+酸甜,True,A:菜品直接证据,原味;香辣;蜂蜜;酱油;酸甜,堂食+外卖+团购,False,B:多字段组合,外卖:1/团购:1,30-50,A,金水区,国家森林公园/北龙湖,口味:4.5 环境:4.6 服务:4.6,220,1,1,0,酸甜萝卜_奶油蜜桃玛格利米酒_甜心紫薯球_原味炸鸡_青翠酱油炸鸡_半半炸鸡_奶油薯条_酱油炸鸡_火辣芝士炸鸡_炸地瓜条,,
k5A3gXlLfzVxu5IX,延庆观炸鸡(丰产路店),中式,False,C:品牌映射,brand:延庆观,鸡腿+鸡翅+鸡架/锁骨/叉骨+鸡块/鸡米花/鸡柳,True,C:品牌映射,brand:延庆观,卤炸,False,C:品牌映射,brand:延庆观,原味,False,C:品牌映射,brand:延庆观,档口/摊位,False,C:品牌映射,brand:延庆观,10-15,A,金水区,国贸360,口味:3.7 环境:3.7 服务:3.7,461,1,,0,可乐雪碧芬达_延庆观鸡米花_延庆观琵琶腿_秘制鸡叉骨_延庆观鸡柳_延庆观炸翅根_延庆观全翅_鸡米花_延庆观牙签肉_哈尔滨啤酒,,
H9RUbwF8tHV2KvBJ,御膳叉骨炸鸡(经七路店),中式,False,C:品牌映射,brand:御膳,鸡翅+鸡架/锁骨/叉骨+鸡块/鸡米花/鸡柳,True,C:品牌映射,brand:御膳,生炸/现炸,False,C:品牌映射,brand:御膳,椒盐,False,C:品牌映射,brand:御膳,档口/摊位,False,C:品牌映射,brand:御膳,15-20,A,金水区,国贸360,口味:3.7 环境:3.7 服务:3.7,18,1,1,0,招牌鸡米花_雪花鸡柳_雪花啤酒_鸡翅根_山楂汁_御膳鸡块买送_无骨牙签肉_咖啡_香脆鸡翅根_招牌鸡叉骨,,
k3ZKw76a5zFuVrPl,老韩煸鸡·中国炸鸡(国贸360店),中式,True,A:菜品直接证据,香酥鸡;无骨炸鸡,整鸡/大单品+鸡腿+鸡架/锁骨/叉骨+鸡块/鸡米花/鸡柳,True,A:菜品直接证据,香酥鸡;鸡腿;鸡架;鸡块,生炸/现炸,True,A:菜品直接证据,生炸;煸,原味,True,A:菜品直接证据,香酥;麻辣,堂食+外卖+团购,False,B:多字段组合,外卖:1/团购:1,20-30,A,金水区,国贸360,口味:4.4 环境:4.4 服务:4.4,654,1,1,4,干煸激情伴翅_香酥鸡叉骨_香酥皮皮鸡_干煸开花鸡腿_干煸生炸鸡架_干煸脆脆骨_干煸牙签肉_米香鸡块_干煸多肉叉骨_新品干煸筋棒腿,,
G4cl8nbOflpa9ZCO,工人路炸鸡(花园路店),复合型,False,A:菜品直接证据,双拼,鸡腿+鸡翅,True,A:菜品直接证据,鸡腿;鸡翅,Unknown,False,D:无证据,,椒盐,False,A:菜品直接证据,椒盐,堂食+外卖+团购,False,B:多字段组合,外卖:1/团购:1,15-20,A,金水区,国贸360,口味:3.9 环境:3.9 服务:3.9,50,1,1,0,喷香鸡全翅_招牌炸鸡翅_购雪碧mini瓶_鸡腿鸡翅双拼,,
l6nASnZGN1dI2zos,郑州老西郊鲜炸鸡(新田360广场国贸店),复合型,False,A:菜品直接证据,双拼,鸡腿,True,A:菜品直接证据,鸡腿;鸡翅;鸡架,生炸/现炸,False,C:店名推断,鲜炸,香辣,True,A:菜品直接证据,香辣;孜然,含外卖,False,B:外卖字段,1,20-30,A,金水区,国贸360,口味:3.7 环境:3.7 服务:3.7,50,1,,0,老西郊麻辣鸡架_炸双拼,,
k5TiXvXvu0QwHvNb,小憩碗呈·炸鸡铺(花园路丹尼斯店),韩式,False,A:菜品直接证据,韩式,整鸡/大单品+鸡腿,True,A:菜品直接证据,脆皮鸡;鸡腿,裹粉炸,False,A:菜品直接证据,脆皮,香辣+蒜香+甜辣,True,A:菜品直接证据,辣;蒜香;甜辣,堂食+外卖+团购,False,B:多字段组合,外卖:1/团购:1,10-15,A,金水区,国贸360,口味:4.0 环境:4.0 服务:4.0,84,1,1,0,甜辣炸鸡_蒜香炸鸡_芝士炸鸡_特惠薯条_超辣炸鸡_炸鸡全家桶_招牌鱿鱼圈_脆皮鸡腿_炸年糕_罐装雪碧,,
k7vV4Qseo056W1Kd,韩国炸鸡啤酒屋(金水店),韩式,False,C:店名推断,韩国炸鸡,Unknown,False,D:无证据,,Unknown,False,D:无证据,,Unknown,False,D:无证据,,含外卖,False,B:外卖字段,1,20-30,A,金水区,国贸360,口味:3.7 环境:3.8 服务:3.8,5,1,,0,,,
G1ZAGOj8rcajZyLK,扫街口炸物集合,Unknown,False,D:无证据,,Unknown,False,D:无证据,,Unknown,False,D:无证据,,Unknown,False,D:无证据,,Unknown,False,D:无证据,,Unknown,D,金水区,国贸360,,,,,0,,,
iAScXxdwlcunPy0L,鸡星高照·烤鸡王·焖面·炒饭,Unknown,False,D:无证据,,鸡腿+鸡排,True,A:菜品直接证据,鸡小腿;鸡排,烤炸复合,False,C:店名推断,烤鸡,Unknown,False,D:无证据,,含团购,False,B:团购字段,1,Unknown,D,金水区,国贸360,,,,1,0,鸡小腿_大脸鸡排,,
k1cRRGEI4V0Bq1bS,胡夫炸串,中式,False,C:品牌映射,brand:胡夫,鸡架/锁骨/叉骨,False,C:品牌映射,brand:胡夫,生炸/现炸,False,C:品牌映射,brand:胡夫,香辣,False,C:品牌映射,brand:胡夫,档口/摊位,False,C:品牌映射,brand:胡夫,15-20,A,金水区,国贸360,,,,,0,,,
k57aMTjcbbAG6dFQ,小饭粒儿·炸鸡·拌饭(韩式炸鸡·烤肉拌饭店),Unknown,False,D:无证据,,整鸡/大单品+鸡块/鸡米花/鸡柳,True,A:菜品直接证据,大鸡;鸡块,Unknown,False,D:无证据,,Unknown,False,D:无证据,,含团购,False,B:团购字段,1,Unknown,D,金水区,国贸360,,,,1,0,大鸡块,,
k2elSX2BYZ8NDo9e,知味满中式炸鸡,中式,False,C:店名推断,中式炸鸡,整鸡/大单品+鸡排,True,A:菜品直接证据,大鸡;鸡腿;翅中;鸡排;鸡叉骨;鸡柳,生炸/现炸,False,A:菜品直接证据,现炸,Unknown,False,D:无证据,,堂食+外卖+团购,False,B:多字段组合,外卖:1/团购:1,Unknown,D,金水区,国贸360,口味:3.7 环境:3.8 服务:3.8,19,1,1,0,爆香大鸡排,,
k7P3SofwuyaYiHwE,元掌门老式炸鸡(红专路店),中式,False,C:品牌映射,brand:元掌门,鸡翅+鸡架/锁骨/叉骨+鸡块/鸡米花/鸡柳+鸡脖/其他部位,True,C:品牌映射,brand:元掌门,生炸/现炸,False,C:品牌映射,brand:元掌门,香辣+蒜香,True,C:品牌映射,brand:元掌门,档口/摊位,False,C:品牌映射,brand:元掌门,15-20,A,金水区,经三路沿线,口味:4.0 环境:4.0 服务:4.0,14,1,1,0,手工鲜鸡柳_麻辣鸡架_鲜肉鸡叉骨_脆骨贝贝肉_焦香鸡胗_蒜香鸡翅_老式鸡叉骨,,
l2sIAPYYc96gmA9g,叫了只炸鸡(二七店),中式,False,C:品牌映射,brand:叫了只,整鸡/大单品+鸡腿+鸡块/鸡米花/鸡柳,True,C:品牌映射,brand:叫了只,生炸/现炸,False,C:品牌映射,brand:叫了只,原味,False,C:品牌映射,brand:叫了只,外卖型,False,C:品牌映射,brand:叫了只,20-30,A,金水区,大上海城,口味:3.5 环境:3.5 服务:3.5,12,1,,0,爆浆冰面包_黄金蟹堡_黑椒鸡块_鱿鱼_玉米布丁酥_大鹏展翅_黄金蟹脚棒_脆皮大鸡腿_柠檬红茶_比初恋还甜的红豆派,,
k9uhWlaoC1k3gV2v,爆掌柜生炸鸡架(人民路店),中式,False,C:品牌映射,brand:爆掌柜,鸡腿+鸡架/锁骨/叉骨+鸡块/鸡米花/鸡柳+鸡脖/其他部位,True,C:品牌映射,brand:爆掌柜,生炸/现炸,False,C:品牌映射,brand:爆掌柜,香辣,False,C:品牌映射,brand:爆掌柜,档口/摊位,False,C:品牌映射,brand:爆掌柜,10-15,A,金水区,大上海城,口味:4.0 环境:4.0 服务:4.0,227,1,1,11,生炸小鸡腿_柠檬爆汁鸡叉骨_锅巴土豆_生炸鸡心_生炸鸡脖_生炸鸡柳_手枪腿第二只半价_无骨鸡柳_五香里脊肉夹饼_咖喱鸡柳肉夹饼,,
k1n5aIeZWUmiLMKh,延庆观炸鸡(人民路店),中式,False,C:品牌映射,brand:延庆观,鸡腿+鸡翅+鸡块/鸡米花/鸡柳+鸡脖/其他部位,True,C:品牌映射,brand:延庆观,卤炸,False,C:品牌映射,brand:延庆观,原味,False,C:品牌映射,brand:延庆观,档口/摊位,False,C:品牌映射,brand:延庆观,10-15,A,金水区,大上海城,口味:3.8 环境:4.0 服务:4.0,64,1,1,0,鸡米花和翅根两掺拼盘_金星啤酒_香脆鸡皮_黑胡椒粉_脆骨肉_招牌鸡米花_延庆观琵琶腿_全翅_酸梅粉,,
laPOjLCjKSUZZMGg,老周烙馍卷面筋,Unknown,False,D:无证据,,Unknown,False,D:无证据,,Unknown,False,D:无证据,,Unknown,False,D:无证据,,含外卖,False,B:外卖字段,1,Unknown,D,金水区,大上海城,口味:3.5 环境:3.5 服务:3.5,2,1,,0,,,
laTw5NKIFjoyYjiV,POTATO BOX CLUB 卷卷薯条炸鸡(国贸店),中式,False,A:菜品直接证据,脆皮炸鸡,鸡腿,True,A:菜品直接证据,鸡腿;鸡米花,裹粉炸,False,A:菜品直接证据,脆皮,甜辣,False,A:菜品直接证据,芝士,堂食+外卖+团购,False,B:多字段组合,外卖:1/团购:1,15-20,A,金水区,国贸360,口味:4.1 环境:4.1 服务:4.2,98,1,1,0,古法冰糖雪梨水_爆汁双层猪排堡_尼泊尔土豆泥三角_尔湾锅巴土豆,,
G2fkMgI3n7j0S102,优品小民炸鸡炸鱼(郑密路店),Unknown,False,D:无证据,,鸡腿+鸡块/鸡米花/鸡柳+鸡脖/其他部位,True,A:菜品直接证据,鸡腿;鸡翅;鸡叉骨;鸡米花;鸡皮,Unknown,False,D:无证据,,Unknown,False,D:无证据,,Unknown,False,D:无证据,,30-50,A,二七区,大商/升龙城,口味:3.6 环境:3.5 服务:3.5,9,,,0,扒皮鱼_带鱼_龙利鱼_鸡皮_无骨鸡块_鸡腿肉_鸡米花_鸡柳,,
k3RfIv4VQVrH2nMu,米姐炸串(黄河路店),Unknown,False,D:无证据,,鸡脖/其他部位,False,A:菜品直接证据,鸡皮,Unknown,False,D:无证据,,原味+黑胡椒,True,A:菜品直接证据,香酥;黑胡椒,堂食+外卖+团购,False,B:多字段组合,外卖:1/团购:1,Unknown,D,二七区,大石桥/体育场,口味:3.6 环境:3.6 服务:3.6,2,1,1,0,洋葱_里脊肉串_生菜_胡萝卜_炸饼丨剪碎拌串_香酥棒棒鸡_黑胡椒纯肉烤肠_酥肉_海带串_奶香小馒头,,
G2Jm1zY04CFdZTRs,南仓街炸鸡(卫生路店),美式/西式,False,A:菜品直接证据,美式,整鸡/大单品+鸡腿,True,A:菜品直接证据,大鸡;鸡腿,Unknown,False,D:无证据,,原味+香辣,True,A:菜品直接证据,香酥;辣椒,堂食+外卖+团购,False,B:多字段组合,外卖:1/团购:1,20-30,A,二七区,大石桥/体育场,口味:3.9 环境:3.8 服务:3.7,24,1,1,0,美式大鸡腿_辣椒油_小笋鸡_香酥琵琶腿_无骨炸腿排_特色油炸烧鸡,,
G1uXIJsivs1p0UtY,延庆观炸鸡(沙口路店),中式,False,C:品牌映射,brand:延庆观,鸡翅+鸡架/锁骨/叉骨+鸡块/鸡米花/鸡柳+鸡脖/其他部位,True,C:品牌映射,brand:延庆观,卤炸,False,C:品牌映射,brand:延庆观,原味+椒盐+黑胡椒,True,C:品牌映射,brand:延庆观,档口/摊位,False,C:品牌映射,brand:延庆观,15-20,A,二七区,大石桥/体育场,口味:3.8 环境:3.8 服务:3.8,480,1,1,0,招牌鸡米花_延庆观鸡皮_椒盐撒粉_黑胡椒粉_黄金翅根_鸡全翅_经典翅中_延庆鸡叉骨_延庆观鸡米花_延庆观鸡叉骨,,
l9JLl5XZtwJCtYAU,御膳叉骨炸鸡(优胜店),中式,False,C:品牌映射,brand:御膳,整鸡/大单品+鸡腿,True,C:品牌映射,brand:御膳,生炸/现炸,False,C:品牌映射,brand:御膳,椒盐,False,C:品牌映射,brand:御膳,档口/摊位,False,C:品牌映射,brand:御膳,15-20,A,二七区,大石桥/体育场,口味:3.9 环境:3.8 服务:3.9,20,1,1,0,招牌鸡腿肉_招牌脆骨肉_脆皮鸡腿_招牌龙骨肉_油炸脆骨肉_罐装可乐_罐装雪碧,,
la8v1nwQbO0yorCq,御膳叉骨炸鸡(北仓中街店),中式,False,C:品牌映射,brand:御膳,鸡腿+鸡翅+鸡块/鸡米花/鸡柳+鸡脖/其他部位,True,C:品牌映射,brand:御膳,生炸/现炸,False,C:品牌映射,brand:御膳,椒盐,False,C:品牌映射,brand:御膳,档口/摊位,False,C:品牌映射,brand:御膳,15-20,A,二七区,大石桥/体育场,口味:3.4 环境:3.5 服务:3.5,4,,1,0,鸡皮_奶茶_翅根_咖啡瓶装_老冰棒_老汽水_无骨鸡柳_特色鸡腿肉_龙骨脆_原味奶茶瓶装,,
H4O8EeHRzNmjewsH,炸货郎(沙口路店),Unknown,False,D:无证据,,整鸡/大单品+鸡块/鸡米花/鸡柳,True,A:菜品直接证据,全鸡;翅根;叉骨;鸡柳;鸡皮,裹粉炸,False,A:菜品直接证据,脆皮,Unknown,False,D:无证据,,含团购,False,B:团购字段,1,Unknown,D,二七区,大石桥/体育场,口味:3.4 环境:3.4 服务:3.4,7,,1,0,爆浆大麻花团_无骨鸡柳_秘制炸全鸡,,
G9MQrgU3aEapaJHF,延庆观炸鸡(建文店),中式,False,C:品牌映射,brand:延庆观,整鸡/大单品,False,C:品牌映射,brand:延庆观,卤炸,False,C:品牌映射,brand:延庆观,原味,False,C:品牌映射,brand:延庆观,档口/摊位,False,C:品牌映射,brand:延庆观,20-30,A,二七区,大石桥/体育场,口味:3.9 环境:3.8 服务:4.0,46,1,,0,鸡翅,,
jDDXWAevZnKBvXMy,鱼小哥·无刺炸鱼(王府坟店),Unknown,False,D:无证据,,Unknown,False,D:无证据,,Unknown,False,D:无证据,,Unknown,False,D:无证据,,含外卖,False,B:外卖字段,1,Unknown,D,二七区,大石桥/体育场,口味:3.5 环境:3.5 服务:3.5,3,1,,0,,,
k8JvOfOjR3brAUlV,老周烙馍卷面筋(摩尔花园店),Unknown,False,D:无证据,,Unknown,False,D:无证据,,裹粉炸,False,A:菜品直接证据,脆皮,Unknown,False,D:无证据,,含外卖,False,B:外卖字段,1,10-15,A,二七区,大石桥/体育场,口味:3.8 环境:3.8 服务:3.8,5,1,,0,奶香小馒头,,
H2KT2EcutAcp4NtY,御膳叉骨(瑞隆城店),中式,False,C:品牌映射,brand:御膳,鸡架/锁骨/叉骨,False,C:品牌映射,brand:御膳,生炸/现炸,False,C:品牌映射,brand:御膳,椒盐,False,C:品牌映射,brand:御膳,档口/摊位,False,C:品牌映射,brand:御膳,15-20,A,二七区,大石桥/体育场,口味:3.5 环境:3.5 服务:3.4,5,1,,0,,,
l7g5XH3gw83Op6oW,申向国鸡柳卷饼(升龙城8号院店),中式,False,C:品牌映射,brand:申向国,鸡块/鸡米花/鸡柳,False,C:品牌映射,brand:申向国,生炸/现炸,False,C:品牌映射,brand:申向国,原味,False,C:品牌映射,brand:申向国,档口/摊位,False,C:品牌映射,brand:申向国,10-15,A,二七区,大商/升龙城,口味:3.5 环境:3.5 服务:3.5,36,1,1,13,,,
ju6WGG3A8CXa0MJn,香酥炸鸡(升龙城8号院店),Unknown,False,D:无证据,,整鸡/大单品+鸡腿+鸡翅+鸡排+鸡块/鸡米花/鸡柳,True,A:菜品直接证据,大鸡;鸡腿;鸡翅;鸡排;叉骨;鸡米花,裹粉炸,False,C:店名推断,酥炸,黑胡椒+酸甜,True,A:菜品直接证据,蒜香;黑胡椒;甘梅,堂食+外卖+团购,False,B:多字段组合,外卖:1/团购:1,<10,A,二七区,大商/升龙城,口味:3.4 环境:3.4 服务:3.4,6,1,1,0,招牌无骨鸡腿肉_烧烤味大鸡排_招牌无骨鸡柳_招牌脆骨肉_甘梅味大鸡排_黑胡椒味大鸡排_鸡翅根,,
l53mXC7gD4frh97d,豫盛和抖鸡(升龙城8号院店),Unknown,False,D:无证据,,鸡脖/其他部位,False,A:菜品直接证据,鸡爪,Unknown,False,D:无证据,,甜辣,True,A:菜品直接证据,蜂蜜;椒麻,含团购,False,B:团购字段,1,20-30,A,二七区,大商/升龙城,口味:3.5 环境:3.5 服务:3.5,9,,1,0,藤椒脱骨鸡爪_蜂蜜梨罐头_猪脸_开封兴德盛花生_鸡汤豆皮,,
k6yCy5Ih3tRu7aGi,延庆观炸鸡(优胜南路店),中式,False,C:品牌映射,brand:延庆观,鸡腿+鸡翅+鸡架/锁骨/叉骨+鸡脖/其他部位,True,C:品牌映射,brand:延庆观,卤炸,False,C:品牌映射,brand:延庆观,原味,False,C:品牌映射,brand:延庆观,档口/摊位,False,C:品牌映射,brand:延庆观,20-30,A,二七区,大石桥/体育场,口味:4.0 环境:4.0 服务:4.0,168,1,1,0,牙签肉_鸡皮_哈啤_馋嘴叉骨_清新爽口雪碧_鸡腿_爽口菠萝啤_翅根特惠装_翅对碰_爽口芬达,,
l8BUSAkXxfTZxTuy,窝窝叫炸鸡店,Unknown,False,D:无证据,,整鸡/大单品+鸡排,True,A:菜品直接证据,大鸡;鸡排,Unknown,False,D:无证据,,Unknown,False,D:无证据,,含团购,False,B:团购字段,1,10-15,A,二七区,大石桥/体育场,,,,1,0,蚕蛹_蚂蚱_正大鸡排,,
k207x25FETZEubDs,酥鱼坊·江南糖醋酥鱼,Unknown,False,D:无证据,,鸡块/鸡米花/鸡柳,False,A:菜品直接证据,鸡块,Unknown,False,D:无证据,,黑胡椒,False,A:菜品直接证据,黑椒,含团购,False,B:团购字段,1,<10,A,二七区,大商/升龙城,,3,,1,0,炸小扒皮鱼_海苔鸡柳_老上海酥鱼_黑椒鸡块,,
k2ON1xNZtEHyrnjA,广场炸鸡,Unknown,False,D:无证据,,Unknown,False,D:无证据,,Unknown,False,D:无证据,,Unknown,False,D:无证据,,商场店,False,C:店名推断,广场,10-15,A,二七区,大商/升龙城,口味:3.4 环境:3.4 服务:3.4,,,,0,,,
G2SiEdD3lPmjS0NV,炸鸡草FCM给料放题自助(郑州国贸360店),美式/西式,False,A:菜品直接证据,原味鸡,鸡腿+鸡排,True,A:菜品直接证据,鸡腿;鸡排;鸡块,裹粉炸,False,A:菜品直接证据,脆皮,原味+黑胡椒+酸甜,True,A:菜品直接证据,原味;黑椒;番茄,堂食+外带,False,C:店名推断,自助,30-50,A,金水区,国贸360,口味:4.0 环境:4.0 服务:4.1 品种:4.1,1266,1,1,0,脆皮原味鸡腿肉_深海大虾堡_橄榄黑椒肉酱意面_现调机饮料畅饮_榴莲披萨_博洛尼亚番茄意面_布洛尼亚意面_咔滋脆鸡排_至尊披萨,,
k3MKCkbT0foBg67N,叫了只鸡(国贸旗舰店),中式,False,C:品牌映射,brand:叫了只,鸡腿+鸡翅+鸡架/锁骨/叉骨+鸡脖/其他部位,True,C:品牌映射,brand:叫了只,生炸/现炸,False,C:品牌映射,brand:叫了只,孜然+酱香,True,C:品牌映射,brand:叫了只,外卖型,False,C:品牌映射,brand:叫了只,20-30,A,金水区,国贸360,口味:3.6 环境:3.6 服务:3.6,50,1,1,0,神奇的鸡_鸡腿_孜然鸡_翅根_奥尔良手枪腿_鸡胗小把串_鲜炸椰奶_藤椒鸡肉条_藤椒鸡球_椒香鸡叉骨,,
k2pOIMqhGXbKA7yb,猪大顺·自助烤肉炸鸡(360国贸店),Unknown,False,D:无证据,,Unknown,False,D:无证据,,Unknown,False,D:无证据,,Unknown,False,D:无证据,,堂食+外带,False,C:店名推断,自助,30-50,A,金水区,国贸360,口味:4.4 环境:4.4 服务:4.5,1033,,,3,牛排,,
HaDL8uJ7xdlcjwW8,刘婉婉生炸妙龄鸡(巩义店),中式,False,C:品牌映射,brand:刘婉婉,鸡块/鸡米花/鸡柳+鸡脖/其他部位,True,C:品牌映射,brand:刘婉婉,生炸/现炸,False,C:品牌映射,brand:刘婉婉,原味+香辣,True,C:品牌映射,brand:刘婉婉,档口/摊位,False,C:品牌映射,brand:刘婉婉,<10,A,巩义市,巩义东区,口味:3.9 环境:3.9 服务:3.9,21,,1,7,鸡背肉_无骨上腿肉_香酥炸鸡皮_黄金鸡肉卷_无骨辣子鸡_奶香地瓜条_现炸黄金鸡柳,,
H9slTwJvr6DYNF4X,钱串串炸串拌饭,Unknown,False,D:无证据,,鸡块/鸡米花/鸡柳,False,A:菜品直接证据,鸡块,Unknown,False,D:无证据,,Unknown,False,D:无证据,,含外卖,False,B:外卖字段,1,10-15,A,巩义市,巩义东区,口味:3.9 环境:3.9 服务:3.9,11,1,,0,炸串拌饭_清汤米线_素丸子_五星鸡块_自制棒棒鸡_五香豆腐_面筋圈_老式米线,,
G3r9mCwm0V909icP,禄怡中国炸鸡,中式,False,C:店名推断,中国炸鸡,Unknown,False,D:无证据,,Unknown,False,D:无证据,,Unknown,False,D:无证据,,Unknown,False,D:无证据,,Unknown,D,新郑市,工程学院/万佳,,,,,0,,,
H15tvhvKk8OEib3I,小伟炸鸡(锦里路店),中式,False,A:菜品直接证据,香酥鸡,整鸡/大单品+鸡腿+鸡翅+鸡架/锁骨/叉骨+鸡脖/其他部位,True,A:菜品直接证据,整鸡;鸡腿;鸡翅;鸡叉骨;鸡丁;鸡皮,Unknown,False,D:无证据,,原味,True,A:菜品直接证据,香酥;甘梅,堂食+外卖+团购,False,B:多字段组合,外卖:1/团购:1,20-30,A,巩义市,巩义东区,口味:3.4 环境:3.4 服务:3.4,4,1,1,0,香酥鸡皮_招牌手枪腿_美味鸡叉骨_烧鸡_凤爪_翅尖_鸡胗子_鸡肝_香酥鸭_花生米,,
G9d99RFfc7wJW6eZ,皇后炸鸡,Unknown,False,D:无证据,,Unknown,False,D:无证据,,Unknown,False,D:无证据,,Unknown,False,D:无证据,,Unknown,False,D:无证据,,Unknown,D,新密市,新密市,,,,,0,,,
laW7cQFPevTVuACH,多美士炸鸡汉堡(祥云路店),美式/西式,False,C:品牌映射,brand:多美士,鸡翅+鸡排,True,C:品牌映射,brand:多美士,裹粉炸,False,C:品牌映射,brand:多美士,香辣+酱香,True,C:品牌映射,brand:多美士,外卖型,False,C:品牌映射,brand:多美士,10-15,A,新郑市,工程学院/万佳,口味:3.5 环境:3.5 服务:3.5,6,1,1,11,真香翅盒_黄金紫薯酥_爆浆鸡排_奥尔良烤腿堡_香辣大翅根_骨肉相_冰柠果蜜柠檬汁_韩式炸鸡_招牌连心脆,,
Ha9T2vsTLnSb90EH,多美士炸鸡汉堡(侯庄店),美式/西式,False,C:品牌映射,brand:多美士,鸡排,False,C:品牌映射,brand:多美士,裹粉炸,False,C:品牌映射,brand:多美士,原味,False,C:品牌映射,brand:多美士,外卖型,False,C:品牌映射,brand:多美士,10-15,A,新郑市,工程学院/万佳,口味:3.6 环境:3.6 服务:3.6,4,1,1,11,牛肉汉堡_至珍七虾堡_劲脆鸡腿堡_酷啦啦排骨_蟹黄堡_玉米杯_海苔洋葱圈_coco虾_黄金鸡棒_紫菜蛋花汤,,
l6rqvcZE4Ud3LOhC,多美士炸鸡汉堡(文昌路店),美式/西式,False,C:品牌映射,brand:多美士,整鸡/大单品+鸡翅+鸡块/鸡米花/鸡柳,True,C:品牌映射,brand:多美士,裹粉炸,False,C:品牌映射,brand:多美士,甜辣+酱香+酸甜,True,C:品牌映射,brand:多美士,外卖型,False,C:品牌映射,brand:多美士,10-15,A,新郑市,工程学院/万佳,口味:3.6 环境:3.6 服务:3.6,13,1,1,11,双堡一卷_骨肉相连_黄金蝴蝶虾_橙汁_蟹黄堡_超级牛肉汉堡_芝士拉丝热狗棒_霸王鸡块_蜜汁烤鸡_藤椒翅尖,,
k6mYImdsk4cS9m0u,美事堡汉堡炸鸡(工程店),中式,True,A:菜品直接证据,香酥鸡;韩式,整鸡/大单品+鸡腿+鸡排,True,A:菜品直接证据,全鸡;鸡腿;鸡排,裹粉炸,True,A:菜品直接证据,脆皮;烤鸡,原味+香辣+酱香+酸甜,True,A:菜品直接证据,香酥;香辣;奥尔良;菠萝,堂食+外卖+团购,False,B:多字段组合,外卖:1/团购:1,15-20,A,新郑市,工程学院/万佳,口味:3.6 环境:3.7 服务:3.8,17,1,1,0,紫薯豌豆派_香辣小腿_新奥尔良烤肉卷_香芋派_牛肉汉堡_菠萝派_蛋挞_香酥鸡排_脆皮炸全鸡_新奥尔良烤鸡腿堡,,
iJmB71Taxd1iO1Zh,炸鸡炸鱼,Unknown,False,D:无证据,,Unknown,False,D:无证据,,Unknown,False,D:无证据,,Unknown,False,D:无证据,,Unknown,False,D:无证据,,Unknown,D,中原区,高新区,,,,,0,,,
HaQvbreXnkQc9Aok,连连看炸鸡饭(职院店),Unknown,False,D:无证据,,鸡排,False,A:菜品直接证据,鸡排,Unknown,False,D:无证据,,香辣+黑胡椒,True,A:菜品直接证据,香辣;黑椒,含外卖,False,B:外卖字段,1,Unknown,D,管城回族区,黄河科技大学城,,,1,,0,黑椒肉肠_鸡肉煲米饭_香辣鸡排,,
H1WEPJuSA5T76uBF,维莱客汉堡炸鸡饮品,韩式,False,C:品牌映射,brand:莱客,鸡块/鸡米花/鸡柳,False,C:品牌映射,brand:莱客,裹粉炸,False,C:品牌映射,brand:莱客,甜辣,False,C:品牌映射,brand:莱客,外卖型,False,C:品牌映射,brand:莱客,15-20,A,金水区,龙子湖校区,口味:3.4 环境:3.4 服务:3.4,,,,0,一担粮_毛尖啤酒_小鱼花生_一担粮酒_梅见_一斤劲酒_鸡翅尖_鱿鱼尖_西凤酒_郎酒,,
H3TaNqs7Wdg8ywPm,爱尚炸串饭,Unknown,False,D:无证据,,鸡块/鸡米花/鸡柳,False,A:菜品直接证据,鸡块,Unknown,False,D:无证据,,Unknown,False,D:无证据,,含外卖,False,B:外卖字段,1,Unknown,D,管城回族区,黄河科技大学城,,1,1,,0,拌烧饼_拌布袋馍_星星鸡块串_脆骨麦穗肠_布袋馍_拌米饭,,
laKxk5Zvx8isMbbN,酷比乐炸鸡汉堡,韩式,False,A:菜品直接证据,韩式,整鸡/大单品+鸡腿+鸡排+鸡块/鸡米花/鸡柳,True,A:菜品直接证据,大鸡;鸡腿;烤翅;鸡排;鸡米花,裹粉炸,True,A:菜品直接证据,脆皮;烤翅,原味+香辣+黑胡椒,True,A:菜品直接证据,原味;香辣;黑胡椒;奥尔良,含外卖,False,B:外卖字段,1,15-20,A,管城回族区,黄河科技大学城,口味:3.5 环境:3.5 服务:3.5,3,1,,0,黑椒鸡块_秘制霸王鸡_劲爆鸡米花_大鸡排_脆皮鸡腿_甜牛奶_可乐换热饮_辣子鸡丁盖浇饭_原味奶茶_草莓味奶茶,,
la7VASKRNFwXL2PK,叫了只鸡(马寨店),中式,False,C:品牌映射,brand:叫了只,整鸡/大单品,False,C:品牌映射,brand:叫了只,生炸/现炸,False,C:品牌映射,brand:叫了只,原味,False,C:品牌映射,brand:叫了只,外卖型,False,C:品牌映射,brand:叫了只,20-30,A,二七区,马寨镇,口味:3.6 环境:3.6 服务:3.6,4,1,,0,招牌炸鸡_新比翼双飞_新一代啤酒_叫香鸡米花_薯一薯二_小食拼盘_巨好次烤饼_美味红薯条_川香鸡柳_本店主营炸鸡,,
G1pVgIwbRSxaQZr8,,Unknown,False,D:无证据,,Unknown,False,D:无证据,,Unknown,False,D:无证据,,Unknown,False,D:无证据,,Unknown,False,D:无证据,,Unknown,D,中原区,,,,,,0,,,
laRciLzByO7NrrDU,全国连锁,Unknown,False,D:无证据,,Unknown,False,D:无证据,,Unknown,False,D:无证据,,Unknown,False,D:无证据,,Unknown,False,D:无证据,,10-15,A,中原区,高新区,,,,,0,,,
H8MpcrEkRzmH9B5E,炸鸡·久久鸭脖,Unknown,False,D:无证据,,Unknown,False,D:无证据,,Unknown,False,D:无证据,,Unknown,False,D:无证据,,Unknown,False,D:无证据,,Unknown,D,新密市,新密市,,,,,0,,,
l80A6flOMLOTuHoo,小眼眯炸鸡(金华路店),Unknown,False,D:无证据,,鸡架/锁骨/叉骨,True,A:菜品直接证据,鸡叉骨;鸡米花,Unknown,False,D:无证据,,酸甜,False,A:菜品直接证据,菠萝,Unknown,False,D:无证据,,10-15,A,上街区,铝城公园,,,,,0,花花牛益生菌,,
G2rVU08yMTmGHss5,叉骨炸鸡,Unknown,False,D:无证据,,鸡架/锁骨/叉骨,False,C:店名推断,叉骨,Unknown,False,D:无证据,,Unknown,False,D:无证据,,Unknown,False,D:无证据,,Unknown,D,金水区,龙子湖校区,,,,,0,,,
laMqWR9E7wSpNTJV,爱上叉骨炸鸡(姚桥店),中式,False,A:菜品直接证据,香酥鸡,整鸡/大单品+鸡腿+鸡架/锁骨/叉骨,True,A:菜品直接证据,脆皮鸡;鸡腿;鸡翅;叉骨;鸡块,裹粉炸,False,A:菜品直接证据,脆皮,原味,True,A:菜品直接证据,香酥;番茄,含外卖,False,B:外卖字段,1,15-20,A,金水区,龙子湖校区,口味:3.6 环境:3.6 服务:3.6,3,1,,0,龙骨脆_黄金小叉骨_优质烤肠_无骨鸡腿肉_香酥鸡腿,,
l869YCcdk5YMs3Rq,Hello I'm薯条炸鸡(华北水利水电大学店),Unknown,False,D:无证据,,Unknown,False,D:无证据,,Unknown,False,D:无证据,,Unknown,False,D:无证据,,含外卖,False,B:外卖字段,1,Unknown,D,金水区,龙子湖校区,口味:3.6 环境:3.6 服务:3.6,,1,,0,泰椒薯条炸鸡,,
H2cHgyf2f4dVlOHM,老河大焖烤鸡腿饼(翰林国际城店),Unknown,False,D:无证据,,整鸡/大单品+鸡腿+鸡脖/其他部位,True,A:菜品直接证据,烤鸡;鸡腿;鸡皮,烤炸复合,False,A:菜品直接证据,烤鸡,Unknown,False,D:无证据,,含团购,False,B:团购字段,1,10-15,A,中原区,工大新校区,口味:3.5 环境:3.5 服务:3.5,22,,1,0,鸡腿饼_一饼两吃_焖烤鸡皮饼,,
l24Wy8WKxDj3kKP7,胡夫炸串(谦祥万和城店),中式,False,C:品牌映射,brand:胡夫,鸡架/锁骨/叉骨,False,C:品牌映射,brand:胡夫,生炸/现炸,False,C:品牌映射,brand:胡夫,香辣,False,C:品牌映射,brand:胡夫,档口/摊位,False,C:品牌映射,brand:胡夫,15-20,A,中原区,工大新校区,口味:3.5 环境:3.5 服务:3.5,42,1,1,5,广式小腊肠_胡夫掌中宝_包菜_黄金玉米粒_招牌肉酱拌面_当红辣子鸡_金汤酸菜面_剁椒面_菌汤鲜香砂锅土豆粉_炸饼,,
k8t5FNE3KOtn0ITF,遇见炸鸡叉骨炸鸡饭,Unknown,False,D:无证据,,整鸡/大单品+鸡腿+鸡架/锁骨/叉骨+鸡块/鸡米花/鸡柳,True,A:菜品直接证据,脆皮鸡;鸡腿;叉骨;鸡柳,裹粉炸,False,A:菜品直接证据,脆皮,原味,False,A:菜品直接证据,经典,堂食+外卖+团购,False,B:多字段组合,外卖:1/团购:1,10-15,A,中原区,工大新校区,口味:3.8 环境:3.8 服务:3.8,17,1,1,0,黄金薯塔_手工叉骨_黄金脆皮淀粉肠_手工鸡柳_脆皮鸡土豆泥拌饭_经典雪花络_龙脆骨_黄金脆皮鱼鳞小鸡腿_手工烧饼夹嫩滑去骨鸡腿肉,,
jcmizY4cEXUdTG1A,元掌门老式炸鸡(莲花街店),中式,False,C:品牌映射,brand:元掌门,鸡翅+鸡架/锁骨/叉骨+鸡块/鸡米花/鸡柳+鸡脖/其他部位,True,C:品牌映射,brand:元掌门,生炸/现炸,False,C:品牌映射,brand:元掌门,香辣+蒜香,True,C:品牌映射,brand:元掌门,档口/摊位,False,C:品牌映射,brand:元掌门,15-20,A,中原区,工大新校区,口味:3.7 环境:3.7 服务:3.7,1,1,1,0,鸡皮_麻辣鸡架_鲜肉鸡叉骨_蒜香鸡翅_脆骨贝贝肉_焦香鸡胗_老式鸡叉骨_鸡肉棒_手工鲜鸡柳,,
G6cqeUwrsINJJrOl,炸串月亮馍(翰林商业广场店),Unknown,False,D:无证据,,Unknown,False,D:无证据,,Unknown,False,D:无证据,,Unknown,False,D:无证据,,含外卖,False,B:外卖字段,1,Unknown,D,中原区,工大新校区,口味:3.4 环境:3.4 服务:3.4,1,1,,0,,,
k1t0wF39cLsaxLjH,飞飞怪味鸡(郑大工大店),Unknown,False,D:无证据,,鸡架/锁骨/叉骨,False,A:菜品直接证据,叉骨,Unknown,False,D:无证据,,Unknown,False,D:无证据,,堂食+外卖+团购,False,B:多字段组合,外卖:1/团购:1,<10,A,中原区,工大新校区,口味:3.5 环境:3.4 服务:3.2,25,1,1,0,怪味香菇_怪味叉骨,,
H69QwQas5TTj12yZ,鸡柳大人(中原区悦店),中式,False,C:品牌映射,brand:鸡柳大人,整鸡/大单品+鸡翅+鸡架/锁骨/叉骨+鸡块/鸡米花/鸡柳,True,C:品牌映射,brand:鸡柳大人,生炸/现炸,False,C:品牌映射,brand:鸡柳大人,原味+酱香,True,C:品牌映射,brand:鸡柳大人,档口/摊位,False,C:品牌映射,brand:鸡柳大人,10-15,A,中原区,工大新校区,口味:3.5 环境:3.7 服务:3.6,20,1,1,36,鸡柳薯条年糕三合一_空气年糕_蜜汁鸡锁骨_香酥鸡柳_脆皮年糕_黑金鸡米花_香骨鸡_鸡柳年糕薯条山药片四合一_香酥鸡烤饼_黄金鸡翅尖,,
G3YGnfDLORtIfX2t,喜胡同鲜炸鸡(翰林国际城桃李园店),Unknown,False,D:无证据,,鸡腿+鸡排,True,A:菜品直接证据,全鸡;鸡腿;鸡排;鸡架;鸡米花,裹粉炸,True,A:菜品直接证据,脆皮;生炸,原味,True,A:菜品直接证据,香酥;香辣,堂食+外卖+团购,False,B:多字段组合,外卖:1/团购:1,15-20,A,中原区,工大新校区,口味:3.6 环境:3.6 服务:3.6,10,1,1,0,现做酸梅汤_爆汁鸡鲍鱼_香酥平菇_大脸心形鸡排_爆汁小鸡腿_鸡鲍鱼,,
G6uWFn4yzkLVrcPz,土豆大人和他的美食们,韩式,False,A:菜品直接证据,韩式,Unknown,False,D:无证据,,Unknown,False,D:无证据,,香辣+甜辣,True,A:菜品直接证据,辣;甜辣,堂食+外卖+团购,False,B:多字段组合,外卖:1/团购:1,10-15,A,登封市,嵩阳公园,口味:3.6 环境:3.6 服务:3.6,3,1,1,0,韩式甜辣热干面_川香怪味面_莲藕片锅巴土豆_苕皮锅巴土豆_千层烤饼肉_千层烤饼素,,
H8H2diT6sMkZhTXf,申向国鸡柳卷饼(嵩山路店),中式,False,C:品牌映射,brand:申向国,鸡块/鸡米花/鸡柳,False,C:品牌映射,brand:申向国,生炸/现炸,False,C:品牌映射,brand:申向国,原味,False,C:品牌映射,brand:申向国,档口/摊位,False,C:品牌映射,brand:申向国,<10,A,登封市,嵩阳公园,,,1,1,0,鸡柳卷饼,,
GaOxZpSwAgHRRg3T,欣姐·鲜炸,韩式,False,A:菜品直接证据,韩式,鸡架/锁骨/叉骨,False,A:菜品直接证据,牙签肉,生炸/现炸,False,C:店名推断,鲜炸,香辣+甜辣+酸甜+芥末,True,A:菜品直接证据,辣;芝士;番茄;芥末,堂食+外卖+团购,False,B:多字段组合,外卖:1/团购:1,30-50,A,登封市,嵩阳公园,,,1,1,0,高配红烧牛肉面_香肠鸡蛋炒方便面_奶香芝士_藤椒魔鬼辣_魔鬼辣_青柠芥末_番茄沙司_牙签肉送红肠_韩式炸鸡鱼豆腐,,
jueDjP1lw2asFdLC,源香炸鸡卤味(人和路店),中式,False,A:菜品直接证据,香酥鸡,整鸡/大单品+鸡腿+鸡翅,True,A:菜品直接证据,大鸡;鸡腿;鸡翅,裹粉炸,False,A:菜品直接证据,酥炸,原味,True,A:菜品直接证据,香酥;辣;甜辣,堂食+外卖+团购,False,B:多字段组合,外卖:1/团购:1,10-15,A,巩义市,巩义市,,,1,1,0,五香烧鸡_香酥鸡翅根_香炸大鸡腿,,
k1jJ5qxkDbitHYVn,长青巷桥头排骨,复合型,False,A:菜品直接证据,双拼,Unknown,False,D:无证据,,Unknown,False,D:无证据,,Unknown,False,D:无证据,,堂食+外卖+团购,False,B:多字段组合,外卖:1/团购:1,15-20,A,中原区,中原万达,,,1,1,0,炸蘑菇_排骨肉条双拼_鸡肉条,,
G8eZAkUCwXrSvErf,满巍明生炸鸡架(保利久街店),中式,False,C:品牌映射,brand:满巍明,鸡腿+鸡架/锁骨/叉骨,True,C:品牌映射,brand:满巍明,生炸/现炸,False,C:品牌映射,brand:满巍明,香辣,False,C:品牌映射,brand:满巍明,档口/摊位,False,C:品牌映射,brand:满巍明,20-30,A,中原区,中原万达,口味:4.0 环境:4.0 服务:4.0,15,1,1,19,究极鸡腿肉_生炸鸡架_生椰拿铁鸡腱腿_超级鸡叉骨_活力杏鲍菇_飘香脆脆薯_脆皮小鸡腿_鸡腱腿_芝香藕条_巨炸甘梅地瓜,,
H84Z4HDSUFPnNMXD,哒咭家老式炸鸡(秦岭路店),中式,False,C:店名推断,老式炸鸡,Unknown,False,D:无证据,,Unknown,False,D:无证据,,Unknown,False,D:无证据,,Unknown,False,D:无证据,,Unknown,D,中原区,中原万达,,,,,0,,,
l10iSrVNBfwBbFCx,猫先生韩国炸鸡(郑东新区店),韩式,False,C:品牌映射,brand:猫先生,鸡翅,False,C:品牌映射,brand:猫先生,裹粉炸,False,C:品牌映射,brand:猫先生,甜辣,False,C:品牌映射,brand:猫先生,堂食+外带,False,C:品牌映射,brand:猫先生,Unknown,D,金水区,东建材,,,1,1,0,三养火鸡面_韩式双拼无骨炸鸡,,
G7wIzGKgrHgGr4Ac,BIGSHAKE黄油芝士炸鸡·贝果,韩式,False,C:店名推断,芝士炸鸡,Unknown,False,D:无证据,,Unknown,False,D:无证据,,酸甜,False,A:菜品直接证据,番茄,堂食+外卖+团购,False,B:多字段组合,外卖:1/团购:1,15-20,A,中牟县,世纪城,口味:3.5 环境:3.5 服务:3.5,1,1,1,0,薯条送番茄酱,,
H3Cg0VTnnTxXg70q,喜胡同鲜炸鸡(十里铺店),Unknown,False,D:无证据,,整鸡/大单品+鸡腿+鸡架/锁骨/叉骨,True,A:菜品直接证据,大鸡;鸡腿;鸡架;鸡块,生炸/现炸,False,A:菜品直接证据,生炸,原味,False,A:菜品直接证据,香酥,堂食+外卖+团购,False,B:多字段组合,外卖:1/团购:1,15-20,A,金水区,东建材,口味:3.7 环境:3.7 服务:3.8,12,1,1,0,爆汁小鸡腿_会飞的大鸡腿_生炸大鸡架_爆汁鸡鲍鱼_锅巴土豆_香酥平菇_现做酸梅汤,,
k4S8ne6UHFbax9LM,哇塞炸串(建业五栋店),Unknown,False,D:无证据,,鸡排,False,A:菜品直接证据,鸡排,Unknown,False,D:无证据,,Unknown,False,D:无证据,,含外卖,False,B:外卖字段,1,Unknown,D,金水区,东建材,,,1,,0,手工小鸡排,,
Hatq76VHkpzEaznR,红薯片稀饭,Unknown,False,D:无证据,,Unknown,False,D:无证据,,Unknown,False,D:无证据,,Unknown,False,D:无证据,,含团购,False,B:团购字段,1,10-15,A,金水区,东建材,,,,1,0,盒子馍_红薯片稀饭_鸡蛋煎饼,,
jMSqRhnaB40rZdBj,吮指炸鸡,美式/西式,False,A:菜品直接证据,吮指,鸡翅,False,A:菜品直接证据,翅根,Unknown,False,D:无证据,,Unknown,False,D:无证据,,堂食+外卖+团购,False,B:多字段组合,外卖:1/团购:1,Unknown,D,金水区,东建材,口味:3.6 环境:3.6 服务:3.6,5,1,1,0,龙骨脆_吮指翅根,,
k7b3bfQn3LvakDR6,铁板鸡架,Unknown,False,D:无证据,,鸡腿,False,A:菜品直接证据,鸡腿,Unknown,False,D:无证据,,Unknown,False,D:无证据,,堂食+外卖+团购,False,B:多字段组合,外卖:1/团购:1,10-15,A,金水区,东风路,,6,1,1,0,鸡腿肉生菜夹烧饼,,
k1QIbRGGZJz9q7UC,怪味炸鸡,Unknown,False,D:无证据,,Unknown,False,D:无证据,,Unknown,False,D:无证据,,Unknown,False,D:无证据,,Unknown,False,D:无证据,,Unknown,D,中牟县,中牟县,,,,,0,,,
H9bPu2hl5fxz1Lbp,爆掌柜生炸鸡架(中牟县姚家社区店),中式,False,C:品牌映射,brand:爆掌柜,鸡腿+鸡翅+鸡架/锁骨/叉骨+鸡块/鸡米花/鸡柳,True,C:品牌映射,brand:爆掌柜,生炸/现炸,False,C:品牌映射,brand:爆掌柜,香辣+酱香,True,C:品牌映射,brand:爆掌柜,档口/摊位,False,C:品牌映射,brand:爆掌柜,10-15,A,中牟县,中牟县,,,,,3,无骨鸡柳_奥尔良腿排夹饼_五香里脊肉夹饼_咖喱鸡柳肉夹饼_生炸手枪腿_生炸鸡叉骨_生炸麻辣翅尖_麻辣伴翅_生炸鸡架_香辣伴翅,,
laQdKxtNZKfRqP5F,多美士中国炸鸡(幸福商业广场店),美式/西式,False,C:品牌映射,brand:多美士,鸡翅+鸡块/鸡米花/鸡柳,True,C:品牌映射,brand:多美士,裹粉炸,False,C:品牌映射,brand:多美士,原味,False,C:品牌映射,brand:多美士,外卖型,False,C:品牌映射,brand:多美士,30-50,A,中牟县,中牟县,,,,1,0,酷拉拉小排堡_黄金紫薯酥_赤焰烤全腿_藤椒翅尖_卡通鸡块_冰柠果蜜柠檬汁,,
G5q2iL8p6e8uAJX0,炸香肠炸鸡柳,Unknown,False,D:无证据,,鸡块/鸡米花/鸡柳,False,C:店名推断,鸡柳,Unknown,False,D:无证据,,Unknown,False,D:无证据,,Unknown,False,D:无证据,,Unknown,D,中牟县,中牟县,,,,,0,,,
G4zFHeCHj8e15tTN,HanBang炸鸡,韩式,False,C:品牌映射,brand:HanBang,鸡块/鸡米花/鸡柳,False,C:品牌映射,brand:HanBang,裹粉炸,False,C:品牌映射,brand:HanBang,甜辣,False,C:品牌映射,brand:HanBang,外卖型,False,C:品牌映射,brand:HanBang,Unknown,D,中原区,中原区,,,1,,0,,,
l4wK02zCJTlGjGPw,脆皮皮炸鸡,Unknown,False,D:无证据,,Unknown,False,D:无证据,,裹粉炸,False,C:店名推断,脆皮,Unknown,False,D:无证据,,Unknown,False,D:无证据,,Unknown,D,中原区,中原区,,,,,0,,,
G46dQ9eW7fG0AdLY,专业炸鸡,Unknown,False,D:无证据,,Unknown,False,D:无证据,,Unknown,False,D:无证据,,Unknown,False,D:无证据,,Unknown,False,D:无证据,,Unknown,D,管城回族区,管城回族区,,,,,0,,,
l5f3pLOTRC7oYeUt,爆掌柜生炸鸡架(文昌路店),中式,False,C:品牌映射,brand:爆掌柜,鸡腿+鸡架/锁骨/叉骨,True,C:品牌映射,brand:爆掌柜,生炸/现炸,False,C:品牌映射,brand:爆掌柜,香辣,False,C:品牌映射,brand:爆掌柜,档口/摊位,False,C:品牌映射,brand:爆掌柜,15-20,A,新郑市,龙湖广场/升达大学,口味:3.7 环境:3.8 服务:3.8,14,1,1,2,生炸鸡叉骨_生炸鸡架_生炸无骨鸡腿肉_生炸小鸡腿_生炸蘑菇_龙骨脆_甘梅地瓜,,
GaVW6fTluEydHXrV,鸡公子·御尚叉骨炸鸡(红专路店),Unknown,False,D:无证据,,鸡腿,True,A:菜品直接证据,鸡腿;叉骨;鸡柳,Unknown,False,D:无证据,,Unknown,False,D:无证据,,含外卖,False,B:外卖字段,1,Unknown,D,金水区,经三路沿线,,,1,,0,龙骨脆_冰糖葫芦_勇闯天涯,,
k7p2cVhRk3qZwOly,布袋馍炸串炸鸡(瀚海·璞丽中心店),Unknown,False,D:无证据,,Unknown,False,D:无证据,,Unknown,False,D:无证据,,Unknown,False,D:无证据,,Unknown,False,D:无证据,,Unknown,D,金水区,经三路沿线,,,,,0,,,
k8hhwStVnNBx6Enp,叫了只炸鸡·韩式炸鸡(学院名吃商业街店),中式,False,C:品牌映射,brand:叫了只,鸡腿+鸡翅+鸡块/鸡米花/鸡柳,True,C:品牌映射,brand:叫了只,生炸/现炸,False,C:品牌映射,brand:叫了只,香辣+酱香,True,C:品牌映射,brand:叫了只,外卖型,False,C:品牌映射,brand:叫了只,20-30,A,荥阳市,荥阳市,,,1,,0,雪花鸡柳_脆皮香蕉_牛肉堡_鸡翅包饭_香辣鸡腿堡_大大大薯条_奥尔良手枪腿_可口红豆派_麻辣烫_翅根一箩筐,,
l5Y7brEQBqRHKLnZ,真鱿味· 铁板烤串炸串(璞丽中心店),地方特色,False,A:菜品直接证据,广式,鸡腿,True,A:菜品直接证据,鸡腿;鸡柳,Unknown,False,D:无证据,,酱香,False,A:菜品直接证据,酱香,堂食+外卖+团购,False,B:多字段组合,外卖:1/团购:1,15-20,A,金水区,经三路沿线,口味:3.7 环境:3.7 服务:3.7,13,1,1,0,鱿鱼王_土耳其肉串_鱼豆腐串_三国里脊_超级鸡腿肉串_士豆片_广式小腊肠_金沙土豆_招牌铁板鸭肠_招牌鱿鱼须,,
idqnQbKLeZ3ruWvt,大脸鸡排(大街),Unknown,False,D:无证据,,鸡排,False,C:店名推断,鸡排,Unknown,False,D:无证据,,Unknown,False,D:无证据,,Unknown,False,D:无证据,,10-15,A,荥阳市,荥阳市,,,,,0,,,
H5eq3Bg2Jj1oP0gJ,鸡柳大人(正弘汇店),中式,False,C:品牌映射,brand:鸡柳大人,鸡块/鸡米花/鸡柳,False,C:品牌映射,brand:鸡柳大人,生炸/现炸,False,C:品牌映射,brand:鸡柳大人,椒盐,False,C:品牌映射,brand:鸡柳大人,档口/摊位,False,C:品牌映射,brand:鸡柳大人,15-20,A,中原区,科学大道,口味:3.4 环境:3.6 服务:3.6,3,1,,36,,,
k7tnPRXUX4UjPKbC,飞叔生炸鸡架(金成广场店),Unknown,False,D:无证据,,整鸡/大单品+鸡腿+鸡翅+鸡架/锁骨/叉骨+鸡块/鸡米花/鸡柳+鸡脖/其他部位,True,A:菜品直接证据,大鸡;鸡腿;翅尖;鸡架;鸡块;鸡脖,裹粉炸,True,A:菜品直接证据,裹粉;生炸,酸甜,False,A:菜品直接证据,甘梅,堂食+外卖+团购,False,B:多字段组合,外卖:1/团购:1,20-30,A,金水区,经三路沿线,口味:3.7 环境:3.7 服务:3.7,8,1,1,0,甘梅地瓜_焦糖鸡架_咸香鸡架_生炸大鸡腿_龙骨鸡块_黄金鸡脖_焦嫩鸡腿肉_裹粉杏鲍菇_藤椒翅尖,,
jLpeGZ5Es1YB0gqu,GeGe-韩式炸鸡(天伦琥珀名城店),韩式,False,C:品牌映射,brand:GeGe,鸡块/鸡米花/鸡柳,False,C:品牌映射,brand:GeGe,裹粉炸,False,C:品牌映射,brand:GeGe,甜辣,False,C:品牌映射,brand:GeGe,外卖型,False,C:品牌映射,brand:GeGe,Unknown,D,金水区,花园茶城,口味:3.4 环境:3.5 服务:3.4,3,1,,0,,,
G5C2P6HGNd8X3F3n,串越食空炸串,Unknown,False,D:无证据,,整鸡/大单品+鸡排+鸡块/鸡米花/鸡柳,True,A:菜品直接证据,大鸡;鸡排;鸡柳,Unknown,False,D:无证据,,椒盐,False,A:菜品直接证据,椒盐,含团购,False,B:团购字段,1,15-20,A,新郑市,龙湖广场/升达大学,口味:3.5 环境:3.5 服务:3.5,2,,1,0,轰炸大鸡排_金丝鸡柳_鱿鱼片_双鱼鸡柳_椒盐豆腐,,
G8vU0HzbMKgq951S,HanBang韩式炸鸡·火鸡面,韩式,False,C:品牌映射,brand:HanBang,鸡块/鸡米花/鸡柳,False,C:品牌映射,brand:HanBang,裹粉炸,False,C:品牌映射,brand:HanBang,甜辣,False,C:品牌映射,brand:HanBang,外卖型,False,C:品牌映射,brand:HanBang,15-20,A,二七区,万象城,,,1,,0,,,
l6aAUDqHqoT1Ml6h,蜜汁鸡腿饼,Unknown,False,D:无证据,,鸡腿,False,A:菜品直接证据,鸡腿,Unknown,False,D:无证据,,酱香,False,A:菜品直接证据,蜜汁,含团购,False,B:团购字段,1,10-15,A,新郑市,龙湖广场/升达大学,,,,1,0,焖烤羊肉串_蜜汁鸡腿_蜜汁鸡腿饼,,
H4q2SvJhQPG22xD0,曹先森韩式炸鸡,韩式,False,C:店名推断,韩式,鸡翅,False,A:菜品直接证据,鸡翅,Unknown,False,D:无证据,,香辣+蒜香+甜辣+孜然+酱香,True,A:菜品直接证据,香辣;蒜香;芝士;孜然;酱油,堂食+外卖+团购,False,B:多字段组合,外卖:1/团购:1,20-30,A,新郑市,龙湖广场/升达大学,,,1,1,0,榴莲芝士酱_芒果芝士酱_香香孜然粉_炸鲜牛奶_招牌香辣酱_炸香蕉_招牌特辣酱_蒜香奶油粉_炸鸡翅尖_黑蒜酱油味,,
H1LiYDRRUfuT2O46,晶虎炸鸡,韩式,True,A:菜品直接证据,韩国;双拼,鸡块/鸡米花/鸡柳,False,A:菜品直接证据,鸡块,Unknown,False,D:无证据,,Unknown,False,D:无证据,,含团购,False,B:团购字段,1,15-20,A,新郑市,龙湖广场/升达大学,口味:3.4 环境:3.4 服务:3.4,,,1,0,韩国火鸡面_无骨鸡块_任意小料双拼,,
G5Be8ZAjfO24VvjM,,Unknown,False,D:无证据,,Unknown,False,D:无证据,,Unknown,False,D:无证据,,Unknown,False,D:无证据,,Unknown,False,D:无证据,,Unknown,D,新郑市,,,,,,0,,,
GasQlGEnw7VA8cPp,炸季炸串(龙湖广场店),中式,False,C:品牌映射,brand:炸季,鸡架/锁骨/叉骨,False,C:品牌映射,brand:炸季,生炸/现炸,False,C:品牌映射,brand:炸季,香辣,False,C:品牌映射,brand:炸季,档口/摊位,False,C:品牌映射,brand:炸季,15-20,A,新郑市,龙湖广场/升达大学,口味:3.6 环境:3.6 服务:3.6,23,1,1,5,爆汁一口肠_香辣粉包_椒香小酥肉_劲霸小面筋_鲜嫩鸡肉_芝麻脆烧饼_酥脆豆皮_广式小腊肠_鲜嫩鸭肠_芝麻脆小酥饼,,
l7NPXwbmeovnuf3Q,鸡排先生,Unknown,False,D:无证据,,整鸡/大单品+鸡排,True,A:菜品直接证据,全鸡;鸡排,裹粉炸,False,A:菜品直接证据,脆皮,Unknown,False,D:无证据,,含团购,False,B:团购字段,1,10-15,A,新郑市,龙湖广场/升达大学,,,,1,0,海苔鸡肉圈_脆皮全鸡_元气鸡排,,
G1tSxgA2YsxPUOnQ,炸鸡腿,Unknown,False,D:无证据,,鸡腿,False,C:店名推断,鸡腿,Unknown,False,D:无证据,,Unknown,False,D:无证据,,Unknown,False,D:无证据,,Unknown,D,新郑市,龙湖广场/升达大学,,,,,0,,,
l4RdzyOG5TYWeEbJ,黎太院·韩式炸鸡(龙湖店),韩式,False,C:品牌映射,brand:黎太院,鸡翅+鸡块/鸡米花/鸡柳,True,C:品牌映射,brand:黎太院,裹粉炸,False,C:品牌映射,brand:黎太院,黑胡椒+酱香,True,C:品牌映射,brand:黎太院,堂食+外带,False,C:品牌映射,brand:黎太院,20-30,A,新郑市,龙湖广场/升达大学,口味:3.4 环境:3.4 服务:3.4,2,1,,0,玉米布丁酥_奥尔良烤翅_黄金蝴蝶虾_劲爆鸡米花_红豆派_深海鳕鱼条_韩式对翅_黑椒鸡块_韩国进口果汁_秘制无骨炸鸡限量特惠,,
ELV3WyRPzM6lnogP,鸡柳大人(锦艺城店),中式,False,C:品牌映射,brand:鸡柳大人,鸡块/鸡米花/鸡柳,False,C:品牌映射,brand:鸡柳大人,生炸/现炸,False,C:品牌映射,brand:鸡柳大人,椒盐,False,C:品牌映射,brand:鸡柳大人,档口/摊位,False,C:品牌映射,brand:鸡柳大人,10-15,A,新郑市,龙湖广场/升达大学,,,1,,6,,,
ilQT4oBmjqcEGgAz,HOTBOY韩式炸鸡&火鸡面(三里岗店),韩式,False,C:店名推断,韩式,鸡块/鸡米花/鸡柳,False,A:菜品直接证据,鸡米花,裹粉炸,False,A:菜品直接证据,脆皮,椒盐,False,A:菜品直接证据,椒盐,堂食+外卖+团购,False,B:多字段组合,外卖:1/团购:1,10-15,A,新郑市,龙湖广场/升达大学,口味:3.5 环境:3.5 服务:3.5,2,1,1,0,福利纯肉餐_无骨鸡块_青花椒拌翅_笑脸薯_酥糯年糕_脆皮土豆_椒盐鸡米花,,
l3CATGKXOINcYrtI,叫了只炸鸡(三里岗店),中式,False,C:品牌映射,brand:叫了只,鸡腿+鸡翅+鸡块/鸡米花/鸡柳,True,C:品牌映射,brand:叫了只,生炸/现炸,False,C:品牌映射,brand:叫了只,黑胡椒+酸甜,True,C:品牌映射,brand:叫了只,外卖型,False,C:品牌映射,brand:叫了只,15-20,A,新郑市,龙湖广场/升达大学,,1,1,,0,千岛酱_抓住鸡的翅根_特色炸烧饼_菠萝派_沙拉酱_人气韩式炸鸡_韩式小鸡腿_鳕鱼条_牛肉堡_黑椒鸡块,,
H1rLnt6IwefGX8jc,I Top One韩国炸鸡(三里岗店),韩式,False,C:店名推断,韩国炸鸡,鸡块/鸡米花/鸡柳,False,A:菜品直接证据,鸡块,裹粉炸,False,A:菜品直接证据,脆皮,香辣+甜辣+黑胡椒+酸甜,True,A:菜品直接证据,香酥;香辣;蜂蜜;黑胡椒;酸甜,堂食+外卖+团购,False,B:多字段组合,外卖:1/团购:1,20-30,A,新郑市,龙湖广场/升达大学,口味:3.5 环境:3.5 服务:3.5,2,1,1,0,鸡肉洋葱圈_黑椒鸡块_大福_酸甜萝卜块_笑脸薯_蜂蜜蛋黄酱_牛油果椰椰_甘梅粉_黑胡椒粉_香辣粉,,
jWPXeRPwVZqDuVfJ,古德韩式炸鸡(三里岗店),韩式,False,C:店名推断,韩式,Unknown,False,D:无证据,,Unknown,False,D:无证据,,Unknown,False,D:无证据,,含外卖,False,B:外卖字段,1,Unknown,D,新郑市,龙湖广场/升达大学,,,1,,0,,,
G71Rd8YdBIBFjVBe,酱满满·韩式炸鸡,韩式,False,A:菜品直接证据,韩式,鸡块/鸡米花/鸡柳,False,A:菜品直接证据,鸡块,Unknown,False,D:无证据,,原味+香辣+甜辣+黑胡椒,True,A:菜品直接证据,原味;辣;芝士;黑椒,含外卖,False,B:外卖字段,1,20-30,A,新郑市,龙湖广场/升达大学,口味:3.7 环境:3.7 服务:3.7,13,1,,0,韩国辛拉面_进口三养原味炸酱面_韩式酥糯年糕_黄金黑椒鸡块_香芋地瓜丸_新红酱_奶香芝士_进口三养爆辣火鸡面,,
G5yG0Yo0i3pvs8Ns,多福韩式炸鸡·汉堡·火鸡面(六合路店),韩式,False,C:品牌映射,brand:多福,整鸡/大单品+鸡腿+鸡翅+鸡架/锁骨/叉骨+鸡块/鸡米花/鸡柳,True,C:品牌映射,brand:多福,裹粉炸,False,C:品牌映射,brand:多福,原味+香辣+甜辣,True,C:品牌映射,brand:多福,档口/摊位,False,C:品牌映射,brand:多福,15-20,A,新郑市,龙湖广场/升达大学,口味:3.9 环境:3.9 服务:3.9,16,1,1,0,香酥鸡叉骨_韩式无骨鸡腿肉_劲脆鸡翅根_香酥鸡柳卷饼_糯糯年糕条_酥酥无骨炸鸡块_韩式甜辣炸鸡_香芋地瓜球_香酥炸年糕_香脆炸香蕉,,
l2gMZOHREnFKLpxY,熊家无二·韩式炸鸡(高坡岩店),韩式,False,C:品牌映射,brand:熊家,鸡翅,False,C:品牌映射,brand:熊家,裹粉炸,False,C:品牌映射,brand:熊家,甜辣+酱香,True,C:品牌映射,brand:熊家,外卖型,False,C:品牌映射,brand:熊家,20-30,A,新郑市,工程学院/万佳,口味:3.5 环境:3.5 服务:3.5,5,1,1,0,XR纯肉小份装_韩式年糕_默认琥珀酱_无骨腿肉_摇摇薯_芝士球_泰椒酱_酱料_韩式火鸡面_果饮,,
H6nDYcsmh90x3URk,烤肉拌饭·炸鸡拌饭,Unknown,False,D:无证据,,Unknown,False,D:无证据,,Unknown,False,D:无证据,,Unknown,False,D:无证据,,堂食+外带,False,C:店名推断,烤肉,Unknown,D,新郑市,龙湖广场/升达大学,,,,,0,,,
isQRYWJrFXCb48HK,酥饼夹鸡肉(宝相寺店),Unknown,False,D:无证据,,Unknown,False,D:无证据,,Unknown,False,D:无证据,,Unknown,False,D:无证据,,含团购,False,B:团购字段,1,<10,A,新郑市,龙湖广场/升达大学,口味:3.5 环境:3.5 服务:3.5,10,,1,0,老北京酸梅汁_两串鸡肉_酥饼,,
G9T4vQcPVnELt4uo,天天烤肉炸鸡拌饭,Unknown,False,D:无证据,,Unknown,False,D:无证据,,Unknown,False,D:无证据,,Unknown,False,D:无证据,,堂食+外带,False,C:店名推断,烤肉,10-15,A,新郑市,龙湖广场/升达大学,口味:3.5 环境:3.5 服务:3.5,2,,1,0,可乐雪碧芬达,,
k8VLZWo6kt075lQ5,白姐秘制炸鸡叉骨,Unknown,False,D:无证据,,鸡架/锁骨/叉骨,False,C:店名推断,鸡叉骨,Unknown,False,D:无证据,,Unknown,False,D:无证据,,含团购,False,B:团购字段,1,Unknown,D,新郑市,龙湖广场/升达大学,,,,1,0,秘制鸡背肉_大香肠,,
k2tSbwBL7y9qyiY0,彭郑炸鸡腿(龙湖镇文昌路店),Unknown,False,D:无证据,,整鸡/大单品+鸡腿+鸡翅+鸡架/锁骨/叉骨,True,A:菜品直接证据,全鸡;鸡腿;鸡翅;鸡架,裹粉炸,False,A:菜品直接证据,脆皮,Unknown,False,D:无证据,,含团购,False,B:团购字段,1,15-20,A,新郑市,龙湖广场/升达大学,口味:3.7 环境:3.7 服务:3.7,25,,1,0,黄金大鸡腿_超级大鸡架_脆皮全鸡_黄金鸡叉骨_黄金鸡肉条_黄金上腿肉_招牌炸鸡腿_黄金鸡翅膀尖,,
H3nriv4h2hYJHbMy,空空烧饼炸串(三里岗店),韩式,False,C:品牌映射,brand:空空,鸡块/鸡米花/鸡柳,False,C:品牌映射,brand:空空,裹粉炸,False,C:品牌映射,brand:空空,甜辣,False,C:品牌映射,brand:空空,外卖型,False,C:品牌映射,brand:空空,Unknown,D,新郑市,龙湖广场/升达大学,口味:3.5 环境:3.5 服务:3.5,5,1,,0,腊肠_酥肉_炸饼丨剪碎拌串_香炸茄块_蟹黄鱼籽包_轰炸鱿鱼_奶香小馒头_大头菜_鲜椒_大鱼排,,
j71pUvF5SCrgaqH5,正新鸡排·炸鸡烧烤(宝相寺店),美式/西式,False,C:品牌映射,brand:正新,整鸡/大单品+鸡翅+鸡排,True,C:品牌映射,brand:正新,裹粉炸,False,C:品牌映射,brand:正新,原味,False,C:品牌映射,brand:正新,档口/摊位,False,C:品牌映射,brand:正新,10-15,A,新郑市,龙湖广场/升达大学,口味:3.7 环境:3.8 服务:3.7,57,1,1,0,原味大鸡排_金锤翅根_现炸翅根_正新大烤肠,,
k3bSwECdaWwkcdqi,朝思暮想手撕烤鸭,Unknown,False,D:无证据,,Unknown,False,D:无证据,,Unknown,False,D:无证据,,Unknown,False,D:无证据,,堂食+外卖+团购,False,B:多字段组合,外卖:1/团购:1,10-15,A,新郑市,龙湖广场/升达大学,口味:3.5 环境:3.5 服务:3.5,2,1,1,0,手撕烤鸭一只,,
k85HGf3dajjkt6UL,肉墩墩汉堡炸鸡,Unknown,False,D:无证据,,整鸡/大单品+鸡腿+鸡翅+鸡排,True,A:菜品直接证据,烤鸡;鸡腿;鸡翅;鸡排,烤炸复合,False,A:菜品直接证据,烤鸡,香辣+酱香+酸甜,True,A:菜品直接证据,香辣;奥尔良;橙,含团购,False,B:团购字段,1,<10,A,金水区,经三路沿线,口味:3.4 环境:3.4 服务:3.4,17,,1,0,橙汁_鸡翅包饭_香辣鸡腿堡_香芋派_大香肠_大脸鸡排_洋葱圈_精品焖面_七虾堡_奥尔良烤鸡腿堡,,
jKhyxNvcxO35LIKC,正新鸡排(金城时代店),美式/西式,False,C:品牌映射,brand:正新,整鸡/大单品+鸡翅+鸡块/鸡米花/鸡柳+鸡脖/其他部位,True,C:品牌映射,brand:正新,裹粉炸,False,C:品牌映射,brand:正新,原味,False,C:品牌映射,brand:正新,档口/摊位,False,C:品牌映射,brand:正新,20-30,A,金水区,经三路沿线,口味:3.9 环境:4.0 服务:3.9,17,1,,0,正新秘制鸭肠_脆皮鸡块_俄罗斯肉串_金桔柠檬_巴西香辣鸡胗串_芒果汁_劲爆鸡米花_疯狂烤翅_正新热狗肠_正新小鸭胗,,
H2CZrTzKL1WfqkMx,御膳叉骨炸鸡(金城时代广场店),中式,False,C:品牌映射,brand:御膳,鸡架/锁骨/叉骨,False,C:品牌映射,brand:御膳,生炸/现炸,False,C:品牌映射,brand:御膳,椒盐,False,C:品牌映射,brand:御膳,档口/摊位,False,C:品牌映射,brand:御膳,15-20,A,金水区,经三路沿线,口味:3.6 环境:3.6 服务:3.6,8,1,1,0,炸鸡块,,
E8JgGYpyHKmAMohQ,上京城中国鸡排(金成时代广场店),中式,False,A:菜品直接证据,香酥鸡,整鸡/大单品+鸡腿+鸡排+鸡架/锁骨/叉骨+鸡块/鸡米花/鸡柳,True,A:菜品直接证据,大鸡;鸡腿;鸡排;鸡架;鸡柳,裹粉炸,True,A:菜品直接证据,脆皮;生炸,香辣+甜辣,True,A:菜品直接证据,香酥;香辣;芝士,堂食+外卖+团购,False,B:多字段组合,外卖:1/团购:1,10-15,A,金水区,经三路沿线,口味:4.0 环境:4.0 服务:4.0,14,1,1,7,招牌香辣鸡排_京城大鸡排_中国鳕鱼堡_招牌鸡柳卷饼_脆皮炸鸡腿_京城脆皮炸鸡腿_中国七虾堡_生炸鸡架_黄金鸡肉棒_仙女芝士棒,,
k18Ewtrc0iew66qP,吉上煌炸鸡(璞丽中心店),Unknown,False,D:无证据,,Unknown,False,D:无证据,,Unknown,False,D:无证据,,Unknown,False,D:无证据,,含外卖,False,B:外卖字段,1,Unknown,D,金水区,经三路沿线,口味:3.7 环境:3.8 服务:3.8,4,1,,0,,,
k6rccfxblUlDA2cc,御尚一品香炸鸡(棉麻公司家属院店),中式,False,A:菜品直接证据,香酥鸡,整鸡/大单品+鸡腿+鸡翅+鸡架/锁骨/叉骨+鸡块/鸡米花/鸡柳,True,A:菜品直接证据,香酥鸡;鸡腿;鸡翅;鸡叉骨;鸡米花,裹粉炸,False,A:菜品直接证据,脆皮,原味,True,A:菜品直接证据,香酥;照烧;橙,堂食+外卖+团购,False,B:多字段组合,外卖:1/团购:1,10-15,A,金水区,经三路沿线,口味:3.9 环境:3.8 服务:3.8,16,1,1,0,一品香酥鸡腿_一品招牌鸡叉骨_一品特色无骨鸡腿肉_鸡翅根_招牌叉骨_鸡米花_无骨鸡柳_龙骨脆_金星啤酒_招牌鸡腿,,
l9HS3HchxBiAGqS6,郑在炸韩式炸鸡(金成时代广场店),韩式,True,A:菜品直接证据,韩式;双拼,鸡腿+鸡翅+鸡块/鸡米花/鸡柳,True,A:菜品直接证据,鸡腿;鸡翅;鸡块,Unknown,False,D:无证据,,黑胡椒+酱香,True,A:菜品直接证据,黑椒;酱料,含外卖,False,B:外卖字段,1,30-50,A,金水区,经三路沿线,口味:3.4 环境:3.4 服务:3.4,3,1,,0,超韩式炸鸡肉块纯肉双拼_无骨鸡腿肉块_大福_韩式糕_鲜嫩多汁的鸡翅中_黄金地瓜条_甜心年糕_收藏福利翅中_点右上方小送黑椒鸡块_韩式进口酱料,,
H5V6a3wrsV6kIEVm,首尔故事韩式炸鸡(金成时代广场店),韩式,False,A:菜品直接证据,韩国,鸡腿,False,A:菜品直接证据,鸡腿,Unknown,False,D:无证据,,香辣+蒜香+甜辣+酱香+酸甜,True,A:菜品直接证据,辣;蒜香;琥珀;酱料;甘梅,含团购,False,B:团购字段,1,15-20,A,金水区,经三路沿线,口味:3.6 环境:3.6 服务:3.6,2,,1,0,韩国火鸡面_奶香芝士_榴莲芝士_鸡腿肉年糕_两种酱料_两块炸鸡_酱料_蒜香酱油_甘梅撒粉_琥珀辣,,
k3xKg9Y9JKgTh8jK,脆皮炸鸡(农业路店),中式,True,A:菜品直接证据,脆皮炸鸡;韩式,鸡腿+鸡翅+鸡排+鸡架/锁骨/叉骨+鸡块/鸡米花/鸡柳,True,A:菜品直接证据,全鸡;鸡腿;鸡翅;鸡排;鸡叉骨;鸡米花,裹粉炸,False,A:菜品直接证据,脆皮,香辣,True,A:菜品直接证据,香辣;蒜香;甘梅,含团购,False,B:团购字段,1,10-15,A,金水区,经三路沿线,口味:3.8 环境:3.8 服务:3.9,91,,1,0,鸡排_香辣脆皮炸鸡_鸡米花_炸翅中_红薯丸子_洋葱圈_尝鲜韩式无骨肉_琵琶腿_尝鲜鸡叉骨_韩式无骨炸鸡,,
l1m5oG4IX2esYAYB,汉堡披萨炸鸡(政七街店),Unknown,False,D:无证据,,整鸡/大单品,True,A:菜品直接证据,全鸡;鸡腿;鸡排;鸡块,裹粉炸,True,A:菜品直接证据,脆皮;焗;烤鸡,甜辣+酸甜,True,A:菜品直接证据,芝士;奥尔良;菠萝,Unknown,False,D:无证据,,15-20,A,金水区,经三路沿线,口味:3.5 环境:3.5 服务:3.5,76,,,0,脆皮全鸡_手工珍珠奶茶_菠萝烤鸡芝士焗饭_黄焖鸡_冰鲜柠檬水_墨西哥鸡肉卷_网红脏脏茶_意面_薯条_咖喱脆皮鸡拼盘饭,,
l5Ft2a4tMQb6szHT,光头炸鸡,Unknown,False,D:无证据,,Unknown,False,D:无证据,,Unknown,False,D:无证据,,Unknown,False,D:无证据,,Unknown,False,D:无证据,,Unknown,D,金水区,经三路沿线,,,,,0,,,
k2IXGkbjYL27A7Uj,同顺遥·炸串拌饼拌面(国贸店),Unknown,False,D:无证据,,Unknown,False,D:无证据,,Unknown,False,D:无证据,,Unknown,False,D:无证据,,含团购,False,B:团购字段,1,Unknown,D,金水区,经三路沿线,,,,1,0,,,
H5zil3M4MozwYlWP,HanBang韩式炸鸡·火鸡面(金成时代广场店),韩式,False,C:品牌映射,brand:HanBang,鸡块/鸡米花/鸡柳,False,C:品牌映射,brand:HanBang,裹粉炸,False,C:品牌映射,brand:HanBang,甜辣,False,C:品牌映射,brand:HanBang,外卖型,False,C:品牌映射,brand:HanBang,15-20,A,金水区,经三路沿线,口味:3.5 环境:3.5 服务:3.5,2,1,1,0,炸鸡小食拼盘_单人豪华炸鸡_鸡块儿,,
G7Ky4jtRavP3v3Eh,多美士炸鸡汉堡(二十二大街店),美式/西式,False,C:品牌映射,brand:多美士,鸡翅+鸡块/鸡米花/鸡柳,True,C:品牌映射,brand:多美士,裹粉炸,False,C:品牌映射,brand:多美士,甜辣+酱香,True,C:品牌映射,brand:多美士,外卖型,False,C:品牌映射,brand:多美士,15-20,A,管城回族区,经开区,口味:3.8 环境:3.8 服务:3.8,7,1,,21,藤椒翅尖_玉米布丁_霸王鸡块_脆皮炸鸡_奥尔良烤腿_芒果慕斯_拉丝芝士热狗棒两根_海苔洋葱圈_红豆派_玉米杯,,
EQAkOxlfZlayHZSm,爱上叉骨炸鸡(多之彩农贸市场店),中式,False,A:菜品直接证据,香酥鸡,整鸡/大单品+鸡腿,True,A:菜品直接证据,脆皮鸡;鸡腿;鸡翅;鸡叉骨;鸡柳,裹粉炸,False,A:菜品直接证据,脆皮,原味,True,A:菜品直接证据,香酥;番茄,含外卖,False,B:外卖字段,1,15-20,A,金水区,经三路沿线,口味:3.6 环境:3.6 服务:3.6,4,1,,0,龙骨脆_香酥鸡腿_优质烤肠,,
l5RZkBIT9f9NLfbt,胡小野·炸鸡(金成时代店),Unknown,False,D:无证据,,Unknown,False,D:无证据,,Unknown,False,D:无证据,,酸甜,False,A:菜品直接证据,甘梅,含团购,False,B:团购字段,1,10-15,A,金水区,经三路沿线,口味:3.5 环境:3.5 服务:3.5,17,,1,0,鸡肉块_甘梅薯条,,
G6XMPKYnL7N9ehRK,GeGe韩式炸鸡(金成时代广场店),韩式,False,C:品牌映射,brand:GeGe,鸡腿+鸡块/鸡米花/鸡柳,True,C:品牌映射,brand:GeGe,裹粉炸,False,C:品牌映射,brand:GeGe,原味+香辣+蒜香+甜辣+黑胡椒+酱香+酸甜,True,C:品牌映射,brand:GeGe,外卖型,False,C:品牌映射,brand:GeGe,15-20,A,金水区,经三路沿线,口味:3.7 环境:3.6 服务:3.7,21,1,1,0,两种酱料_鸡腿肉年糕_琥珀辣_甘梅撒粉_两块炸鸡_蒜香酱油_香酥甜辣_榴莲芝士_奶香芝士_黑椒鸡块,,
k4iv16gYJqx7EcZ1,火豹脆皮炸鸡(晨旭路总店),中式,True,A:菜品直接证据,脆皮炸鸡;炸鸡啤酒,整鸡/大单品+鸡翅+鸡架/锁骨/叉骨+鸡脖/其他部位,True,A:菜品直接证据,大鸡;鸡腿;鸡翅;鸡叉骨;鸡块;鸡皮,裹粉炸,False,A:菜品直接证据,脆皮,黑胡椒,False,A:菜品直接证据,黑胡椒,堂食+外卖+团购,False,B:多字段组合,外卖:1/团购:1,15-20,A,金水区,经三路沿线,口味:4.2 环境:4.1 服务:4.2,1284,1,1,0,脆皮鸡叉骨_比利时薯条_炸鸡啤酒_脆皮鸡皮_黄金红薯条_鸡脆骨_脆皮翅根_脆皮翅_雪花啤酒_哈尔滨啤酒,,
l2iNkX00moDqVP4m,甘记·烧饼炸串(金水店),地方特色,False,A:菜品直接证据,广式,鸡排,False,A:菜品直接证据,鸡排,裹粉炸,False,A:菜品直接证据,脆皮,黑胡椒,False,A:菜品直接证据,黑胡椒,堂食+外卖+团购,False,B:多字段组合,外卖:1/团购:1,15-20,A,金水区,经三路沿线,口味:3.9 环境:3.9 服务:4.0,120,1,1,0,小青菜_卷心菜_鲜椒_玉米_广式腊肠_招牌浆面条_羊肉串夹饼_黑胡椒肠_香菜卷_畅极多乳酸菌,,
l4HxBwFm3AeWCys2,延庆观炸鸡(经一路店),中式,False,C:品牌映射,brand:延庆观,鸡腿+鸡翅+鸡架/锁骨/叉骨+鸡块/鸡米花/鸡柳,True,C:品牌映射,brand:延庆观,卤炸,False,C:品牌映射,brand:延庆观,原味,False,C:品牌映射,brand:延庆观,档口/摊位,False,C:品牌映射,brand:延庆观,15-20,A,金水区,经三路沿线,口味:3.8 环境:3.9 服务:3.9,18,1,1,0,招牌鸡米花_脆骨肉_叉骨脆骨肉两掺_手枪腿_鸡米花和翅根两掺_全翅_香酥牙签肉_洋葱鸡肉圈_炸无骨鸡柳_酸梅粉,,
G8221OFwDiW6jRNP,欧巴青年韩式炸鸡(电子规划研究所家属院店),韩式,False,A:菜品直接证据,韩式,鸡块/鸡米花/鸡柳,False,A:菜品直接证据,鸡米花,裹粉炸,False,A:菜品直接证据,脆皮,香辣+蒜香+甜辣+酱香,True,A:菜品直接证据,香辣;蒜;蜂蜜;黑椒;酱油;甘梅;芥末,含外卖,False,B:外卖字段,1,Unknown,D,金水区,经三路沿线,,,1,,0,黄金软糯脆皮香蕉_网红拉丝芝士热狗棒_盐酥鸡_香芋地瓜丸_洋葱圈_黄金粗薯条_网红锅巴土豆_琥珀酱_韩式无骨炸鸡_辣蒜酱油,,
k8prJ6KnE0gaiIDg,鱼小浪,Unknown,False,D:无证据,,Unknown,False,D:无证据,,Unknown,False,D:无证据,,Unknown,False,D:无证据,,Unknown,False,D:无证据,,20-30,A,金水区,经三路沿线,口味:3.4 环境:3.5 服务:3.4,3,,,0,香芋红薯丸子_鲜嫩布丁鱼_无刺鲷鱼,,
k3O5a3aoZR7DkZWt,许小姐韩式炸鸡(阳光城店),韩式,False,A:菜品直接证据,韩式,鸡翅+鸡块/鸡米花/鸡柳,True,A:菜品直接证据,翅根;无骨炸鸡,裹粉炸,False,A:菜品直接证据,脆皮,Unknown,False,D:无证据,,含团购,False,B:团购字段,1,Unknown,D,管城回族区,美景鸿城,,1,,1,0,韩式无骨炸鸡_明星翅根_黄金脆皮淀粉肠_至q虾球,,
l3OULGgsC30U3dLc,多美士炸鸡汉堡(六一小学店),美式/西式,False,C:品牌映射,brand:多美士,鸡腿+鸡块/鸡米花/鸡柳,True,C:品牌映射,brand:多美士,裹粉炸,False,C:品牌映射,brand:多美士,原味,False,C:品牌映射,brand:多美士,外卖型,False,C:品牌映射,brand:多美士,15-20,A,管城回族区,经开区,口味:3.5 环境:3.5 服务:3.6,2,1,1,21,红豆奶茶_汉堡三兄弟_霸王鸡块_超级牛肉堡_周一薯条鸡米花黄金鸡棒_劲脆鸡腿堡_香辣鸡腿堡_老北京鸡肉卷_墨西哥鸡肉卷_深海鳕鱼堡,,
H5lnN1bscuG7htPG,北京御味鸡柳,Unknown,False,D:无证据,,鸡块/鸡米花/鸡柳,False,C:店名推断,鸡柳,Unknown,False,D:无证据,,Unknown,False,D:无证据,,Unknown,False,D:无证据,,Unknown,D,管城回族区,经开区,,,,,0,,,
j3IlsJcY0JMHdkCN,多美士炸鸡汉堡(阳光城店),美式/西式,False,C:品牌映射,brand:多美士,整鸡/大单品+鸡翅,True,C:品牌映射,brand:多美士,裹粉炸,False,C:品牌映射,brand:多美士,原味+酱香,True,C:品牌映射,brand:多美士,外卖型,False,C:品牌映射,brand:多美士,10-15,A,管城回族区,美景鸿城,口味:3.6 环境:3.5 服务:3.6,21,1,1,21,奥尔良烤鸡_水蜜桃汁_带翅全腿_汉堡三兄弟_果珍_藤椒翅尖_香芋奶茶_原味奶茶_至尊双层牛排堡_真香翅盒,,
G1s5HUjSwNiwsjHN,炸鸡炸鱼(阳光城店),中式,False,A:菜品直接证据,香酥鸡,整鸡/大单品+鸡架/锁骨/叉骨,True,A:菜品直接证据,大鸡;鸡腿;鸡叉骨;鸡块,Unknown,False,D:无证据,,原味,True,A:菜品直接证据,香酥;椒盐,堂食+外卖+团购,False,B:多字段组合,外卖:1/团购:1,<10,A,管城回族区,美景鸿城,口味:3.5 环境:3.5 服务:3.6,1,1,1,0,香酥鸡叉骨,,
k5dZ6HDzBGPJYvog,高记飘香炸鸡,Unknown,False,D:无证据,,鸡块/鸡米花/鸡柳,False,A:菜品直接证据,鸡块,Unknown,False,D:无证据,,Unknown,False,D:无证据,,含团购,False,B:团购字段,1,Unknown,D,管城回族区,美景鸿城,,,,1,0,喷醋鸡块,,
l4hUcFoPxNX7xVQx,品味御膳炸鸡(美景鸿城店),中式,False,C:品牌映射,brand:御膳,鸡架/锁骨/叉骨,False,C:品牌映射,brand:御膳,生炸/现炸,False,C:品牌映射,brand:御膳,椒盐,False,C:品牌映射,brand:御膳,档口/摊位,False,C:品牌映射,brand:御膳,10-15,A,管城回族区,美景鸿城,口味:3.5 环境:3.5 服务:3.5,2,1,,0,,,
H5a7bzqJlEQQvN6H,喜胡同鲜炸鸡(阳光城店),Unknown,False,D:无证据,,整鸡/大单品+鸡腿+鸡排,True,A:菜品直接证据,全鸡;鸡腿;鸡排;鸡叉骨;鸡块,裹粉炸,True,A:菜品直接证据,脆皮;现做,原味,False,A:菜品直接证据,香酥,堂食+外卖+团购,False,B:多字段组合,外卖:1/团购:1,15-20,A,管城回族区,美景鸿城,口味:3.6 环境:3.8 服务:3.7,17,1,1,0,爆汁鸡鲍鱼_香酥平菇_纯肉棒棒鸡排_香酥脆皮全鸡_现做酸梅汤_爆汁小鸡腿_鸡排堡,,
k5k9CTeaLbUvHkvJ,胖墩墩炸货铺脆皮炸鸡(郑州店),中式,False,C:店名推断,脆皮炸鸡,Unknown,False,D:无证据,,裹粉炸,False,C:店名推断,脆皮,Unknown,False,D:无证据,,含外卖,False,B:外卖字段,1,Unknown,D,管城回族区,经开区,,,1,,0,,,
l4kArKk1HpgBIyJq,当铺鸡腿姑娘韩式炸鸡(郑州店),韩式,False,C:店名推断,韩式,鸡腿,False,C:店名推断,鸡腿,Unknown,False,D:无证据,,Unknown,False,D:无证据,,含外卖,False,B:外卖字段,1,Unknown,D,管城回族区,经开区,,,1,,0,,,
H9QIk62LlEtqTaFP,正新鸡排(正新鸡排店),美式/西式,False,C:品牌映射,brand:正新,鸡排,False,C:品牌映射,brand:正新,裹粉炸,False,C:品牌映射,brand:正新,原味,False,C:品牌映射,brand:正新,档口/摊位,False,C:品牌映射,brand:正新,10-15,A,管城回族区,经开区,口味:3.5 环境:3.5 服务:3.5,4,1,,0,鸡肉圈,,
l70lxAV3FE3EW821,鸡蛋灌饼风味炸鸡,Unknown,False,D:无证据,,Unknown,False,D:无证据,,Unknown,False,D:无证据,,Unknown,False,D:无证据,,Unknown,False,D:无证据,,Unknown,D,管城回族区,经开区,口味:3.4 环境:3.5 服务:3.4,1,,,0,,,
l6dHR4unLRas28Le,多美士炸鸡汉堡(永威城店),美式/西式,False,C:品牌映射,brand:多美士,鸡排,False,C:品牌映射,brand:多美士,裹粉炸,False,C:品牌映射,brand:多美士,原味,False,C:品牌映射,brand:多美士,外卖型,False,C:品牌映射,brand:多美士,15-20,A,管城回族区,管城回族区,口味:3.4 环境:3.4 服务:3.4,3,1,1,21,藤椒翅尖_香辣大翅根_黄金紫薯酥_赤焰烤全腿,,
l2dgeQDWtj7EEQJK,火乐大面筋.烧烤(盛华里购物中心店),Unknown,False,D:无证据,,鸡排+鸡块/鸡米花/鸡柳,True,A:菜品直接证据,鸡排;鸡柳,Unknown,False,D:无证据,,甜辣,False,A:菜品直接证据,芝士,堂食+外卖+团购,False,B:多字段组合,外卖:1/团购:1,Unknown,D,管城回族区,经开区,口味:3.4 环境:3.5 服务:3.5,2,1,1,0,内蒙古大肉串_五花肉串_拉花鱼豆腐_光臭豆腐_鸡柳_年糕_鸡排,,
G1p8UrRmDqq1pmtr,郭庆炸鸡(格林店),中式,False,A:菜品直接证据,香酥鸡,整鸡/大单品+鸡块/鸡米花/鸡柳,True,A:菜品直接证据,童子鸡;鸡腿;鸡叉骨;鸡块,Unknown,False,D:无证据,,原味+香辣,True,A:菜品直接证据,香酥;香辣,含外卖,False,B:外卖字段,1,15-20,A,管城回族区,经开区,口味:3.9 环境:3.9 服务:4.0,19,1,,0,烧鸡_鳕鱼_黄花鱼_带鱼_龙利鱼_鲷鱼_香酥鸡块_薯条_香辣鸡根_鱿鱼圈,,
G1bLSpBkRqbAz1Is,风华韩式炸鸡(经开店),复合型,False,A:菜品直接证据,双拼,鸡翅,False,A:菜品直接证据,翅中,Unknown,False,D:无证据,,Unknown,False,D:无证据,,含团购,False,B:团购字段,1,10-15,A,管城回族区,经开区,口味:3.5 环境:3.5 服务:3.5 食材:3.5,8,,1,0,翅中翅根双拼,,
jOX2sU5L4Oc9nML9,徐先生烤肉炸鸡饭,Unknown,False,D:无证据,,整鸡/大单品+鸡腿+鸡块/鸡米花/鸡柳,True,A:菜品直接证据,脆皮鸡;鸡腿;鸡块,裹粉炸,False,A:菜品直接证据,脆皮,原味,True,A:菜品直接证据,原味;芝士;黑椒,堂食+外带,False,C:店名推断,烤肉,30-50,A,中原区,郑州大学新校区,,,1,,0,黄金芝士玉米酥_脆皮鸡腿_川香鸡柳_风味烤肠,,
k3m7rvOibF0HHM8H,韩式炸鸡(远大理想城店),韩式,False,A:菜品直接证据,芝士炸鸡,Unknown,False,D:无证据,,Unknown,False,D:无证据,,甜辣,False,A:菜品直接证据,芝士,含团购,False,B:团购字段,1,15-20,A,管城回族区,经开区,,1,,1,0,雪花酸奶芝士炸鸡,,
G7WlecMNh90Scxbb,锁骨先生,Unknown,False,D:无证据,,鸡腿+鸡翅+鸡架/锁骨/叉骨,True,A:菜品直接证据,手枪腿;翅根;锁骨,裹粉炸,False,A:菜品直接证据,酥炸,原味,False,A:菜品直接证据,香酥,含团购,False,B:团购字段,1,<10,A,管城回族区,经开区,,,,1,0,酥炸平菇_脆骨肉焦香酥脆_手枪腿超满足_酥脆绝味翅根_锁骨整整_超大巨香的手枪腿_牛排薯,,
G60TpMADXOy0jCYQ,拌它咖喱鸡排饭(经开店),Unknown,False,D:无证据,,鸡排,False,C:店名推断,鸡排,Unknown,False,D:无证据,,Unknown,False,D:无证据,,含团购,False,B:团购字段,1,Unknown,D,管城回族区,经开区,,,,1,0,,,
k8TXr79a4a6d1wfE,御侦探手工面筋(盛华里店),Unknown,False,D:无证据,,Unknown,False,D:无证据,,Unknown,False,D:无证据,,Unknown,False,D:无证据,,Unknown,False,D:无证据,,10-15,A,管城回族区,经开区,口味:3.4 环境:3.5 服务:3.4,20,,,0,,,
G1kRAcxlMe1Hy0dY,郑州老西郊鲜炸鸡(经开区店),复合型,False,A:菜品直接证据,双拼,鸡腿,True,A:菜品直接证据,鸡腿;鸡翅;鸡架,生炸/现炸,False,C:店名推断,鲜炸,香辣,True,A:菜品直接证据,香辣;孜然,堂食+外卖+团购,False,B:多字段组合,外卖:1/团购:1,20-30,A,管城回族区,经开区,口味:3.6 环境:3.6 服务:3.6,23,1,1,0,霸气鸡全翅_炸双拼_炸鸡翅,,
H8vYIqRS5sJdJ8ZE,EGM韩式炸鸡(经开区店),韩式,False,A:菜品直接证据,韩式,鸡腿,True,A:菜品直接证据,鸡腿;鸡米花,Unknown,False,D:无证据,,原味+香辣+甜辣,True,A:菜品直接证据,香酥;辣;甜辣;黑椒,含团购,False,B:团购字段,1,20-30,A,管城回族区,经开区,口味:3.5 环境:3.5 服务:3.5,7,,1,0,劲脆香鸡堡_葡萄芝士_香酥甜辣_去骨鸡腿_美味洋葱卷_去骨鸡腿肉年糕果饮_奶香芝士_内含可口可乐_内含进口年糕_内含去骨鸡腿肉,,
k3Pxbg4Njiq0u8tL,HANGIRL韩式炸鸡·火鸡面,韩式,False,C:店名推断,韩式,Unknown,False,D:无证据,,Unknown,False,D:无证据,,Unknown,False,D:无证据,,含外卖,False,B:外卖字段,1,Unknown,D,管城回族区,经开区,,,1,,0,,,
G5shYTmHmscS9wFY,首尔的炸鸡,地方特色,False,A:菜品直接证据,新疆,鸡腿,False,A:菜品直接证据,鸡腿,Unknown,False,D:无证据,,甜辣,False,A:菜品直接证据,芝士,含团购,False,B:团购字段,1,15-20,A,管城回族区,经开区,口味:3.4 环境:3.4 服务:3.4,1,,1,0,单层澳洲牛肉芝士堡_新疆阿凡提羊肉_拉丝芝士棒_单层劲脆鸡腿堡,,
H1AnxraDnKWo2gEr,开心鸭鸡柳卷饼(盛华里店),Unknown,False,D:无证据,,鸡块/鸡米花/鸡柳,False,A:菜品直接证据,鸡柳,Unknown,False,D:无证据,,香辣+甜辣+孜然+芥末,True,A:菜品直接证据,香辣;蜂蜜;孜然;芥末,含团购,False,B:团购字段,1,<10,A,管城回族区,经开区,口味:3.4 环境:3.4 服务:3.4,2,,1,0,蜂蜜芥末味鸡柳卷饼_孜然鸡柳卷饼_鸡柳卷饼_香辣味鸡柳卷饼,,
l8GOlmLM4nrOyWk3,御香炸鸡店(格林假日店),Unknown,False,D:无证据,,鸡腿+鸡架/锁骨/叉骨,True,A:菜品直接证据,鸡腿;鸡叉骨;鸡柳,Unknown,False,D:无证据,,Unknown,False,D:无证据,,含外卖,False,B:外卖字段,1,Unknown,D,管城回族区,经开区,,,1,,0,御香鸡腿_御香叉骨御香鸡腿块两掺,,
H1NT28U4vSBgWOjl,老王炸串欢迎品尝(浩创优尚店),美式/西式,False,A:菜品直接证据,美式,整鸡/大单品,True,A:菜品直接证据,大鸡;鸡翅;鸡排,Unknown,False,D:无证据,,香辣,True,A:菜品直接证据,麻辣;黑椒,含团购,False,B:团购字段,1,15-20,A,管城回族区,经开区,,,,1,0,手把牛肉_手把鸡翅尖_黑鸭鸭腿_炸牛板筋_五方肉串_牛蛙串_鸡蛋肉卷_甜粽子_泡椒肉串_麻辣小龙虾整,,
H5F7eueQcKmHE6J0,王朝炸鸡(宏光和园店),Unknown,False,D:无证据,,Unknown,False,D:无证据,,Unknown,False,D:无证据,,Unknown,False,D:无证据,,含外卖,False,B:外卖字段,1,10-15,A,管城回族区,经开区,口味:3.4 环境:3.4 服务:3.4,2,1,,0,,,
l9cKDxZKNYOwT5Ex,正新鸡排·炸鸡烧烤(乐尚广场店),美式/西式,False,C:品牌映射,brand:正新,鸡翅+鸡架/锁骨/叉骨+鸡块/鸡米花/鸡柳,True,C:品牌映射,brand:正新,裹粉炸,False,C:品牌映射,brand:正新,原味,False,C:品牌映射,brand:正新,档口/摊位,False,C:品牌映射,brand:正新,10-15,A,管城回族区,经开区,口味:3.9 环境:3.8 服务:3.9,50,1,1,0,正新大烤肠_四拼炸鸡桶_现炸翅根_黑椒鸡块_鸡肉薯条_香芋地瓜丸_海苔鸡肉圈_锅包鸡肉_脆皮一口肠_正新鸡叉骨,,
G2Md8UTQ5EzVbqni,怪老一蒜香炸鸡(郑州乐尚生活广场店),Unknown,False,D:无证据,,鸡翅+鸡块/鸡米花/鸡柳+鸡脖/其他部位,True,A:菜品直接证据,大鸡;鸡翅;鸡米花;鸡皮,裹粉炸,False,A:菜品直接证据,脆皮,香辣,True,A:菜品直接证据,辣;蒜香;甜辣;甘梅,堂食+外卖+团购,False,B:多字段组合,外卖:1/团购:1,15-20,A,管城回族区,经开区,口味:4.0 环境:4.0 服务:4.0,99,1,1,0,甘梅薯条_脆皮锅巴_鸡米花_脆炸鸡皮_藤椒龙骨脆_甜心玉米脆_百事可乐罐_炸藤椒鸡翅尖_鸡肉洋葱卷_香芋红薯丸子,,
l6U2IlkQDjg2IqpR,刘守营·炭烤排骨,Unknown,False,D:无证据,,Unknown,False,D:无证据,,Unknown,False,D:无证据,,Unknown,False,D:无证据,,堂食+外卖+团购,False,B:多字段组合,外卖:1/团购:1,30-50,A,管城回族区,经开区,口味:3.5 环境:3.6 服务:3.5,2,1,1,0,烤猪蹄_肋排_烤肋排,,
G7tJ4E9a8m0kqwJ8,烙馍卷面筋·脆皮五花肉,Unknown,False,D:无证据,,Unknown,False,D:无证据,,裹粉炸,False,C:店名推断,脆皮,Unknown,False,D:无证据,,含外卖,False,B:外卖字段,1,Unknown,D,管城回族区,经开区,,,1,,0,,,
laaOiwTqhyamg9sh,风味炸鸡(大宇颐园小区店),Unknown,False,D:无证据,,整鸡/大单品+鸡腿+鸡架/锁骨/叉骨+鸡块/鸡米花/鸡柳,True,A:菜品直接证据,脆皮鸡;鸡腿;鸡叉骨;鸡柳,裹粉炸,False,A:菜品直接证据,脆皮,孜然,False,A:菜品直接证据,孜然,Unknown,False,D:无证据,,10-15,A,管城回族区,经开区,口味:3.6 环境:3.5 服务:3.6,3,,,0,带皮鸡腿肉_雪花啤酒_鸡叉骨_脆皮鸡柳,,
G7ovIRsCSRxQ8ztr,吉丽韩式炸鸡(盛华里店),韩式,False,A:菜品直接证据,韩式,鸡腿,True,A:菜品直接证据,鸡腿;全翅,裹粉炸,True,A:菜品直接证据,脆皮;酱炸,蒜香+甜辣+酱香+酸甜,True,A:菜品直接证据,辣;蒜香;琥珀;酱油;甘梅,含团购,False,B:团购字段,1,20-30,A,管城回族区,经开区,口味:3.7 环境:3.7 服务:3.7,25,,1,0,校村炸鸡_正宗韩式火鸡面_金枪鱼饭团_蒜香酱油_绵酥薯条_炸甘梅地瓜条_黄金芝士炸鸡_韩式脆皮年糕_韩式石锅拌饭_撒粉无骨鸡腿肉,,
l7sx60CYuTsRI0gD,欢喜烧饼炸串,Unknown,False,D:无证据,,Unknown,False,D:无证据,,Unknown,False,D:无证据,,Unknown,False,D:无证据,,含团购,False,B:团购字段,1,Unknown,D,管城回族区,经开区,,,,1,0,大头菜_里脊肉排_莲夹_豆腐扣,,
H4VQfJ6aKPZxPgEw,叫了只炸鸡(经开区第四大街店),中式,False,C:品牌映射,brand:叫了只,整鸡/大单品+鸡腿+鸡翅+鸡块/鸡米花/鸡柳,True,C:品牌映射,brand:叫了只,生炸/现炸,False,C:品牌映射,brand:叫了只,黑胡椒+酱香,True,C:品牌映射,brand:叫了只,外卖型,False,C:品牌映射,brand:叫了只,20-30,A,管城回族区,经开区,,8,,1,0,叫了只炸鸡_翅根一箩筐_招牌炸鸡腿_秘制奥尔良烤鸡_翅中一箩筐_韩式炸鸡双拼_奥尔良汉堡_脆皮香蕉_黑椒鸡块_藤椒琵琶腿,,
H33hDhkThulShn9o,真鱿味· 铁板烤串炸串(乐尚店),Unknown,False,D:无证据,,鸡排,True,A:菜品直接证据,鸡排;鸡柳,裹粉炸,False,A:菜品直接证据,脆皮,酱香,False,A:菜品直接证据,酱香,堂食+外卖+团购,False,B:多字段组合,外卖:1/团购:1,15-20,A,管城回族区,经开区,口味:3.9 环境:3.8 服务:3.8,24,1,1,0,勾魂爆烤面筋_剪饼_奶香小馒头_招牌鱿鱼须_超级鸡肉串_鸡中翅_手打香肠_金丝鸡柳_骨肉相连_香嫩金针菇,,
H6F4AbgOKOzolnT5,怪味炸鸡(经开第十四大街店),Unknown,False,D:无证据,,Unknown,False,D:无证据,,Unknown,False,D:无证据,,Unknown,False,D:无证据,,Unknown,False,D:无证据,,Unknown,D,管城回族区,经开区,口味:3.5 环境:3.5 服务:3.5,3,,,0,小腊肠,,
k6aqw1jiQlAqEew0,叫了只炸鸡(经开区旗舰店),中式,False,C:品牌映射,brand:叫了只,鸡翅+鸡块/鸡米花/鸡柳,True,C:品牌映射,brand:叫了只,生炸/现炸,False,C:品牌映射,brand:叫了只,香辣+甜辣,True,C:品牌映射,brand:叫了只,外卖型,False,C:品牌映射,brand:叫了只,20-30,A,管城回族区,经开区,口味:3.6 环境:3.5 服务:3.6,17,1,,0,椰蓉大福_小猫钓鱼鸡块_网红爆浆酸奶麻花_泰式甜辣酱_沙拉酱_翅根一箩筐_鸡祥三宝_翅中一箩筐_脆皮年糕_网红黄金拉丝芝士球,,
k2fKSZTPRKqEPxNi,叫了只炸鸡(五洲店),中式,False,C:品牌映射,brand:叫了只,鸡翅+鸡块/鸡米花/鸡柳,True,C:品牌映射,brand:叫了只,生炸/现炸,False,C:品牌映射,brand:叫了只,香辣+黑胡椒,True,C:品牌映射,brand:叫了只,外卖型,False,C:品牌映射,brand:叫了只,15-20,A,管城回族区,经开区,口味:3.7 环境:3.7 服务:3.7,20,1,1,0,盐酥鸡_黑椒鸡块单点不送_咖喱鸡肉串_茉莉蜜茶_佐口牛肉鲜椒酱_佐口魔鬼爆辣酱_深海鳕鱼排_韩大叔炸鸡萝卜_雪花鸡柳_鸡翅一箩筐单点不送,,
kajooMpmBij5Dn9N,张七公炸海鱼,Unknown,False,D:无证据,,整鸡/大单品+鸡腿+鸡排+鸡块/鸡米花/鸡柳,True,A:菜品直接证据,大鸡;鸡腿;鸡排;鸡叉骨;鸡块,裹粉炸,False,A:菜品直接证据,脆皮,原味,False,A:菜品直接证据,香酥,堂食+外卖+团购,False,B:多字段组合,外卖:1/团购:1,20-30,A,管城回族区,经开区,口味:3.5 环境:3.5 服务:3.5,7,1,1,0,凤尾鱼_脆皮大鸡腿_鱿鱼圈_心形鸡排_小毛鱼_炸河虾_黄花鱼_海泥鳅_无骨鸡块_超值香酥带鱼,,
G5NnXq5oiSOEB8fV,解忧炸串店,Unknown,False,D:无证据,,Unknown,False,D:无证据,,裹粉炸,False,A:菜品直接证据,脆皮,酱香,False,A:菜品直接证据,酱香,含团购,False,B:团购字段,1,Unknown,D,管城回族区,经开区,口味:3.5 环境:3.5 服务:3.5,3,,1,0,烧饼切块_招牌炸脆皮年糕_脆皮淀粉肠_酱香炸面筋,,
G6EBKGjXMNPAMFrq,圣佳美(炸鸡汉堡)(桃源街店),Unknown,False,D:无证据,,鸡腿+鸡翅+鸡块/鸡米花/鸡柳,True,A:菜品直接证据,鸡腿;翅根;鸡块,Unknown,False,D:无证据,,原味+香辣,True,A:菜品直接证据,原切;香辣,Unknown,False,D:无证据,,15-20,A,二七区,郑州大学,,2,,,0,原切土豆条_优质重磅双鸡堡_原切土豆薯条_香辣大翅根_招牌双层鸡腿堡_大翅根_双层鸡肉堡_黄金鸡块_圣佳美鸡腿堡_圣美佳手工鸡块,,
H9QByPowNeCng3wv,馋猫汉堡炸鸡(郑大店),Unknown,False,D:无证据,,Unknown,False,D:无证据,,Unknown,False,D:无证据,,Unknown,False,D:无证据,,含外卖,False,B:外卖字段,1,Unknown,D,中原区,郑州大学新校区,,,1,,0,,,
k1ZVGideEfL3jsM8,堡客来·汉堡炸鸡,Unknown,False,D:无证据,,整鸡/大单品+鸡排+鸡块/鸡米花/鸡柳,True,A:菜品直接证据,全鸡;鸡腿;鸡翅;鸡排;鸡米花,烤炸复合,False,A:菜品直接证据,烤鸡,香辣+黑胡椒,True,A:菜品直接证据,香辣;黑胡椒;奥尔良,含外卖,False,B:外卖字段,1,Unknown,D,中原区,郑州大学新校区,,,1,,0,二良烤堡_秘制烤全鸡_田园堡_香辣大鸡排_藤椒堡_劲爆鸡米花_薯条_洋葱圈_香鸡柳串_黑胡椒鸡肉卷,,
G2qEfkDQubsTuBOm,恋尚炸鸡,Unknown,False,D:无证据,,Unknown,False,D:无证据,,Unknown,False,D:无证据,,Unknown,False,D:无证据,,Unknown,False,D:无证据,,Unknown,D,中原区,郑州大学新校区,,,,,0,,,
jFZiB66VMLIoC2C8,YUMPAI韩式炸鸡,韩式,False,C:店名推断,韩式,Unknown,False,D:无证据,,Unknown,False,D:无证据,,Unknown,False,D:无证据,,含外卖,False,B:外卖字段,1,Unknown,D,中原区,郑州大学新校区,口味:3.4 环境:3.4 服务:3.4,,1,,0,,,
i7la0yWwHDN1g9mn,甜心炸鸡铺,Unknown,False,D:无证据,,Unknown,False,D:无证据,,Unknown,False,D:无证据,,Unknown,False,D:无证据,,含外卖,False,B:外卖字段,1,Unknown,D,中原区,郑州大学新校区,,,1,,0,,,
H20d2JYibFaDaJjk,皮老板汉堡炸鸡(郑大工大店),Unknown,False,D:无证据,,Unknown,False,D:无证据,,Unknown,False,D:无证据,,Unknown,False,D:无证据,,含外卖,False,B:外卖字段,1,Unknown,D,中原区,郑州大学新校区,,,1,,0,,,
H51wffFlfgCWEcvr,周记绝味炸鸡,Unknown,False,D:无证据,,Unknown,False,D:无证据,,Unknown,False,D:无证据,,Unknown,False,D:无证据,,Unknown,False,D:无证据,,Unknown,D,二七区,郑州大学,,,,,0,,,
l1NUZzPi9nYcV3iM,烧饼炸串(康复中街店),Unknown,False,D:无证据,,鸡脖/其他部位,False,A:菜品直接证据,鸡胗,Unknown,False,D:无证据,,Unknown,False,D:无证据,,含外卖,False,B:外卖字段,1,Unknown,D,二七区,郑州大学,口味:3.9 环境:3.5 服务:3.8,2,1,,0,五花肉串_羊肉串_纯肉地道肠_安井虾糕_炸豆腐卷_紫茄子_炸豆芽_亲亲玉米肠_安井脆排_西兰花,,
k26qlsQQVHm78YUG,延庆观炸鸡(康复前街店),中式,False,C:品牌映射,brand:延庆观,鸡翅+鸡架/锁骨/叉骨+鸡块/鸡米花/鸡柳+鸡脖/其他部位,True,C:品牌映射,brand:延庆观,卤炸,False,C:品牌映射,brand:延庆观,黑胡椒+酸甜,True,C:品牌映射,brand:延庆观,档口/摊位,False,C:品牌映射,brand:延庆观,15-20,A,二七区,郑州大学,口味:3.7 环境:3.7 服务:3.7,29,1,1,0,黄金鸡块_秘制炸鸡叉骨_黑胡椒粉_香脆炸鸡皮_甘梅撒粉_延庆观鸡柳_黄金炸翅根_特色鸡皮_延庆观鸡脆骨_延庆观鸡米花,,
G2GrNwGNy5lExdVi,香炸肉串(兴华北街12号院店),Unknown,False,D:无证据,,鸡脖/其他部位,False,A:菜品直接证据,鸡皮,Unknown,False,D:无证据,,Unknown,False,D:无证据,,Unknown,False,D:无证据,,<10,A,二七区,郑州大学,口味:3.6 环境:3.5 服务:3.6,23,,,0,米线_鸡皮_生菜,,
k7yhMgMAbCTzC9m7,自记族清复真 炸串夹饼,Unknown,False,D:无证据,,Unknown,False,D:无证据,,Unknown,False,D:无证据,,Unknown,False,D:无证据,,Unknown,False,D:无证据,,Unknown,D,二七区,郑州大学,,,,,0,,,
G4Ye85SDGqplRhPY,炸季炸串(学府新家园店),中式,False,C:品牌映射,brand:炸季,鸡架/锁骨/叉骨,False,C:品牌映射,brand:炸季,生炸/现炸,False,C:品牌映射,brand:炸季,香辣+甜辣,True,C:品牌映射,brand:炸季,档口/摊位,False,C:品牌映射,brand:炸季,15-20,A,二七区,郑州大学,口味:3.5 环境:3.5 服务:3.5,12,1,1,1,女神土豆粉_椒香小酥肉_鲜嫩鸡肉_芝麻脆小酥饼_金牌酸辣粉_芝麻脆烧饼_芝士口口虾_劲霸小面筋_广式小腊肠_鲜嫩鸭肠,,
l92t8hyAbHp5IzUP,布袋馍炸鸡炸串,Unknown,False,D:无证据,,Unknown,False,D:无证据,,Unknown,False,D:无证据,,Unknown,False,D:无证据,,Unknown,False,D:无证据,,Unknown,D,二七区,郑州大学,,,,,0,,,
EM719Dke9pJo0K5p,御膳叉骨炸鸡(桃源路店),中式,False,C:品牌映射,brand:御膳,鸡架/锁骨/叉骨,False,C:品牌映射,brand:御膳,生炸/现炸,False,C:品牌映射,brand:御膳,椒盐,False,C:品牌映射,brand:御膳,档口/摊位,False,C:品牌映射,brand:御膳,15-20,A,二七区,郑州大学,口味:3.4 环境:3.5 服务:3.4,4,1,,0,招牌鸡叉骨_甘梅,,
l6zPWIg3qOHwa613,香辣炸鸡饭(桃源路店),Unknown,False,D:无证据,,Unknown,False,D:无证据,,Unknown,False,D:无证据,,香辣,False,C:店名推断,香辣,含外卖,False,B:外卖字段,1,<10,A,二七区,郑州大学,口味:3.5 环境:3.5 服务:3.5,8,1,,0,里脊肉饼,,
l1aImA8WnYFGyhfa,黎太院韩式炸鸡(裕鸿世界港店),韩式,False,C:品牌映射,brand:黎太院,鸡块/鸡米花/鸡柳,False,C:品牌映射,brand:黎太院,裹粉炸,False,C:品牌映射,brand:黎太院,甜辣,False,C:品牌映射,brand:黎太院,堂食+外带,False,C:品牌映射,brand:黎太院,20-30,A,新郑市,航空港区,口味:3.4 环境:3.4 服务:3.4,4,1,1,0,嫩脆小翅根_酥酥糯糯年糕_爆辣韩式火鸡面,,
Eew7oGlLwDW9nF4A,炸鸡皇后(河苑店),韩式,True,A:菜品直接证据,韩式;吮指,整鸡/大单品+鸡腿+鸡架/锁骨/叉骨,True,A:菜品直接证据,全鸡;鸡腿;翅根;鸡排;鸡叉骨;无骨炸鸡,裹粉炸,False,A:菜品直接证据,脆皮,原味,True,A:菜品直接证据,香酥;甘梅,含外卖,False,B:外卖字段,1,15-20,A,新郑市,航空港区,口味:3.8 环境:3.8 服务:3.8,12,1,,0,五香脆皮全鸡_五香腿肉块_脆皮大鸡腿_狼牙棒棒鸡_甘梅_金牌锁骨_招牌鸡叉骨_高山小土豆_酵素苏打气泡水白桃味_吮指年糕,,
G38jQbtGA6AzDwll,老郑州炸鸡店,中式,False,C:店名推断,老郑州,整鸡/大单品+鸡腿+鸡排+鸡架/锁骨/叉骨+鸡块/鸡米花/鸡柳,True,A:菜品直接证据,大鸡;鸡腿;鸡排;鸡叉骨;鸡块,裹粉炸,False,A:菜品直接证据,脆皮,Unknown,False,D:无证据,,含团购,False,B:团购字段,1,10-15,A,管城回族区,美景鸿城,口味:3.4 环境:3.5 服务:3.5,61,,1,0,招牌鸡叉骨_爆汁鸡块_招牌去骨鸡腿肉_脆皮小鸡腿_脆嫩鸡柳_大大鸡排_招牌去骨鸡腿_脆皮大鸡腿_鸡柳卷饼,,
G5caCdAfdbqGeU2h,香酥馋嘴鸭(七里河店),中式,False,A:菜品直接证据,香酥鸡,整鸡/大单品+鸡腿,True,A:菜品直接证据,香酥鸡;鸡腿;鸡翅,烤炸复合,False,A:菜品直接证据,烤鸡,原味+香辣+孜然,True,A:菜品直接证据,原味;香辣;孜然;奥尔良,含团购,False,B:团购字段,1,10-15,A,管城回族区,美景鸿城,,1,,1,0,蜀鑫肴五香腊肠_蜀鑫肴麻辣腊肠_香辣香酥馋嘴鸭_微辣香酥馋嘴鸭_微辣香酥鸡腿_原味香酥馋嘴鸭_中辣香酥馋嘴鸭_中辣香酥鸡腿_香辣香酥馋嘴鸡_孜然香酥馋嘴鸡,,
l9ZFn98AhYAgnE41,叫了只炸鸡(阳光城8号院店),中式,False,C:品牌映射,brand:叫了只,整鸡/大单品+鸡腿+鸡排+鸡块/鸡米花/鸡柳,True,C:品牌映射,brand:叫了只,生炸/现炸,False,C:品牌映射,brand:叫了只,原味,False,C:品牌映射,brand:叫了只,外卖型,False,C:品牌映射,brand:叫了只,20-30,A,管城回族区,美景鸿城,口味:3.7 环境:3.6 服务:3.7,11,1,,0,一只神奇的鸡_经典香酥撒粉炸鸡_红豆派_玉米布丁酥_红糖冰粉_叫香大鸡排_叫香鸡米花_叫香薯条_叫香鸡排_双层劲脆鸡腿堡,,
EveNw1QL4WISE9Yo,HanBang韩式炸鸡火鸡面(阳光城店),韩式,False,C:品牌映射,brand:HanBang,鸡块/鸡米花/鸡柳,False,C:品牌映射,brand:HanBang,裹粉炸,False,C:品牌映射,brand:HanBang,甜辣,False,C:品牌映射,brand:HanBang,外卖型,False,C:品牌映射,brand:HanBang,15-20,A,管城回族区,美景鸿城,,2,1,,0,,,
l9sE2veVVp7BmZYT,王朝炸鸡(七里河店),Unknown,False,D:无证据,,鸡腿+鸡排+鸡架/锁骨/叉骨+鸡块/鸡米花/鸡柳,True,A:菜品直接证据,琵琶腿;鸡翅;鸡排;鸡叉骨;鸡米花;鸡皮,裹粉炸,False,A:菜品直接证据,脆皮,Unknown,False,D:无证据,,堂食+外卖+团购,False,B:多字段组合,外卖:1/团购:1,10-15,A,管城回族区,美景鸿城,口味:4.0 环境:3.8 服务:3.9,22,1,1,0,干炸黄花鱼_脆皮淀粉肠_鸡米花_鸡柳_薯条_鸡排_鸡肉卷_琵琶腿_小叉骨_炸鸡拼盘,,
G35PzHjRuqEGkm9O,小羊哥烙馍卷•烧烤炸货铺(阳光城店),Unknown,False,D:无证据,,鸡块/鸡米花/鸡柳+鸡脖/其他部位,True,A:菜品直接证据,大鸡;鸡腿;鸡柳;鸡皮,烤炸复合,False,C:店名推断,烤炸,Unknown,False,D:无证据,,含团购,False,B:团购字段,1,10-15,A,管城回族区,美景鸿城,,2,,1,0,烙馍卷面筋_紫薯糯米球_炭烧秋刀鱼_炸香菇串_RIO微醺鸡尾酒_川香鸡柳_青椒肥肠串_香芋地瓜丸_五香鸡皮_碳烤掌中宝,,
H7edc3FsM49COGSh,多美士炸鸡汉堡披萨(瑞锦小区店),美式/西式,False,C:品牌映射,brand:多美士,鸡翅+鸡块/鸡米花/鸡柳,True,C:品牌映射,brand:多美士,裹粉炸,False,C:品牌映射,brand:多美士,香辣+酱香,True,C:品牌映射,brand:多美士,外卖型,False,C:品牌映射,brand:多美士,10-15,A,管城回族区,经开区,,,,1,0,奥尔良烤腿堡_酷啦啦排骨堡_真香翅盒_卡通鸡块_香辣大翅根_藤椒翅尖_赤焰烤全腿_黄金紫薯酥_骨肉相_冰柠果蜜柠檬汁,,
l1x460lWnuLNCBu0,韩式炸鸡·汉堡·披萨·花甲粉(浩创优尚店),韩式,True,A:菜品直接证据,韩式;新疆,鸡腿,False,A:菜品直接证据,鸡腿,Unknown,False,D:无证据,,原味+甜辣,True,A:菜品直接证据,经典;芝士,堂食+外卖+团购,False,B:多字段组合,外卖:1/团购:1,30-50,A,管城回族区,经开区,,,1,1,0,手把小肉串_新疆阿凡提羊肉_烤海鱼_单层澳洲牛肉芝士堡_拉丝芝士棒_单层劲脆鸡腿堡_经典韩式炸鸡肉年糕_沙拉酱,,
ECbx2312JMzFhhK3,香酥炸鸡无刺炸鱼,Unknown,False,D:无证据,,Unknown,False,D:无证据,,裹粉炸,False,C:店名推断,酥炸,原味,False,C:店名推断,香酥,Unknown,False,D:无证据,,Unknown,D,新郑市,航空港区,,,,,0,,,
H7zoIxigujFidH11,嗨吃炸鸡养生彩虹饭团(裕鸿店),Unknown,False,D:无证据,,鸡腿+鸡排+鸡架/锁骨/叉骨+鸡块/鸡米花/鸡柳,True,A:菜品直接证据,鸡腿;鸡排;叉骨;鸡柳,Unknown,False,D:无证据,,香辣+甜辣,True,A:菜品直接证据,经典;香辣;芝士;奥尔良,含外卖,False,B:外卖字段,1,Unknown,D,新郑市,航空港区,,,1,,0,爆浆芝士饭团_榴莲芝士饭团_叉骨脆骨两掺_鸡腿肉_鸡腿鸡柳两掺_妙记酸梅汁_香辣鸡排_金丝藤椒鸡排_玉米沙拉饭团_泡菜思密达饭团,,
G2sOrXX81tza2SHf,Rainbow彩虹炸鸡,Unknown,False,D:无证据,,Unknown,False,D:无证据,,Unknown,False,D:无证据,,Unknown,False,D:无证据,,堂食+外卖+团购,False,B:多字段组合,外卖:1/团购:1,Unknown,D,新郑市,航空港区,,,1,1,0,,,
EhrW8d685K4Xq5Da,非炸不可炸鸡,中式,False,C:品牌映射,brand:不可,整鸡/大单品,False,C:品牌映射,brand:不可,生炸/现炸,False,C:品牌映射,brand:不可,原味,False,C:品牌映射,brand:不可,档口/摊位,False,C:品牌映射,brand:不可,Unknown,D,新郑市,航空港区,口味:3.4 环境:3.5 服务:3.5,,,,0,,,
l8mLqMxtkX5drC9Y,八零九零饼加菜·炸串·拌饼,Unknown,False,D:无证据,,整鸡/大单品,True,A:菜品直接证据,大鸡;鸡排;鸡皮,烤炸复合,False,A:菜品直接证据,烤鸡,原味,True,A:菜品直接证据,经典;蒜;黑胡椒,堂食+外卖+团购,False,B:多字段组合,外卖:1/团购:1,10-15,A,新郑市,航空港区,口味:3.5 环境:3.5 服务:3.5,6,1,1,0,烙馍卷面筋_菠菜_蟹棒_烤小把鱿鱼须_油炸豆角_大青椒_鸡肉霸王大双排_红油鸡皮串_炸油麦菜_线椒牛肉,,
k2g8jEw2adlwA3Sv,庙东排骨(锦荣悦汇城店),日式,False,A:菜品直接证据,唐扬,鸡腿+鸡翅,True,A:菜品直接证据,手枪腿;翅中,裹粉炸,False,A:菜品直接证据,脆皮,原味+香辣+孜然+酱香,True,A:菜品直接证据,香酥;香辣;孜然;蜜汁,含团购,False,B:团购字段,1,20-30,A,新郑市,锦荣悦汇城,口味:4.0 环境:4.0 服务:4.0,15,,1,2,脆皮蜜汁手枪腿_麻辣小排_孜然炸翅尖_拇指年糕_香酥翅中_庙东小酥肉_唐扬牛蛙_椒香辣子鸡_香酥小蘑菇_酥香掌中宝,,
H5qLhWmgIXgHOpPe,正新鸡排,美式/西式,False,C:品牌映射,brand:正新,鸡排,False,C:品牌映射,brand:正新,裹粉炸,False,C:品牌映射,brand:正新,原味,False,C:品牌映射,brand:正新,档口/摊位,False,C:品牌映射,brand:正新,10-15,A,新密市,行政服务中心,,,,,0,,,
l6HW2FzL4XzeGtym,三养火鸡面芝士炸鸡,韩式,False,C:品牌映射,brand:三养,鸡翅,False,C:品牌映射,brand:三养,裹粉炸,False,C:品牌映射,brand:三养,火鸡面,False,C:品牌映射,brand:三养,档口/摊位,False,C:品牌映射,brand:三养,Unknown,D,新密市,行政服务中心,,,,1,0,,,
kanl6S2G2A56TyRC,正新鸡排·炸鸡烧烤(郑州城市职业学院店),美式/西式,False,C:品牌映射,brand:正新,鸡翅+鸡排,True,C:品牌映射,brand:正新,裹粉炸,False,C:品牌映射,brand:正新,原味,False,C:品牌映射,brand:正新,档口/摊位,False,C:品牌映射,brand:正新,10-15,A,新密市,行政服务中心,口味:3.5 环境:3.4 服务:3.5,7,,,0,爆料鸡排_金锤翅根_中国鸡排汉堡_正新大烤肠_现炸翅根,,
k7kmL00dPzkQKeKL,延庆观炸鸡(平安路店),中式,False,C:品牌映射,brand:延庆观,鸡腿+鸡翅+鸡块/鸡米花/鸡柳+鸡脖/其他部位,True,C:品牌映射,brand:延庆观,卤炸,False,C:品牌映射,brand:延庆观,原味,False,C:品牌映射,brand:延庆观,档口/摊位,False,C:品牌映射,brand:延庆观,20-30,A,新密市,行政服务中心,口味:3.7 环境:3.7 服务:3.7,23,1,1,0,琵琶腿_蒜香肉条_鸡丁_鸡皮_翅中_胃动力_草莓优酸乳,,
k2m0fPv91FVcu24l,黎太院韩式炸鸡(新密店),韩式,False,C:品牌映射,brand:黎太院,鸡块/鸡米花/鸡柳,False,C:品牌映射,brand:黎太院,裹粉炸,False,C:品牌映射,brand:黎太院,甜辣,False,C:品牌映射,brand:黎太院,堂食+外带,False,C:品牌映射,brand:黎太院,10-15,A,新密市,行政服务中心,口味:3.5 环境:3.5 服务:3.5,6,1,1,0,爆辣韩式火鸡面_嫩脆小翅根_酥酥糯糯年糕,,
G4QCwawo0bSeeoxX,麻辣烫 炸鸡 白吉馍,Unknown,False,D:无证据,,Unknown,False,D:无证据,,Unknown,False,D:无证据,,香辣,False,C:店名推断,麻辣,Unknown,False,D:无证据,,Unknown,D,荥阳市,荥阳汽车站,,1,,,0,,,
H1ft90niJ6eqtvx0,CC·咕韩国手工炸鸡(西城国际店),韩式,False,C:店名推断,韩国,鸡排,False,A:菜品直接证据,鸡排,煸制,False,A:菜品直接证据,煸,香辣,False,A:菜品直接证据,辣,Unknown,False,D:无证据,,50+,A,新密市,行政服务中心,口味:3.5 环境:3.5 服务:3.5,,,,0,线椒鸡蛋_秘制鸡排拌饭_干煸香菇_烧卷煎_酸辣娃娃菜_烧油麦菜,,
H6IrjHE7TKwCjFCM,宜家烧饼炸串,Unknown,False,D:无证据,,Unknown,False,D:无证据,,Unknown,False,D:无证据,,Unknown,False,D:无证据,,Unknown,False,D:无证据,,Unknown,D,荥阳市,荥阳市,,,,,0,,,
H8M3z1G2rvto5mpU,湾仔码头啤酒烧烤广场,Unknown,False,D:无证据,,鸡脖/其他部位,False,A:菜品直接证据,鸡胗,Unknown,False,D:无证据,,香辣,False,A:菜品直接证据,麻辣,商场店,False,C:店名推断,广场,20-30,A,荥阳市,荥阳市,口味:3.5 环境:3.5 服务:3.5,14,,,0,肉沫炒凉粉_爆汁小腊肠_卤鸡心_捞汁小海鲜_卤鸡胗_烤牛肉筋串_网红小面筋_麻辣卷煎_麻辣鸡关节_爆汁五花肉,,
iPkHBqIXJIys9nLl,帝圣特汉堡炸鸡(文苑店),Unknown,False,D:无证据,,整鸡/大单品,True,A:菜品直接证据,全鸡;鸡腿,裹粉炸,False,A:菜品直接证据,脆皮,香辣+酸甜,True,A:菜品直接证据,香辣;芝士;奥尔良;橙,堂食+外卖+团购,False,B:多字段组合,外卖:1/团购:1,15-20,A,新郑市,航空港区,口味:3.5 环境:3.5 服务:3.5,2,1,1,0,草莓汁_蓝莓冰酸奶_水蜜桃汁_橙汁_草莓奶茶_草莓冰酸奶_蜜桃乌龙茶_鳕鱼堡_辣子鸡饭_薯条,,
H9WZojCOjcGQbgK6,叫了只炸鸡(金地格林小城店),中式,False,C:品牌映射,brand:叫了只,整鸡/大单品,False,C:品牌映射,brand:叫了只,生炸/现炸,False,C:品牌映射,brand:叫了只,原味,False,C:品牌映射,brand:叫了只,外卖型,False,C:品牌映射,brand:叫了只,20-30,A,荥阳市,荥阳市,口味:3.5 环境:3.5 服务:3.5,3,,1,0,网红韩式年糕炸鸡_神奇的鸡_崂山啤酒_劲爆鸡米花_绝味米线_雪花鸡柳_砂锅土豆粉_对翅_韩式鸡块_会咔嚓的鸡,,
l6a1WUit4FHeckYB,麻辣豆腐串,Unknown,False,D:无证据,,Unknown,False,D:无证据,,Unknown,False,D:无证据,,香辣,False,C:店名推断,麻辣,Unknown,False,D:无证据,,Unknown,D,荥阳市,荥阳市,口味:3.5 环境:3.5 服务:3.5,1,,,0,包菜串_面筋豆腐串_应季蔬菜_拌面_丸子莲夹锅仔_牛肉丸子,,
G81hj8OEu8O3Ev2U,正大炸鸡(塔山路店),Unknown,False,D:无证据,,鸡排+鸡架/锁骨/叉骨+鸡块/鸡米花/鸡柳,True,A:菜品直接证据,大鸡;鸡排;鸡叉骨;鸡米花,Unknown,False,D:无证据,,甜辣,False,A:菜品直接证据,芝士,含团购,False,B:团购字段,1,15-20,A,荥阳市,荥阳市,,,,1,0,果汁自选_双层堡_鳕鱼堡_芝士堡_鸡排堡_自选饮品_正大脆骨鸡块_炸鸡_正大V型叉骨_薯条,,
k7LlRHq3LOKNdRaS,荥阳市老城市场冬冬炸鸡店,Unknown,False,D:无证据,,Unknown,False,D:无证据,,Unknown,False,D:无证据,,Unknown,False,D:无证据,,Unknown,False,D:无证据,,Unknown,D,荥阳市,荥阳市,,,,,0,,,
l3iKW0ktTGODmGPD,火爆脆皮炸鸡,中式,False,C:店名推断,脆皮炸鸡,鸡架/锁骨/叉骨,False,A:菜品直接证据,叉骨,裹粉炸,False,C:店名推断,脆皮,Unknown,False,D:无证据,,含团购,False,B:团购字段,1,<10,A,荥阳市,荥阳市,,,,1,0,麦穗肉肠_炸鸡两叉骨_精品叉骨_精品鸡背柳_炸鸡三叉骨,,
k9JXmFDDQ8ybZrBH,烧饼夹菜炸串,Unknown,False,D:无证据,,Unknown,False,D:无证据,,Unknown,False,D:无证据,,Unknown,False,D:无证据,,Unknown,False,D:无证据,,Unknown,D,荥阳市,荥阳市,,,,,0,,,
k5uig97ChIxkQIJv,酥香炸鸡·鸡叉骨(万业世纪广场店),Unknown,False,D:无证据,,鸡架/锁骨/叉骨+鸡块/鸡米花/鸡柳,True,A:菜品直接证据,牙签肉;鸡米花,Unknown,False,D:无证据,,椒盐,False,A:菜品直接证据,椒盐,含团购,False,B:团购字段,1,<10,A,荥阳市,荥阳市,口味:3.5 环境:3.5 服务:3.5,3,,1,0,炸牙签肉_椒盐鸡米花,,
G7wNcZA4hoOuEcdR,正新鸡排(一中店),美式/西式,False,C:品牌映射,brand:正新,鸡翅+鸡排,True,C:品牌映射,brand:正新,裹粉炸,False,C:品牌映射,brand:正新,原味+香辣+酸甜,True,C:品牌映射,brand:正新,档口/摊位,False,C:品牌映射,brand:正新,10-15,A,荥阳市,荥阳市,口味:3.4 环境:3.4 服务:3.4,1,,,0,疯狂烤翅_正新鸭肠_原味鸡排_小牛肉串_火爆鱿鱼_奶茶_咖喱鸡排_甘梅鸡排_香辣鸡排_五香鸡排,,
G1UjtYxDgwoldH4h,炸串饼夹菜,Unknown,False,D:无证据,,Unknown,False,D:无证据,,Unknown,False,D:无证据,,Unknown,False,D:无证据,,Unknown,False,D:无证据,,Unknown,D,荥阳市,荥阳市,,,,,0,,,
H7aWcRJbo1f0gyUx,益善洞·韩国炸鸡(中森·玖巷店),中式,True,A:菜品直接证据,香酥鸡;韩式,整鸡/大单品+鸡排,True,A:菜品直接证据,香酥鸡;鸡排;鸡块,裹粉炸,False,A:菜品直接证据,脆皮,原味+甜辣,True,A:菜品直接证据,原味;芝士;黑椒;菠萝,堂食+外卖+团购,False,B:多字段组合,外卖:1/团购:1,20-30,A,荥阳市,荥阳市,口味:3.5 环境:3.5 服务:3.5,5,1,1,0,脆皮炸香蕉_允指嫩鱼块_无骨腿肉_炒芝士年糕_韩国炸鸡盲盒_国庆节韩式炸鸡_海苔脆松炸鸡_粉丝福利_五彩香酥鸡排_原味果仁炒酸奶,,
l1ATfDRJQTAyw6yW,草上飞怪味炸鸡,Unknown,False,D:无证据,,Unknown,False,D:无证据,,Unknown,False,D:无证据,,Unknown,False,D:无证据,,Unknown,False,D:无证据,,Unknown,D,荥阳市,荥阳市,口味:3.5 环境:3.5 服务:3.5,1,,,0,,,
H9lfz7VmfTEnsiTx,六妮烧鸡炸鸡,Unknown,False,D:无证据,,Unknown,False,D:无证据,,Unknown,False,D:无证据,,Unknown,False,D:无证据,,Unknown,False,D:无证据,,Unknown,D,荥阳市,荥阳市,,,,,0,,,
GazIgbDr42IpLGpk,炸鸡皇后(重英街店),Unknown,False,D:无证据,,整鸡/大单品+鸡腿+鸡架/锁骨/叉骨,True,A:菜品直接证据,全鸡;鸡腿;翅根;鸡排;鸡叉骨,裹粉炸,False,A:菜品直接证据,脆皮,甜辣+酸甜,True,A:菜品直接证据,香酥;芝士;甘梅,堂食+外卖+团购,False,B:多字段组合,外卖:1/团购:1,15-20,A,新郑市,航空港区,口味:3.8 环境:3.8 服务:3.8,9,1,1,0,甘梅_五香腿肉块_五香脆皮全鸡_劲脆鸡腿堡_青花椒鸡腿_五香鸡腿_芝士拉丝热狗棒_金牌锁骨_高山小土豆_酵素苏打气泡水白桃味,,
ladOTPA9xon3j2g7,清真小马炸鸡,中式,False,C:品牌映射,brand:小马,鸡腿+鸡架/锁骨/叉骨+鸡块/鸡米花/鸡柳,True,C:品牌映射,brand:小马,生炸/现炸,False,C:品牌映射,brand:小马,原味,False,C:品牌映射,brand:小马,档口/摊位,False,C:品牌映射,brand:小马,15-20,A,荥阳市,荥阳市人民医院,口味:3.4 环境:3.4 服务:3.4,1,,,0,鸡腿肉_鸡叉骨_鸡柳,,
k7B6a7WGzzB7GomX,叫了只炸鸡,中式,False,C:品牌映射,brand:叫了只,整鸡/大单品,False,C:品牌映射,brand:叫了只,生炸/现炸,False,C:品牌映射,brand:叫了只,原味+甜辣,True,C:品牌映射,brand:叫了只,外卖型,False,C:品牌映射,brand:叫了只,20-30,A,荥阳市,荥阳市人民医院,,2,1,1,0,香酥翅根_酱裹炸年糕_琥珀酱_玉米布丁酥_夜宵狂嗨炸鸡全家桶餐,,
G9k3J3icFzAHbjzi,爆掌柜生炸鸡架(大海寺路店),中式,False,C:品牌映射,brand:爆掌柜,鸡腿+鸡架/锁骨/叉骨+鸡块/鸡米花/鸡柳+鸡脖/其他部位,True,C:品牌映射,brand:爆掌柜,生炸/现炸,False,C:品牌映射,brand:爆掌柜,香辣,False,C:品牌映射,brand:爆掌柜,档口/摊位,False,C:品牌映射,brand:爆掌柜,10-15,A,荥阳市,荥阳市人民医院,口味:3.9 环境:3.9 服务:3.9,37,1,1,2,生炸小鸡腿_生炸鸡胗_脆炸蘑菇_生炸鸡叉骨_生炸鸡背肉_生炸琵琶腿_手枪腿第二只半价_无骨鸡柳_五香里脊肉夹饼_奥尔良腿排夹饼,,
G4nnldqsVnNM52mm,光头强黄金炸串,Unknown,False,D:无证据,,Unknown,False,D:无证据,,Unknown,False,D:无证据,,Unknown,False,D:无证据,,Unknown,False,D:无证据,,Unknown,D,荥阳市,荥阳市人民医院,口味:3.8 环境:3.7 服务:3.7,7,,,0,,,
Ga97ICMviiIqppsH,晓阿妹炸串(成皋路店),Unknown,False,D:无证据,,Unknown,False,D:无证据,,Unknown,False,D:无证据,,Unknown,False,D:无证据,,含团购,False,B:团购字段,1,Unknown,D,荥阳市,荥阳汽车站,,,,1,0,,,
k1VwFU6J5PuYpJlq,满口香炸串(华宸阳光公寓店),Unknown,False,D:无证据,,Unknown,False,D:无证据,,Unknown,False,D:无证据,,Unknown,False,D:无证据,,Unknown,False,D:无证据,,Unknown,D,荥阳市,荥阳汽车站,口味:3.5 环境:3.5 服务:3.5,4,,,0,,,
H4qEh1t77P0Sj73H,张记无骨香脆鸡柳店,Unknown,False,D:无证据,,鸡块/鸡米花/鸡柳,False,A:菜品直接证据,鸡柳,Unknown,False,D:无证据,,Unknown,False,D:无证据,,含外卖,False,B:外卖字段,1,Unknown,D,荥阳市,荥阳汽车站,口味:3.5 环境:3.4 服务:3.5,5,1,,0,鸡柳,,
H5MNhENfNGgIxpJM,张记炸鸡店,Unknown,False,D:无证据,,鸡腿+鸡翅+鸡架/锁骨/叉骨+鸡块/鸡米花/鸡柳+鸡脖/其他部位,True,A:菜品直接证据,鸡腿;鸡翅;鸡叉骨;鸡块;鸡皮,Unknown,False,D:无证据,,酸甜,False,A:菜品直接证据,番茄,含团购,False,B:团购字段,1,10-15,A,荥阳市,荥阳市人民医院,口味:3.5 环境:3.5 服务:3.5,5,,1,0,番茄酱鸡柳_叉骨单人_美味鸡腿_鸡皮_骨肉相连_精品鸡全翅_鸡腿肉,,
H8K4GWXQhCsyr4SC,任记街头炸串(演武路店),Unknown,False,D:无证据,,鸡排,False,A:菜品直接证据,鸡排,Unknown,False,D:无证据,,Unknown,False,D:无证据,,含团购,False,B:团购字段,1,20-30,A,荥阳市,荥阳市人民医院,,,,1,0,黄金鸡排_土豆串_豆卷_鸭肉串_豆翅_龙豆串,,
G1y2Dol6pjJVVpd2,胖妮炸串(百合路店),Unknown,False,D:无证据,,Unknown,False,D:无证据,,Unknown,False,D:无证据,,Unknown,False,D:无证据,,含外卖,False,B:外卖字段,1,Unknown,D,荥阳市,荥阳植物园,,1,1,,0,,,
H5d8HsjEds5V1UhB,鲁串小吃店炸串,Unknown,False,D:无证据,,Unknown,False,D:无证据,,Unknown,False,D:无证据,,Unknown,False,D:无证据,,堂食+外卖+团购,False,B:多字段组合,外卖:1/团购:1,<10,A,荥阳市,荥阳汽车站,口味:3.5 环境:3.5 服务:3.5,3,1,1,0,龙豆_招牌烤大面筋_酸汤面叶_豆卷,,
l184u2dcjFBpn0ET,小眼眯炸鸡(万山路店),Unknown,False,D:无证据,,鸡翅+鸡架/锁骨/叉骨+鸡块/鸡米花/鸡柳,True,A:菜品直接证据,翅中;鸡叉骨;鸡米花,Unknown,False,D:无证据,,香辣+蒜香+椒盐+孜然+酸甜,True,A:菜品直接证据,香辣;蒜香;椒麻;孜然;番茄,Unknown,False,D:无证据,,10-15,A,荥阳市,荥阳汽车站,,,,,0,蒜香炸肩翅_炸翅中_麻辣鸡米花_孜然鸡米花_鸡叉骨香辣味_番茄炸肩翅_椒麻炸肩翅_麻辣炸肩翅_鸡叉骨孜然_香辣炸肩翅,,
H7Dars0h5qQve0qI,熊家无二·韩式炸鸡(荥阳店),韩式,False,C:品牌映射,brand:熊家,鸡翅,False,C:品牌映射,brand:熊家,裹粉炸,False,C:品牌映射,brand:熊家,香辣+甜辣+孜然,True,C:品牌映射,brand:熊家,外卖型,False,C:品牌映射,brand:熊家,20-30,A,荥阳市,荥阳市人民医院,口味:3.9 环境:3.8 服务:3.8,26,1,,0,西域孜然粉_石板鸡蛋_芝士玉米_延边大冷面_烤牛肉拌饭_时蔬拌饭_辛拉面_韩式炸酱面_炸鸡拌饭_热辣火鸡面,,
FCtxbFi7QldUynBS,多美士汉堡炸鸡(格林小城店),美式/西式,False,C:品牌映射,brand:多美士,鸡翅+鸡块/鸡米花/鸡柳,True,C:品牌映射,brand:多美士,裹粉炸,False,C:品牌映射,brand:多美士,香辣+甜辣,True,C:品牌映射,brand:多美士,外卖型,False,C:品牌映射,brand:多美士,10-15,A,荥阳市,荥阳市,,,1,,0,柠檬爱上鸡_芒果蛋糕_拉丝芝士热狗棒_劲爆鸡米花_海苔洋葱圈_骨肉相连_蝴蝶虾_红豆派_川香鸡柳_香辣大翅根,,
G3uPLSXxrR5FCyE4,美加美汉堡·韩式炸鸡,韩式,False,C:店名推断,韩式,鸡排+鸡块/鸡米花/鸡柳,True,A:菜品直接证据,鸡排;鸡块,Unknown,False,D:无证据,,Unknown,False,D:无证据,,堂食+外卖+团购,False,B:多字段组合,外卖:1/团购:1,<10,A,荥阳市,荥阳市,,,1,1,0,薯条_鸡排堡_去骨腿肉_软糯年糕_卡通鸡块_牛肉堡,,
G9LENNtAhMfLB0ot,麦西美汉堡炸鸡,韩式,False,A:菜品直接证据,韩式,整鸡/大单品+鸡翅,True,A:菜品直接证据,烤鸡;鸡腿;鸡翅,烤炸复合,False,A:菜品直接证据,烤鸡,原味+香辣+酱香+酸甜,True,A:菜品直接证据,经典;香辣;黑胡椒;奥尔良;橙,含团购,False,B:团购字段,1,10-15,A,荥阳市,荥阳市,口味:3.5 环境:3.5 服务:3.5,7,,1,0,双层劲霸堡_韩式炸鸡_手工榴莲披萨_新奥尔良烤鸡肉披萨_经典培根披萨_水果披萨_香辣鸡翅_燕麦牛奶_橙汁_咖啡,,
k3fOgGXfjPZwUBIg,彭华民小眼眯炸鸡(索河路店),Unknown,False,D:无证据,,Unknown,False,D:无证据,,Unknown,False,D:无证据,,Unknown,False,D:无证据,,Unknown,False,D:无证据,,10-15,A,荥阳市,荥阳汽车站,口味:3.5 环境:3.5 服务:3.5,2,,,0,,,
G10pNu5dy0Gg1x4n,小马炸鸡(大海寺路店),中式,False,C:品牌映射,brand:小马,鸡腿+鸡排+鸡块/鸡米花/鸡柳+鸡脖/其他部位,True,C:品牌映射,brand:小马,生炸/现炸,False,C:品牌映射,brand:小马,原味+椒盐+孜然+黑胡椒,True,C:品牌映射,brand:小马,档口/摊位,False,C:品牌映射,brand:小马,15-20,A,荥阳市,荥阳汽车站,口味:3.4 环境:3.4 服务:3.4,1,,,0,孜然肉夹馍_香酥手枪腿_炸鸡腿_黑椒鸡块_鸡腿肉_鸡背肉_椒麻鸡块_大脸鸡排_鸡皮_无骨鸡柳,,
l1Taggbv2SsnF9Gu,韩国炸鸡啤酒屋(荥阳店),韩式,False,A:菜品直接证据,韩式,鸡块/鸡米花/鸡柳,False,A:菜品直接证据,鸡块,Unknown,False,D:无证据,,Unknown,False,D:无证据,,含团购,False,B:团购字段,1,10-15,A,荥阳市,荥阳汽车站,,1,,1,0,千丝万缕虾_无骨腿肉_无骨鸡块_韩式年糕,,
G8AgXKpxox16IUO4,多美士炸鸡汉堡(蓝山玖玥店),美式/西式,False,C:品牌映射,brand:多美士,整鸡/大单品+鸡块/鸡米花/鸡柳,True,C:品牌映射,brand:多美士,裹粉炸,False,C:品牌映射,brand:多美士,原味+香辣+酱香,True,C:品牌映射,brand:多美士,外卖型,False,C:品牌映射,brand:多美士,10-15,A,荥阳市,荥阳市,口味:3.5 环境:3.5 服务:3.5,4,1,1,0,酷啦啦排骨堡_麻辣烫三荤四素_蜜汁烤鸡_香芋派_超级牛肉堡_红豆派_经典鸡米花_双鸡堡_蟹黄堡_深海鳕鱼堡,,
H172C15ouMc899ha,楠楠炸鸡,韩式,False,A:菜品直接证据,韩式,鸡块/鸡米花/鸡柳,False,A:菜品直接证据,无骨炸鸡,Unknown,False,D:无证据,,香辣+甜辣,True,A:菜品直接证据,辣;甜辣,含团购,False,B:团购字段,1,20-30,A,荥阳市,荥阳汽车站,口味:3.4 环境:3.4 服务:3.4,1,,1,0,韩式甜辣无骨炸鸡_炸蘑菇_夹心年糕_韩式芝士酸奶无骨炸鸡_饼夹串_炸小面筋,,
k7lGNgtfZ7vKJPb1,益善洞炸鸡社(广场店),韩式,False,A:菜品直接证据,芝士炸鸡,Unknown,False,D:无证据,,Unknown,False,D:无证据,,甜辣,False,A:菜品直接证据,芝士,含团购,False,B:团购字段,1,20-30,A,荥阳市,荥阳汽车站,口味:3.4 环境:3.4 服务:3.4,3,,1,0,腿肉_三养火鸡面_榴莲芝士炸鸡,,
kaJdXS6AJOHI4Vdg,刘小壮炸鸡,Unknown,False,D:无证据,,鸡腿+鸡架/锁骨/叉骨+鸡块/鸡米花/鸡柳,True,A:菜品直接证据,鸡腿;鸡锁骨;鸡块,Unknown,False,D:无证据,,Unknown,False,D:无证据,,堂食+外卖+团购,False,B:多字段组合,外卖:1/团购:1,<10,A,荥阳市,荥阳汽车站,口味:3.8 环境:3.8 服务:3.8,5,1,1,0,炸鸡腿_特色鸡锁骨_炸鸡柳_小吃拼搭_跳跳鸡_无骨鸡块,,
l5UegQSYFDQU91sw,韩式炸鸡(金成时代店),韩式,False,A:菜品直接证据,韩式,Unknown,False,D:无证据,,Unknown,False,D:无证据,,Unknown,False,D:无证据,,堂食+外卖+团购,False,B:多字段组合,外卖:1/团购:1,15-20,A,金水区,经三路沿线,口味:3.5 环境:3.5 服务:3.5,,1,1,0,韩式年糕,,
k66fX6TU8esztWSi,多美士炸鸡汉堡(金城时代店),美式/西式,False,C:品牌映射,brand:多美士,鸡翅+鸡块/鸡米花/鸡柳,True,C:品牌映射,brand:多美士,裹粉炸,False,C:品牌映射,brand:多美士,香辣+酱香,True,C:品牌映射,brand:多美士,外卖型,False,C:品牌映射,brand:多美士,10-15,A,金水区,经三路沿线,口味:3.5 环境:3.5 服务:3.5,7,1,1,21,杨枝甘露_奶茶_玉米布丁_奥尔良烤腿_海苔洋葱圈_蝴蝶虾_香辣鸡翅_玉米杯_川香鸡柳_香辣大翅根,,
H4A2UUKevJJk94Se,曼巴鸭梨·韩风炸鸡·料理(金成时代店),韩式,True,A:菜品直接证据,韩式;双拼,鸡腿,True,A:菜品直接证据,鸡腿;鸡翅;鸡排;无骨炸鸡,Unknown,False,D:无证据,,甜辣+芥末,True,A:菜品直接证据,经典;香辣;蜂蜜;甘梅;芥末,堂食+外卖+团购,False,B:多字段组合,外卖:1/团购:1,30-50,A,金水区,经三路沿线,口味:4.2 环境:4.0 服务:4.2,279,1,1,0,爆浆鸡排（芝士）_芝士粗薯条_泡菜肥牛火锅_爆浆鸡排（蜂蜜芥末）_香脆薯角_辛拉面_韩式双拼一只鸡_洋葱圈_香肠年糕串_鱼饼炒年糕,,
l7cEzUdhF8wvZemA,正新鸡排·炸鸡烧烤(西亚斯店2店),美式/西式,False,C:品牌映射,brand:正新,鸡排,False,C:品牌映射,brand:正新,裹粉炸,False,C:品牌映射,brand:正新,原味,False,C:品牌映射,brand:正新,档口/摊位,False,C:品牌映射,brand:正新,10-15,A,新郑市,西亚斯大学,口味:3.5 环境:3.5 服务:3.5,1,,1,0,香辣鸡排套_正新大烤肠,,
l9Y1XtuhZpkmi3Yk,大脸鸡排(校友一店),Unknown,False,D:无证据,,鸡排+鸡块/鸡米花/鸡柳,True,A:菜品直接证据,鸡排;鸡块,Unknown,False,D:无证据,,Unknown,False,D:无证据,,Unknown,False,D:无证据,,10-15,A,新郑市,西亚斯大学,,,,,0,无骨鸡柳_洋葱鸡肉卷_炒酸奶_香甜洋葱圈_薯条_大脸鸡排_大脸盐酥鸡_大脸爱心鸡块_大脸全家福,,
l3k213n7I6DOqHwl,哈咪韩式炸鸡,韩式,False,C:店名推断,韩式,Unknown,False,D:无证据,,Unknown,False,D:无证据,,Unknown,False,D:无证据,,Unknown,False,D:无证据,,Unknown,D,新郑市,西亚斯大学,,,,,0,,,
k2I2Vw6rsvDO0Hyg,赵记炸货铺,Unknown,False,D:无证据,,Unknown,False,D:无证据,,Unknown,False,D:无证据,,甜辣,False,A:菜品直接证据,芝士,堂食+外卖+团购,False,B:多字段组合,外卖:1/团购:1,Unknown,D,新郑市,西亚斯大学,口味:3.5 环境:3.5 服务:3.5,3,1,1,0,芝士火鸡烤冷面_火鸡烤冷面_炒五种炸蘑菇_养胃神器纯山楂糖葫芦_草莓糖葫芦_糖炒圣女果_糖炒野山楂,,
H17JRhItLFhszNPG,巴狼仔·香酥鸡柳卷饼,中式,False,C:店名推断,香酥鸡,整鸡/大单品,True,C:店名推断,香酥鸡;鸡柳,Unknown,False,D:无证据,,原味,False,C:店名推断,香酥,堂食+外卖+团购,False,B:多字段组合,外卖:1/团购:1,<10,A,新郑市,西亚斯大学,口味:3.4 环境:3.4 服务:3.4,2,1,1,0,,,
l6hrbBDn1bRYjtZa,炸串,Unknown,False,D:无证据,,鸡翅+鸡排+鸡脖/其他部位,True,A:菜品直接证据,全翅;鸡排;鸡脖,Unknown,False,D:无证据,,Unknown,False,D:无证据,,含团购,False,B:团购字段,1,15-20,A,新郑市,西亚斯大学,,,,1,0,风味牛肉串_鸡脖串_青椒小肠_蝴蝶腿_大鸭胗_双霸鸡排_拉丝棒_鸡全翅_鸡肉棒_大田螺串,,
l2z32EKcwH22AP4z,金明洞韩式炸鸡,韩式,False,C:店名推断,韩式,Unknown,False,D:无证据,,Unknown,False,D:无证据,,Unknown,False,D:无证据,,堂食+外卖+团购,False,B:多字段组合,外卖:1/团购:1,Unknown,D,新郑市,西亚斯大学,口味:3.5 环境:3.5 服务:3.5,1,1,1,0,,,
l2x4qjNWjQ5mJOpI,语姑娘中国炸鸡,中式,False,A:菜品直接证据,中式,鸡腿+鸡架/锁骨/叉骨,True,A:菜品直接证据,鸡腿;叉骨,Unknown,False,D:无证据,,Unknown,False,D:无证据,,含团购,False,B:团购字段,1,<10,A,新郑市,西亚斯大学,,,,1,0,招牌手枪腿_中式爆汁鸡腿_炸鸡散称_招牌肉多叉骨,,
H7COAUvMmdUNcElg,上海特色鸡柳,Unknown,False,D:无证据,,鸡块/鸡米花/鸡柳,False,A:菜品直接证据,鸡柳,Unknown,False,D:无证据,,Unknown,False,D:无证据,,Unknown,False,D:无证据,,Unknown,D,新郑市,西亚斯大学,,,,,0,炸鸡柳_上海炸鸡柳_特色炸鸡柳,,
k9smfvpLhUFuer63,王记手工炸串,Unknown,False,D:无证据,,鸡块/鸡米花/鸡柳,False,A:菜品直接证据,鸡柳,Unknown,False,D:无证据,,Unknown,False,D:无证据,,堂食+外卖+团购,False,B:多字段组合,外卖:1/团购:1,<10,A,新郑市,西亚斯大学,口味:3.5 环境:3.5 服务:3.5,2,1,1,0,招牌大肉串_纯手工秘制鸡柳_销魂鸡骨串_手工咖喱鸡肉,,
G8WLoK4q4aIJN2Pc,冯记油酥烧饼,Unknown,False,D:无证据,,Unknown,False,D:无证据,,Unknown,False,D:无证据,,原味+甜辣,True,A:菜品直接证据,香酥;蜂蜜,含团购,False,B:团购字段,1,Unknown,D,新郑市,西亚斯大学,口味:3.5 环境:3.5 服务:3.5,2,,1,0,油酥烧饼_饼夹菜_饼墩墩_香酥小麻花_蜂蜜,,
k19nEc1WHB7mBsbU,鸡排汉堡烤串(西亚斯店),Unknown,False,D:无证据,,鸡排,False,C:店名推断,鸡排,Unknown,False,D:无证据,,Unknown,False,D:无证据,,含外卖,False,B:外卖字段,1,Unknown,D,新郑市,西亚斯大学,,,1,,0,,,
H3msI2tL3V6ZfN0P,小红帽炸串,韩式,False,A:菜品直接证据,韩式,Unknown,False,D:无证据,,Unknown,False,D:无证据,,Unknown,False,D:无证据,,含团购,False,B:团购字段,1,10-15,A,新郑市,西亚斯大学,,1,,1,0,罐装饮品_干豆腐金针菇_罐装饮料,,
k6jHojAAIg2o9yxP,京津炸鸡,中式,True,A:菜品直接证据,香酥鸡;原味鸡,整鸡/大单品+鸡腿+鸡翅+鸡架/锁骨/叉骨,True,A:菜品直接证据,香酥鸡;鸡腿;翅根;鸡叉骨,生炸/现炸,False,A:菜品直接证据,鲜炸,原味+椒盐,True,A:菜品直接证据,原味;椒麻,堂食+外卖+团购,False,B:多字段组合,外卖:1/团购:1,15-20,A,新郑市,西亚斯大学,口味:3.7 环境:3.7 服务:3.7,6,1,1,0,特色椒麻鸡腿_鲜炸翅根_招牌香骨鸡_香酥鸡叉骨_椒麻脆香鸡_京津原味鸡腿,,
l7pI2yLvuuQigxps,雪花酪清补凉紫砂烤梨炸鸡(汜河路店),中式,False,A:菜品直接证据,香酥鸡,整鸡/大单品+鸡块/鸡米花/鸡柳,True,A:菜品直接证据,香酥鸡;鸡块,Unknown,False,D:无证据,,原味+黑胡椒,True,A:菜品直接证据,经典;芝士;黑椒;酸甜,堂食+外卖+团购,False,B:多字段组合,外卖:1/团购:1,15-20,A,荥阳市,荥阳站,口味:3.7 环境:3.6 服务:3.7,9,1,1,0,鳕鱼堡_香酥鸡柳饼_抹茶鲜牛乳_里脊肉饼_鸡柳卷_莲子粥_黑椒鸡块_南瓜饼_炸小年糕条_蓝柑养乐多,,
l7nu4NZZneS0CIjI,满满炸鸡,Unknown,False,D:无证据,,Unknown,False,D:无证据,,Unknown,False,D:无证据,,Unknown,False,D:无证据,,Unknown,False,D:无证据,,Unknown,D,新郑市,西亚斯大学,,,,,0,,,
k44Pd6FebD6cxBVP,临榆炸鸡腿(西亚斯学院店),中式,False,C:品牌映射,brand:临榆,鸡腿,False,"C:店名推断(修正,优先于品牌映射)",brand:临榆,腌炸,False,C:品牌映射,brand:临榆,原味,False,C:品牌映射,brand:临榆,档口/摊位,False,C:品牌映射,brand:临榆,10-15,A,新郑市,西亚斯大学,口味:3.8 环境:3.9 服务:3.9,6,1,1,6,招牌炸鸡腿_香骨鸡_香酥琵琶腿_鸡肉条,鸡排,brand_product_conflict
Er56V6CzywGMEJKZ,享哆味·汉堡炸鸡(荥阳贾峪店),中式,True,A:菜品直接证据,香酥鸡;韩式;双拼,整鸡/大单品+鸡翅+鸡架/锁骨/叉骨,True,A:菜品直接证据,全鸡;翅尖;鸡排;鸡架,裹粉炸,True,A:菜品直接证据,脆皮;生炸,香辣+甜辣+酸甜,True,A:菜品直接证据,香酥;香辣;甜辣;菠萝,堂食+外卖+团购,False,B:多字段组合,外卖:1/团购:1,10-15,A,荥阳市,荥阳市,口味:4.0 环境:4.0 服务:4.0,63,1,1,0,脆皮全鸡_小薯_椰果烤奶_藤椒翅尖_生炸甜辣鸡架_菠萝派_芝士热狗棒_阳光蔬脆鸡肉堡_芝芝高升热狗棒_黄金脆香伴翅,,
FyzZX4ds8JxkjLqv,克罗克炸鸡汉堡,Unknown,False,D:无证据,,鸡腿+鸡翅,True,A:菜品直接证据,全鸡;鸡腿;烤翅;鸡米花,裹粉炸,True,A:菜品直接证据,脆皮;烤翅,香辣+黑胡椒+酱香,True,A:菜品直接证据,辣;芝士;黑椒;奥尔良,堂食+外卖+团购,False,B:多字段组合,外卖:1/团购:1,10-15,A,新郑市,西亚斯大学,口味:3.5 环境:3.5 服务:3.5,4,1,1,0,牛排堡_奥尔良腿排饭_奥尔良烤翅_蟹黄堡_香菇滑鸡饭_黑椒牛肉饭_劲辣鸡腿堡_老北京鸡肉卷_招牌咖喱饭_奥尔良手枪腿,,
l7ciOO061A7kk5j3,满巍明生炸鸡架(西亚斯学院店),中式,False,C:品牌映射,brand:满巍明,整鸡/大单品+鸡架/锁骨/叉骨+鸡块/鸡米花/鸡柳+鸡脖/其他部位,True,C:品牌映射,brand:满巍明,生炸/现炸,False,C:品牌映射,brand:满巍明,香辣,False,C:品牌映射,brand:满巍明,档口/摊位,False,C:品牌映射,brand:满巍明,15-20,A,新郑市,西亚斯大学,口味:3.8 环境:3.8 服务:3.8,12,1,,1,给力大鸡柳_超级鸡叉骨_生椰拿铁鸡脖_生椰拿铁鸡肋条_生椰拿铁鸡腱腿,,
l31fJdCUwzAEZFwu,美事堡炸鸡汉堡饮品(郑科南苑店),中式,True,A:菜品直接证据,香酥鸡;无骨炸鸡,整鸡/大单品+鸡腿+鸡块/鸡米花/鸡柳,True,A:菜品直接证据,脆皮鸡;鸡腿;鸡排;鸡米花,裹粉炸,False,A:菜品直接证据,脆皮,香辣+酸甜,True,A:菜品直接证据,香酥;香辣;菠萝,堂食+外卖+团购,False,B:多字段组合,外卖:1/团购:1,10-15,A,二七区,马寨镇,口味:3.9 环境:3.9 服务:3.9,28,1,1,0,香辣小腿_海苔多春鱼_无骨炸鸡盒子_菠萝派_田园脆鸡堡_至珍七虾堡_脆皮炸鸡_脆皮鸡腿_香辣鸡肉卷_牛肉汉堡,,
jrXhiy5oVOBrWqEC,新纳西汉堡炸鸡(马寨好又多店),美式/西式,False,C:品牌映射,brand:新纳西,鸡腿+鸡块/鸡米花/鸡柳,True,C:品牌映射,brand:新纳西,裹粉炸,False,C:品牌映射,brand:新纳西,原味+酸甜,True,C:品牌映射,brand:新纳西,外卖型,False,C:品牌映射,brand:新纳西,15-20,A,二七区,马寨镇,口味:3.5 环境:3.5 服务:3.5,11,1,1,0,藤椒鸡腿堡_原味鸡块_薯条_冰爽蓝莓汁_冰爽橙汁_香脆小鸡腿_小牛堡_可乐奶茶果汁_大薯_无骨鸡柳,,
H8h4XEEaP6PcNTmo,风味炸鸡,Unknown,False,D:无证据,,Unknown,False,D:无证据,,Unknown,False,D:无证据,,Unknown,False,D:无证据,,Unknown,False,D:无证据,,Unknown,D,二七区,马寨镇,,,,,0,,,
G33sMFaBIrzw8slS,海记风味炸鸡(团结路店),Unknown,False,D:无证据,,Unknown,False,D:无证据,,Unknown,False,D:无证据,,Unknown,False,D:无证据,,含外卖,False,B:外卖字段,1,Unknown,D,二七区,马寨镇,口味:3.4 环境:3.4 服务:3.4,1,1,,0,,,
l8VQR5ERijMRLG5R,果栗园炸鸡(炒饭·郑科店),Unknown,False,D:无证据,,鸡架/锁骨/叉骨,False,A:菜品直接证据,鸡叉骨,Unknown,False,D:无证据,,酱香,False,A:菜品直接证据,奥尔良,堂食+外卖+团购,False,B:多字段组合,外卖:1/团购:1,Unknown,D,二七区,马寨镇,口味:3.5 环境:3.5 服务:3.5,,1,1,0,奥尔良鸡叉骨,,
l5XYdvImhyqcLaRt,侠客炸鸡汉堡,Unknown,False,D:无证据,,整鸡/大单品+鸡排+鸡架/锁骨/叉骨+鸡块/鸡米花/鸡柳,True,A:菜品直接证据,大鸡;鸡排;鸡架;鸡米花,Unknown,False,D:无证据,,黑胡椒+酸甜,True,A:菜品直接证据,黑椒;甘梅,含团购,False,B:团购字段,1,10-15,A,二七区,马寨镇,口味:3.7 环境:3.7 服务:3.7,9,,1,0,焦香鸡米花_大鸡架_超大鸡排_嫩汁无骨鸡块_紫薯豌豆球_甘梅地瓜条_黑椒鸡块,,
l8diKw4pT6gjCCnP,香酥鸡柳卷饼(成乾店),中式,False,C:店名推断,香酥鸡,整鸡/大单品,True,C:店名推断,香酥鸡;鸡柳,Unknown,False,D:无证据,,原味,False,C:店名推断,香酥,含团购,False,B:团购字段,1,<10,A,二七区,马寨镇,,,,1,0,,,
G2ZxkSpu6ipQ1NeH,临榆炸鸡腿(郑州澍青医学高等专科学校店),中式,False,C:品牌映射,brand:临榆,鸡腿,False,"C:店名推断(修正,优先于品牌映射)",brand:临榆,腌炸,False,C:品牌映射,brand:临榆,原味,False,C:品牌映射,brand:临榆,档口/摊位,False,C:品牌映射,brand:临榆,Unknown,D,二七区,马寨镇,,,,,0,,鸡排,brand_product_conflict
k4JvKj3Vv3mkQyWt,招牌叉骨,中式,True,A:菜品直接证据,香酥鸡;台式,鸡腿+鸡翅+鸡架/锁骨/叉骨+鸡块/鸡米花/鸡柳,True,A:菜品直接证据,大鸡;鸡腿;鸡翅;鸡排;鸡锁骨;鸡米花;鸡心,裹粉炸,False,A:菜品直接证据,脆皮,黑胡椒+酸甜,True,A:菜品直接证据,香酥;黑椒;甘梅,含外卖,False,B:外卖字段,1,Unknown,D,二七区,马寨镇,,,1,,0,茉莉蜜茶_甘梅红薯_藤椒鸡腿_黑椒鸡块_鸡腿肉_鸡翅根_招牌叉骨,,
k9cvjVOtSmcfkMuZ,吴记炸鸡,Unknown,False,D:无证据,,Unknown,False,D:无证据,,Unknown,False,D:无证据,,Unknown,False,D:无证据,,Unknown,False,D:无证据,,Unknown,D,二七区,马寨镇,,,,,0,,,
k5FWFKJYa7kx98RT,汉堡炸鸡(郑科店),韩式,False,A:菜品直接证据,韩式,鸡翅+鸡块/鸡米花/鸡柳,True,A:菜品直接证据,烤翅;鸡米花,烤炸复合,False,A:菜品直接证据,烤翅,甜辣+酱香+酸甜,True,A:菜品直接证据,原味;蜂蜜;照烧;蜜柚,含团购,False,B:团购字段,1,Unknown,D,二七区,马寨镇,,,,1,0,黄金鱿鱼酥_麦香双鸡堡_蜂蜜柚子茶_摩卡咖啡_蓝莓果粒茶_鸡米花_川香鸡柳_紫薯豌豆球_奥尔良烤翅_照烧米汉堡,,
l7kUOU3MV9ynRIKd,1942香辣炸鸡拌饭,Unknown,False,D:无证据,,Unknown,False,D:无证据,,Unknown,False,D:无证据,,孜然+黑胡椒+酱香,True,A:菜品直接证据,孜然;黑椒;蜜汁,含团购,False,B:团购字段,1,Unknown,D,二七区,马寨镇,,,,1,0,蜜汁炸鸡拌饭_孜然炸鸡拌饭_黑椒炸鸡拌饭_沙拉炸鸡拌饭,,
k46eotRehIaauY2j,口口香炸鸡,Unknown,False,D:无证据,,鸡架/锁骨/叉骨,False,A:菜品直接证据,鸡叉骨,Unknown,False,D:无证据,,酱香,False,A:菜品直接证据,奥尔良,堂食+外卖+团购,False,B:多字段组合,外卖:1/团购:1,20-30,A,二七区,马寨镇,,1,1,1,0,奥尔良鸡叉骨,,
H77mhtwkC15lhnYy,上京城中国鸡排(郑州科技学院西门店),中式,True,A:菜品直接证据,香酥鸡;台式,整鸡/大单品+鸡翅+鸡排+鸡块/鸡米花/鸡柳,True,A:菜品直接证据,大鸡;鸡腿;翅根;鸡排;鸡架;鸡米花,裹粉炸,True,A:菜品直接证据,脆皮;生炸,原味+甜辣,True,A:菜品直接证据,香酥;芝士,堂食+外卖+团购,False,B:多字段组合,外卖:1/团购:1,10-15,A,二七区,马寨镇,口味:3.6 环境:3.6 服务:3.6,8,1,1,0,黄金翅根_dt芝士芝士鸡块_美味香芋地瓜丸_手擀七虾堡_香酥鸡柳卷饼_手擀鳕鱼堡_京城大鸡排_劲脆鸡米花_黄金鸡肉棒_脆皮淀粉肠,,
G367tFew6EScQMSw,口水鸡排(汇泉西悦城店),中式,False,C:品牌映射,brand:口水,鸡排+鸡块/鸡米花/鸡柳,True,C:品牌映射,brand:口水,生炸/现炸,False,C:品牌映射,brand:口水,香辣+酸甜,True,C:品牌映射,brand:口水,档口/摊位,False,C:品牌映射,brand:口水,15-20,A,二七区,马寨镇,口味:3.5 环境:3.5 服务:3.5,11,1,1,5,口水鸡排_黑金鸡排_香辣鸡排堡_劲爆鸡米花_锅巴土豆_百香多多_港式柠檬红茶_肉松海苔鸡排_双椒香辣鸡排_甘梅薯条,,
l8LJKNJ6AWn00N2y,正新鸡排·炸鸡烧烤(马寨镇鸡排店),美式/西式,False,C:品牌映射,brand:正新,整鸡/大单品+鸡翅+鸡排+鸡架/锁骨/叉骨,True,C:品牌映射,brand:正新,裹粉炸,False,C:品牌映射,brand:正新,原味,False,C:品牌映射,brand:正新,档口/摊位,False,C:品牌映射,brand:正新,10-15,A,二七区,马寨镇,口味:3.4 环境:3.4 服务:3.4,34,1,1,0,中国鸡排汉堡_欢乐炸鸡桶_爆料鸡排_金锤翅根_生炸鸡架_香辣鸡排套_大鸡肉串_鸭肉串_正新大烤肠,,
HaHWs9MEf2Vq7VPF,第一部落烤串(郑州科技学院店),地方特色,False,A:菜品直接证据,台式,鸡翅+鸡排,True,A:菜品直接证据,翅中;鸡排;鸡块,Unknown,False,D:无证据,,甜辣,True,A:菜品直接证据,芝士;奥尔良,含外卖,False,B:外卖字段,1,10-15,A,二七区,马寨镇,口味:3.6 环境:3.6 服务:3.6,7,1,,0,奶香小馒头_牛肚_旋风薯塔_弹墨鱼丸_黄金烤饼_部落羊肉串_黄金香豆腐_大将军鸡排丨鲜嫩可口_黄金翅中_掌中宝,,
k2fLiE583x7z2rk3,鸡叉骨饼夹炸串,Unknown,False,D:无证据,,鸡腿,True,A:菜品直接证据,鸡腿;鸡叉骨;鸡柳,Unknown,False,D:无证据,,Unknown,False,D:无证据,,堂食+外卖+团购,False,B:多字段组合,外卖:1/团购:1,10-15,A,二七区,马寨镇,,1,1,1,0,莲子粥,,
k8k2sZr9Wwk15KhD,炸季炸串(马寨店),中式,False,C:品牌映射,brand:炸季,鸡架/锁骨/叉骨,False,C:品牌映射,brand:炸季,生炸/现炸,False,C:品牌映射,brand:炸季,香辣,False,C:品牌映射,brand:炸季,档口/摊位,False,C:品牌映射,brand:炸季,15-20,A,二七区,马寨镇,口味:3.6 环境:3.6 服务:3.5,7,1,1,1,椒香小酥肉_芝麻脆烧饼_广式小腊肠_鲜嫩鸡肉_劲霸小面筋_酥脆豆皮_鲜嫩鸭肠_芝士口口虾_芝麻脆小酥饼,,
k8ISlc7mlc4t82Zj,胖哥炸串(郑科店),Unknown,False,D:无证据,,鸡块/鸡米花/鸡柳,False,A:菜品直接证据,鸡柳,Unknown,False,D:无证据,,Unknown,False,D:无证据,,含外卖,False,B:外卖字段,1,10-15,A,二七区,马寨镇,口味:3.4 环境:3.4 服务:3.4,14,1,,0,小把鸡肉_小把面筋_小把里脊_汉森肉排_小把里脊串_小把鱿鱼串_豆蔻串_小把鸭肠串_小把面筋串_小把脆骨,,
k2TYyOzTwJAiZfCR,临榆炸鸡腿(桃李茂店),中式,False,C:品牌映射,brand:临榆,鸡腿,True,"C:店名推断(修正,优先于品牌映射)",brand:临榆,腌炸,False,C:品牌映射,brand:临榆,原味,False,C:品牌映射,brand:临榆,档口/摊位,False,C:品牌映射,brand:临榆,10-15,A,二七区,马寨镇,口味:3.7 环境:3.6 服务:3.7,2,1,1,16,黄金鸡叉骨_招牌炸鸡腿_脆皮手枪腿_黄金香骨鸡_香酥琵琶腿_鸡肉条_香骨鸡,鸡排,brand_product_conflict
l1mBpSAYUGOEY3hY,美事堡汉堡炸鸡,Unknown,False,D:无证据,,Unknown,False,D:无证据,,Unknown,False,D:无证据,,Unknown,False,D:无证据,,含外卖,False,B:外卖字段,1,15-20,A,中原区,高新区,,,1,,0,,,
k3CM9aJxQWDWx2Dq,王炸炸鸡叉骨(郑大工大店),Unknown,False,D:无证据,,鸡架/锁骨/叉骨,False,C:店名推断,鸡叉骨,Unknown,False,D:无证据,,Unknown,False,D:无证据,,含外卖,False,B:外卖字段,1,Unknown,D,中原区,高新区,,1,1,,0,,,
la5YLGuH7PM1JdCw,仙都炸鸡腿,Unknown,False,D:无证据,,鸡腿,False,C:店名推断,鸡腿,Unknown,False,D:无证据,,Unknown,False,D:无证据,,堂食+外卖+团购,False,B:多字段组合,外卖:1/团购:1,Unknown,D,金水区,龙子湖校区,口味:3.6 环境:3.7 服务:3.7,1,1,1,0,,,
H3IL3it9YH1h5fta,侠客炸鸡汉堡(河南财政金融学院店),Unknown,False,D:无证据,,Unknown,False,D:无证据,,Unknown,False,D:无证据,,Unknown,False,D:无证据,,含外卖,False,B:外卖字段,1,15-20,A,金水区,龙子湖校区,口味:3.5 环境:3.5 服务:3.5,8,1,,0,,,
k73LLXaxppOgquJ9,校堡王汉堡炸鸡(华北水利水电大学店),美式/西式,False,C:品牌映射,brand:校堡王,整鸡/大单品+鸡腿+鸡排+鸡块/鸡米花/鸡柳,True,C:品牌映射,brand:校堡王,裹粉炸,False,C:品牌映射,brand:校堡王,原味+香辣+椒盐,True,C:品牌映射,brand:校堡王,学校周边,False,C:品牌映射,brand:校堡王,15-20,A,金水区,龙子湖校区,口味:3.5 环境:3.5 服务:3.5,3,1,1,0,鸡米花_薯条_香酥鸡排_香辣鸡腿堡_伴鸡伴牛堡_椒盐鸡块_香芋派_红豆派_脆皮鸡腿_紫薯豌豆派,,
H4Sp9YkTSkqSio2z,满巍明生炸鸡架(郑州永和时光里店),中式,False,C:品牌映射,brand:满巍明,整鸡/大单品+鸡腿+鸡架/锁骨/叉骨+鸡块/鸡米花/鸡柳+鸡脖/其他部位,True,C:品牌映射,brand:满巍明,生炸/现炸,False,C:品牌映射,brand:满巍明,香辣,False,C:品牌映射,brand:满巍明,档口/摊位,False,C:品牌映射,brand:满巍明,20-30,A,金水区,龙子湖校区,口味:4.0 环境:4.0 服务:4.0,29,1,,19,生炸鸡架_脆皮小鸡腿_鸡腱腿_轰炸大鸡腿_椒盐架豆王_给力大鸡柳_生椰鸡腱_超级鸡叉骨_生椰拿铁鸡肋条_生椰拿铁鸡脖,,
l9wZ3S7fTO8xjamK,串门炸鸡蒜香式招牌,Unknown,False,D:无证据,,Unknown,False,D:无证据,,Unknown,False,D:无证据,,蒜香,False,C:店名推断,蒜香,Unknown,False,D:无证据,,Unknown,D,金水区,龙子湖校区,,,,,0,,,
k4ZyyyiMR3EF1XlG,临榆炸鸡腿(河南财经政法大学郑东校区店),中式,False,C:品牌映射,brand:临榆,鸡腿,False,"C:店名推断(修正,优先于品牌映射)",brand:临榆,腌炸,False,C:品牌映射,brand:临榆,原味,False,C:品牌映射,brand:临榆,档口/摊位,False,C:品牌映射,brand:临榆,Unknown,D,金水区,龙子湖校区,,,,,0,,鸡排,brand_product_conflict
H8uDDxIjGv0VwkeV,临榆炸鸡腿(二七区郑州科技学院店),中式,False,C:品牌映射,brand:临榆,鸡腿,False,"C:店名推断(修正,优先于品牌映射)",brand:临榆,腌炸,False,C:品牌映射,brand:临榆,原味,False,C:品牌映射,brand:临榆,档口/摊位,False,C:品牌映射,brand:临榆,10-15,A,二七区,马寨镇,口味:3.5 环境:3.5 服务:3.5,1,,,16,,鸡排,brand_product_conflict
k7YbDwsAGhZZMRdH,布袋馍烧饼夹菜,Unknown,False,D:无证据,,Unknown,False,D:无证据,,Unknown,False,D:无证据,,黑胡椒,False,A:菜品直接证据,黑椒,含外卖,False,B:外卖字段,1,<10,A,二七区,马寨镇,口味:3.5 环境:3.5 服务:3.5,5,1,,0,烤豆卷_砂锅面_茄子_素丸子_豆腐卷_线椒_西葫芦_腐竹扣_青椒_香菇,,
l2FBwufaRmpO2uwN,熊家无二·韩式炸鸡(郑州马寨店),韩式,False,C:品牌映射,brand:熊家,鸡排+鸡块/鸡米花/鸡柳,True,C:品牌映射,brand:熊家,裹粉炸,False,C:品牌映射,brand:熊家,甜辣+孜然+酱香,True,C:品牌映射,brand:熊家,外卖型,False,C:品牌映射,brand:熊家,15-20,A,二七区,马寨镇,口味:3.5 环境:3.5 服务:3.5,7,1,1,1,烤牛肉拌饭_西域孜然粉_XR纯肉小份装_鸡米花_韩风海苔饭_默认琥珀酱_泰椒酱_无骨腿肉_韩风鸡排饭_酱料,,
k4etNTPNrqrB2Nn8,清真·真鱿味铁板烧(公园茂店),Unknown,False,D:无证据,,整鸡/大单品+鸡排,True,A:菜品直接证据,大鸡;鸡排;鸡柳,裹粉炸,False,A:菜品直接证据,脆皮,Unknown,False,D:无证据,,堂食+外卖+团购,False,B:多字段组合,外卖:1/团购:1,20-30,A,中原区,高新区,口味:3.7 环境:3.7 服务:3.7,260,1,1,0,铁板大鱿鱼_椒香豆腐饼_秘制肉莲饼_鲜嫩肉菇饼_肉肠饼_轰炸大鸡排_香嫩金针菇_可口娃娃菜_香脆土豆片_鲜嫩香菇,,
G2fzBA0QtPOUacbg,韩式炸鸡火鸡面,韩式,False,A:菜品直接证据,韩式,Unknown,False,D:无证据,,Unknown,False,D:无证据,,香辣+蒜香+甜辣+酱香,True,A:菜品直接证据,辣;蒜香;芝士;酱油,含团购,False,B:团购字段,1,15-20,A,二七区,马寨镇,,1,,1,0,韩式蒜香酱油炸鸡_三养火鸡面_变态辣味炸鸡_蒜香酱油_奶香芝士,,
l9kGu0EUJvy5T4GQ,小马炸鸡(经四路店),中式,False,C:品牌映射,brand:小马,鸡腿,False,C:品牌映射,brand:小马,生炸/现炸,False,C:品牌映射,brand:小马,原味,False,C:品牌映射,brand:小马,档口/摊位,False,C:品牌映射,brand:小马,15-20,A,金水区,金水路/省政府,口味:3.5 环境:3.4 服务:3.5,10,1,1,0,炸鸡中翅_饮料一款,,
H33ingfaau9hfLLg,新纳西炸鸡汉堡(经三路小学店),美式/西式,False,C:品牌映射,brand:新纳西,鸡排,False,C:品牌映射,brand:新纳西,裹粉炸,False,C:品牌映射,brand:新纳西,香辣+酸甜,True,C:品牌映射,brand:新纳西,外卖型,False,C:品牌映射,brand:新纳西,15-20,A,金水区,金水路/省政府,口味:3.6 环境:3.6 服务:3.6,33,1,1,0,双层劲牛堡_墨西哥鸡肉卷_田园鲜蔬堡_香甜玉米杯_老北京鸡肉卷_香辣鸡米花_咖喱炒饭_翡翠蔬菜肉卷_番茄小沙司_双层汉堡,,
laSzkN0T4wb4XMdG,饼圈·咖喱鸡肉夹饼(庆丰街分店),Unknown,False,D:无证据,,Unknown,False,D:无证据,,Unknown,False,D:无证据,,Unknown,False,D:无证据,,堂食+外卖+团购,False,B:多字段组合,外卖:1/团购:1,<10,A,二七区,鑫苑鑫都汇,口味:3.7 环境:3.7 服务:3.8,107,1,1,0,咖喱鸡肉夹饼（小份）_冰豆浆,,
l8iuLRLLhjXUsjQ6,御小伍炸鸡店,韩式,False,A:菜品直接证据,韩式,鸡翅+鸡块/鸡米花/鸡柳,True,A:菜品直接证据,翅中;鸡叉骨;鸡米花,Unknown,False,D:无证据,,甜辣+黑胡椒,True,A:菜品直接证据,蜂蜜;黑椒;甘梅;芥末,含外卖,False,B:外卖字段,1,10-15,A,二七区,鑫苑鑫都汇,口味:3.8 环境:3.8 服务:3.8,6,1,,0,酥糯年糕_洋葱圈_锅巴土豆_软糯香芋地瓜丸_紫薯豌豆球_大福_黑椒鸡块_拉丝芝士棒_盐酥杏鲍菇_鲜嫩炸翅中,,
k839VsPaicXUGdNC,清真炸鸡·烧饼铺,Unknown,False,D:无证据,,Unknown,False,D:无证据,,Unknown,False,D:无证据,,Unknown,False,D:无证据,,Unknown,False,D:无证据,,Unknown,D,二七区,鑫苑鑫都汇,,,,,0,,,
k4KFjbsBDzB471aH,猫先生韩国炸鸡(永安街店),韩式,False,C:品牌映射,brand:猫先生,鸡翅,False,C:品牌映射,brand:猫先生,裹粉炸,False,C:品牌映射,brand:猫先生,甜辣,False,C:品牌映射,brand:猫先生,堂食+外带,False,C:品牌映射,brand:猫先生,20-30,A,二七区,鑫苑鑫都汇,口味:3.5 环境:3.5 服务:3.5,16,,1,0,无骨鸡块_三养火鸡面,,
G6xe39FCCA9A53b4,中克小马炸鸡(庆丰街20号院店),中式,False,C:品牌映射,brand:小马,鸡架/锁骨/叉骨+鸡块/鸡米花/鸡柳,True,C:品牌映射,brand:小马,生炸/现炸,False,C:品牌映射,brand:小马,原味,False,C:品牌映射,brand:小马,档口/摊位,False,C:品牌映射,brand:小马,10-15,A,二七区,鑫苑鑫都汇,口味:3.5 环境:3.4 服务:3.4,3,1,,0,炸鸡米花_炸鸡叉骨,,
isyhsH7B75ti9BKU,手工烤面筋饼夹串炸鸡叉骨,Unknown,False,D:无证据,,鸡块/鸡米花/鸡柳,False,A:菜品直接证据,鸡柳,Unknown,False,D:无证据,,Unknown,False,D:无证据,,含团购,False,B:团购字段,1,<10,A,二七区,鑫苑鑫都汇,,,,1,0,烤肉肠_炸青椒_炸花菜_炸茄子_炸娃娃菜_炸香菇_无骨鸡柳,,
k1bFzOTQU6FaTi9Q,汝河杏仁茶胖子烤鸭肠,Unknown,False,D:无证据,,Unknown,False,D:无证据,,Unknown,False,D:无证据,,Unknown,False,D:无证据,,Unknown,False,D:无证据,,10-15,A,二七区,鑫苑鑫都汇,口味:3.8 环境:3.6 服务:3.7,12,,,0,杏仁茶,,
l9OIe7cuGjVcjcHI,鹤子炸鸡,中式,False,A:菜品直接证据,香酥鸡,整鸡/大单品+鸡排+鸡架/锁骨/叉骨+鸡块/鸡米花/鸡柳,True,A:菜品直接证据,大鸡;鸡排;叉骨;鸡米花,裹粉炸,False,A:菜品直接证据,脆皮,原味+黑胡椒,True,A:菜品直接证据,香酥;黑椒,Unknown,False,D:无证据,,Unknown,D,二七区,鑫苑鑫都汇,,1,,,0,脆皮牙签肉_香酥鸡米花_爱心大鸡排_秘制招牌叉骨_黄金无骨鸡柳_甜心薯块_明星鸡脆骨_黑椒鸡块,,
G3R4vZn1FFYJG4kq,赵掌柜藤椒炸鸡(矿区分店),Unknown,False,D:无证据,,Unknown,False,D:无证据,,Unknown,False,D:无证据,,Unknown,False,D:无证据,,Unknown,False,D:无证据,,Unknown,D,新密市,郑煤集团总医院,,,,,0,,,
lauPxIvQ6MlURI7R,元掌门老式炸鸡(总店),中式,False,C:品牌映射,brand:元掌门,鸡翅+鸡架/锁骨/叉骨+鸡块/鸡米花/鸡柳+鸡脖/其他部位,True,C:品牌映射,brand:元掌门,生炸/现炸,False,C:品牌映射,brand:元掌门,原味,False,C:品牌映射,brand:元掌门,档口/摊位,False,C:品牌映射,brand:元掌门,20-30,A,二七区,郑铁体育中心,口味:3.5 环境:3.5 服务:3.5,9,,,0,蒜香鸡翅_鸡肉棒_手工鲜鸡柳_焦香鸡胗_老式鸡叉骨_脆骨贝贝肉,,
j80QPGASeArd6K6h,王小撒炸鸡腿(清苑三楼店),Unknown,False,D:无证据,,鸡腿,False,C:店名推断,鸡腿,Unknown,False,D:无证据,,Unknown,False,D:无证据,,含外卖,False,B:外卖字段,1,Unknown,D,中原区,高新区,,,1,,0,,,
l8zmraVnD11rx2Rz,原记炸串(兰寨新城店),Unknown,False,D:无证据,,Unknown,False,D:无证据,,Unknown,False,D:无证据,,Unknown,False,D:无证据,,含外卖,False,B:外卖字段,1,Unknown,D,中原区,高新区,口味:3.7 环境:3.7 服务:3.7,5,1,,0,,,
G25a7Z81FzaYuy61,祥瑞酥(兰寨新城店),Unknown,False,D:无证据,,鸡架/锁骨/叉骨,False,A:菜品直接证据,鸡叉骨,Unknown,False,D:无证据,,Unknown,False,D:无证据,,含外卖,False,B:外卖字段,1,Unknown,D,中原区,高新区,口味:3.5 环境:3.5 服务:3.5,5,1,,0,香脆爽口鸡叉骨,,
l2lPkOFV0Wo5fVJG,延庆观炸鸡(万科城店),中式,False,C:品牌映射,brand:延庆观,鸡翅+鸡架/锁骨/叉骨+鸡块/鸡米花/鸡柳+鸡脖/其他部位,True,C:品牌映射,brand:延庆观,卤炸,False,C:品牌映射,brand:延庆观,原味+黑胡椒,True,C:品牌映射,brand:延庆观,档口/摊位,False,C:品牌映射,brand:延庆观,20-30,A,中原区,高新区,口味:3.7 环境:3.7 服务:3.7,63,1,,0,鸡米花和翅根两掺拼盘_黑胡椒粉_香脆鸡皮_鸡米花牙签肉两掺_酸梅粉_脆骨肉_金星啤酒_鸡全翅_香酥牙签肉,,
k2TD6D8Hed8taJuq,延庆观炸鸡(中原路西三环店),中式,False,C:品牌映射,brand:延庆观,鸡腿+鸡翅+鸡架/锁骨/叉骨+鸡块/鸡米花/鸡柳,True,C:品牌映射,brand:延庆观,卤炸,False,C:品牌映射,brand:延庆观,原味,False,C:品牌映射,brand:延庆观,档口/摊位,False,C:品牌映射,brand:延庆观,15-20,A,中原区,高新区,口味:3.9 环境:3.9 服务:3.9,29,1,1,0,买叉骨送可乐_瓶装可乐_美味翅根_薯条送亨氏番茄酱_诱人琵琶腿_鸡叉骨_浓香全翅_鸡块双拼_黄金脆皮_芬达瓶装,,
H4Rt4ADQ5SpZM9cR,正新鸡排(谦祥万和城店),美式/西式,False,C:品牌映射,brand:正新,鸡翅+鸡块/鸡米花/鸡柳,True,C:品牌映射,brand:正新,裹粉炸,False,C:品牌映射,brand:正新,原味,False,C:品牌映射,brand:正新,档口/摊位,False,C:品牌映射,brand:正新,10-15,A,中原区,高新区,口味:4.0 环境:4.0 服务:4.0,14,1,,0,小牛肉_小鸭肠串_小鱿鱼_骨肉相连_纯肉肠_黑椒鸡块_香肠_鸡翅_黄金脆脆香_烤面筋,,
l97sgpv3VBkHu2qb,杠口香御膳炸鸡(兰寨新城店),中式,False,C:品牌映射,brand:御膳,整鸡/大单品+鸡翅+鸡块/鸡米花/鸡柳,True,C:品牌映射,brand:御膳,生炸/现炸,False,C:品牌映射,brand:御膳,黑胡椒+酱香+酸甜,True,C:品牌映射,brand:御膳,档口/摊位,False,C:品牌映射,brand:御膳,Unknown,D,中原区,高新区,口味:3.6 环境:3.6 服务:3.6,,,,0,黄金鸡柳_无骨鸡柳_软骨肉块_奥尔良全鸡翅_小番茄沙司_杂粮煎饼_芝麻高炉烧饼_月亮馍_青稞芝麻烧饼_黑胡椒酥嫩鸡块,,
l5VPaFgOoZur7MRj,口水鸡排(应用职业技术学院店),中式,False,C:品牌映射,brand:口水,鸡排+鸡架/锁骨/叉骨,True,C:品牌映射,brand:口水,生炸/现炸,False,C:品牌映射,brand:口水,香辣,False,C:品牌映射,brand:口水,档口/摊位,False,C:品牌映射,brand:口水,15-20,A,中原区,高新区,,3,1,1,5,香芋丸子_经典鸡排堡_超大排_肉松海苔鸡排_香脆鸡排堡_韩式年糕_脆皮薯条_生炸鸡架_霸王大里脊_避风塘鸡排,,
H9aWnKAZuqjQ1QLr,炸鸡大王,Unknown,False,D:无证据,,Unknown,False,D:无证据,,Unknown,False,D:无证据,,Unknown,False,D:无证据,,Unknown,False,D:无证据,,Unknown,D,中原区,高新区,,,,,0,,,
HawP6vFM51yZLsR1,烤面筋烤冷面,Unknown,False,D:无证据,,Unknown,False,D:无证据,,Unknown,False,D:无证据,,Unknown,False,D:无证据,,含团购,False,B:团购字段,1,Unknown,D,中原区,高新区,,,,1,0,烙馍卷面筋,,
H6ZecPzYuohGZkvY,美事堡·汉堡·炸鸡(应用学院店),Unknown,False,D:无证据,,整鸡/大单品+鸡腿+鸡排,True,A:菜品直接证据,烤鸡;鸡腿;鸡排,烤炸复合,False,A:菜品直接证据,烤鸡,香辣+酸甜,True,A:菜品直接证据,香辣;菠萝,含团购,False,B:团购字段,1,15-20,A,中原区,高新区,,2,,1,1,超级双层鸡腿堡_半边烤鸡_至珍全虾堡_藤椒鸡腿堡_菠萝派_香辣小腿_青花椒鸡腿汉堡_蛋挞_青花椒炸鸡_藤椒鸡排,,
l5xLHmUdG9pOYXl2,明月叉骨(郑州绿都城南区店),Unknown,False,D:无证据,,鸡架/锁骨/叉骨+鸡块/鸡米花/鸡柳,True,A:菜品直接证据,鸡叉骨;鸡柳,Unknown,False,D:无证据,,Unknown,False,D:无证据,,含外卖,False,B:外卖字段,1,20-30,A,中原区,高新区,口味:3.5 环境:3.5 服务:3.5,3,1,,0,炸鸡叉骨_炸鸡柳,,
G9zOuVsm8YwpofzB,三不炸中国炸鸡(郑大工大店),中式,False,C:店名推断,中国炸鸡,Unknown,False,D:无证据,,Unknown,False,D:无证据,,Unknown,False,D:无证据,,Unknown,False,D:无证据,,Unknown,D,中原区,高新区,,,,,0,,,
l3DtnGiQSGllAdiR,延庆观炸鸡(西四环店),中式,False,C:品牌映射,brand:延庆观,整鸡/大单品+鸡腿+鸡翅+鸡架/锁骨/叉骨+鸡块/鸡米花/鸡柳,True,C:品牌映射,brand:延庆观,卤炸,False,C:品牌映射,brand:延庆观,原味+黑胡椒+酱香,True,C:品牌映射,brand:延庆观,档口/摊位,False,C:品牌映射,brand:延庆观,15-20,A,中原区,高新区,,,,1,0,炸翅中_黑胡椒撒粉_炸鸡柳_全鸡_炸鸡柳和鸡叉骨两掺_秘制炸鸡叉骨_炸手枪腿_炸鸡酱料_香酥炸鸡米花_炸翅根,,
kaAmfCQqnOzKjQvq,项师傅炸鸡汉堡鸡排(正大花溪店),Unknown,False,D:无证据,,整鸡/大单品+鸡块/鸡米花/鸡柳,True,A:菜品直接证据,全鸡;鸡腿;鸡米花,裹粉炸,True,A:菜品直接证据,脆皮;烤鸡,酱香,True,A:菜品直接证据,蜜汁;橙,堂食+外卖+团购,False,B:多字段组合,外卖:1/团购:1,10-15,A,中原区,高新区,口味:3.5 环境:3.5 服务:3.5,9,1,1,3,美味鸡肉卷_豌豆紫薯球_项师傅小酥肉_香脆鸡米花_奥尔良烤腿堡_牛肉堡_奶茶_红枣牛奶_鸡肉洋葱圈_蜜汁烤鸡,,
H8I4KVLky7MTvX2m,第一部落烤串(兰寨新城店),地方特色,False,A:菜品直接证据,台式,整鸡/大单品+鸡排+鸡架/锁骨/叉骨,True,A:菜品直接证据,大鸡;鸡排;鸡架,裹粉炸,True,A:菜品直接证据,脆皮;生炸,Unknown,False,D:无证据,,堂食+外卖+团购,False,B:多字段组合,外卖:1/团购:1,10-15,A,中原区,高新区,口味:3.8 环境:3.9 服务:3.9,10,1,1,0,旋风薯塔_康师傅茉莉蜜茶_精品五花肉串_脆香大鸡排_生炸大鸡架_美味棒棒鸡_脆皮年糕串_台式大烤肠_黄金烤饼_深海鱿鱼板,,
k680ZcCphVp8PJsS,大东门炸串烧烤,Unknown,False,D:无证据,,Unknown,False,D:无证据,,Unknown,False,D:无证据,,Unknown,False,D:无证据,,含外卖,False,B:外卖字段,1,Unknown,D,中原区,高新区,,1,1,,0,,,
G2b1Q7m0CERWjt4D,麦加堡炸鸡汉堡,Unknown,False,D:无证据,,Unknown,False,D:无证据,,Unknown,False,D:无证据,,Unknown,False,D:无证据,,Unknown,False,D:无证据,,Unknown,D,新郑市,新郑市,,,,,0,,,
l7QjbUdz7GQ3DGya,满巍明生炸鸡架(郑州朗悦公园茂店),中式,False,C:品牌映射,brand:满巍明,整鸡/大单品+鸡腿+鸡架/锁骨/叉骨+鸡块/鸡米花/鸡柳,True,C:品牌映射,brand:满巍明,生炸/现炸,False,C:品牌映射,brand:满巍明,香辣,False,C:品牌映射,brand:满巍明,档口/摊位,False,C:品牌映射,brand:满巍明,20-30,A,中原区,高新区,口味:3.9 环境:3.9 服务:3.9,42,1,1,19,生炸鸡架_满巍明生炸鸡架_芝香藕条_轰炸大鸡腿_给力大鸡柳_生椰鸡腱_甘梅地瓜_生椰鸡腱腿_生炸鸡柳_满巍鸣生炸鸡架,,
G7yTklNo46LZuLgL,语姑娘中国炸鸡(新烟路店),中式,False,A:菜品直接证据,中式炸鸡,整鸡/大单品+鸡腿+鸡架/锁骨/叉骨,True,A:菜品直接证据,大鸡;鸡腿;鸡叉骨,Unknown,False,D:无证据,,香辣,False,A:菜品直接证据,辣椒,堂食+外卖+团购,False,B:多字段组合,外卖:1/团购:1,<10,A,新郑市,新郑金苑小区,口味:3.5 环境:3.5 服务:3.5,,1,1,0,招牌手枪腿_中式炸鸡叉骨_中式爆汁大鸡腿_中式炸鸡叉骨拼盘_辣椒面,,
k9MVKoLL35YeLqJR,侠客炸鸡汉堡,Unknown,False,D:无证据,,Unknown,False,D:无证据,,Unknown,False,D:无证据,,Unknown,False,D:无证据,,含外卖,False,B:外卖字段,1,15-20,A,二七区,橄榄城,,1,1,,0,,,
l4e9NWuMct4Xo8yq,热狗妹炸鸡,韩式,False,A:菜品直接证据,韩式,鸡翅+鸡块/鸡米花/鸡柳,True,A:菜品直接证据,全鸡;鸡腿;翅中;鸡排;鸡叉骨;鸡米花,裹粉炸,False,A:菜品直接证据,脆皮,黑胡椒,False,A:菜品直接证据,黑椒,含外卖,False,B:外卖字段,1,Unknown,D,惠济区,惠济区,,,1,,0,雪花啤酒_罐装可乐_特价黑椒鸡块_罐装芬达_淀粉肠_罐装雪碧_烧饼_脆皮翅中_馒头_韩式炸鸡,,
G8QWVwn16rGwntFb,饼夹菜·布袋馍,Unknown,False,D:无证据,,Unknown,False,D:无证据,,Unknown,False,D:无证据,,Unknown,False,D:无证据,,含外卖,False,B:外卖字段,1,Unknown,D,中原区,工大新校区,,,1,,0,,,
H7SmHh3elNVTYCUQ,POTATO BOX CLUB卷卷薯条·炸鸡(二七广场店),美式/西式,True,A:菜品直接证据,美式炸鸡;泰式;三合一,鸡排,False,A:菜品直接证据,鸡排,裹粉炸,True,A:菜品直接证据,脆皮;现炸,甜辣,False,A:菜品直接证据,芝士,堂食+外卖+团购,False,B:多字段组合,外卖:1/团购:1,15-20,A,二七区,火车站/二七广场,口味:3.9 环境:3.9 服务:3.9,9,1,1,0,新鲜现炸荞麦薯片_三文鱼虾片_mini巨型直薯_黄金芝士球_一号公路脆鸡堡_泰式脆皮山药片_招牌薯条年糕山药三合一_新现炸香菜_新鲜现切薯片_美式炸鸡排,,
la8f43XdnpNtONOf,正新鸡排(祝福红城店),美式/西式,False,C:品牌映射,brand:正新,整鸡/大单品+鸡腿+鸡块/鸡米花/鸡柳+鸡脖/其他部位,True,C:品牌映射,brand:正新,裹粉炸,False,C:品牌映射,brand:正新,原味+香辣,True,C:品牌映射,brand:正新,档口/摊位,False,C:品牌映射,brand:正新,10-15,A,中原区,瑞达路沿线,口味:3.5 环境:3.5 服务:3.5,5,,,0,正新无骨鸡柳_金桔柠檬_原味奶茶_薯条_香酥鸡腿堡_巴西香辣鸡胗串_小鸭胗串_秘制鸭肠_正新脆骨串_小鱿鱼串,,
G7L4GfP3peApPpA9,练习生炸货铺,Unknown,False,D:无证据,,Unknown,False,D:无证据,,生炸/现炸,False,C:店名推断,生炸,Unknown,False,D:无证据,,Unknown,False,D:无证据,,Unknown,D,中原区,瑞达路沿线,,,,,0,,,
l7PQEAJj5ySQ6Jax,叫了只炸鸡(群英路店),中式,False,C:品牌映射,brand:叫了只,整鸡/大单品,False,C:品牌映射,brand:叫了只,生炸/现炸,False,C:品牌映射,brand:叫了只,原味,False,C:品牌映射,brand:叫了只,外卖型,False,C:品牌映射,brand:叫了只,20-30,A,金水区,金水区,口味:3.4 环境:3.4 服务:3.4,8,1,1,0,神奇的鸡_整只炸鸡,,
k2e88ZLKoZkpinNt,克罗克炸鸡汉堡(俭学街实验中学店),Unknown,False,D:无证据,,鸡腿+鸡翅+鸡排,True,A:菜品直接证据,鸡腿;鸡翅;鸡排;鸡米花,烤炸复合,False,A:菜品直接证据,烤翅,香辣,True,A:菜品直接证据,香辣;奥尔良,含外卖,False,B:外卖字段,1,15-20,A,金水区,金水区,口味:3.8 环境:3.8 服务:3.8,26,1,,0,奶茶_紫菜芙蓉汤_至尊牛肉堡_招牌鸡排饭_超级鸡腿堡_骨肉相连_香辣鸡翅_双鸡堡_柠檬红茶_鳕鱼堡,,
EgdgyuS9wkXgVagE,阿良御膳炸鸡炸鱼,中式,False,C:品牌映射,brand:御膳,鸡腿+鸡翅+鸡架/锁骨/叉骨+鸡脖/其他部位,True,C:品牌映射,brand:御膳,生炸/现炸,False,C:品牌映射,brand:御膳,椒盐,False,C:品牌映射,brand:御膳,档口/摊位,False,C:品牌映射,brand:御膳,<10,A,金水区,金水区,口味:3.7 环境:3.7 服务:3.8,62,1,1,0,脆皮翅根_御膳叉骨_凤骨脆_鸡腿_鸡脆骨_翅中_藤椒鸡_炸鸡皮_鳕鱼_炸鱼块,,
H3Xd8cFxVqqgwkzm,艾莱克炸鸡汉堡(俭学街店),东南亚,True,A:菜品直接证据,泰式;台式;双拼,整鸡/大单品,True,A:菜品直接证据,烤鸡;鸡腿;鸡柳,烤炸复合,False,A:菜品直接证据,烤鸡,原味+酱香,True,A:菜品直接证据,经典;香辣;照烧,堂食+外卖+团购,False,B:多字段组合,外卖:1/团购:1,10-15,A,金水区,金水区,口味:3.7 环境:3.7 服务:3.7,11,1,1,0,全家桶经典款_泰式双层堡_半鸡半虾堡_炸鸡烤肉双拼饭_照烧鸡腿饭_烧汁卤肉饭_人气奶茶系列_骨肉相连_草莓啵啵酸奶_金桔柠檬茶,,
laH2gTX1Rgddq1rM,多美士炸鸡汉堡(穆庄店),美式/西式,False,C:品牌映射,brand:多美士,整鸡/大单品+鸡腿+鸡翅+鸡块/鸡米花/鸡柳,True,C:品牌映射,brand:多美士,裹粉炸,False,C:品牌映射,brand:多美士,原味+香辣+酱香,True,C:品牌映射,brand:多美士,外卖型,False,C:品牌映射,brand:多美士,15-20,A,管城回族区,郑州东站,,1,1,,0,墨西哥鸡肉卷_拉丝热狗棒_经典鸡米花_香芋派_玉米杯_蟹黄堡_脆皮鸡腿_奥尔良烤翅_香辣鸡腿堡_奥尔良烤腿堡,,
kastmi5k3RU7XyhM,阿良御膳叉骨炸鸡(南阳路店),中式,False,C:品牌映射,brand:御膳,鸡翅+鸡块/鸡米花/鸡柳+鸡脖/其他部位,True,C:品牌映射,brand:御膳,生炸/现炸,False,C:品牌映射,brand:御膳,椒盐,False,C:品牌映射,brand:御膳,档口/摊位,False,C:品牌映射,brand:御膳,15-20,A,金水区,金水区,口味:3.9 环境:4.0 服务:4.0,100,1,1,0,特色炸鸡皮_柠檬水_青梅芦荟茶_蔓越红提茶_鸡心_花花牛乳酸菌_鸡块_雪花鸡柳_翅中_花花牛畅极多,,
Fhy71Wnl6ri9VBhw,御膳坊炸鸡炸鱼,中式,False,C:品牌映射,brand:御膳,鸡腿+鸡架/锁骨/叉骨,True,C:品牌映射,brand:御膳,生炸/现炸,False,C:品牌映射,brand:御膳,椒盐,False,C:品牌映射,brand:御膳,档口/摊位,False,C:品牌映射,brand:御膳,<10,A,金水区,金水区,,66,,1,0,叉骨炸鸡_炸鸡腿_炸小刀鱼_无刺龙利鱼_御膳叉骨_鸡背脆骨肉,,
k7bF6Sc39qjJxGV0,爱上叉骨炸鸡(三北店),中式,False,A:菜品直接证据,香酥鸡,鸡腿+鸡架/锁骨/叉骨,True,A:菜品直接证据,脆皮鸡;鸡腿;鸡翅;鸡叉骨;鸡柳,裹粉炸,False,A:菜品直接证据,脆皮,原味,True,A:菜品直接证据,香酥;番茄,Unknown,False,D:无证据,,15-20,A,金水区,金水区,口味:3.5 环境:3.5 服务:3.5,1,,,0,炸鸡伴侣可口可乐_甘梅地瓜条_黄金小叉骨_无骨鸡腿肉,,
CTyz53QhvQTIKl4S,王朝炸鸡(燕庄店),Unknown,False,D:无证据,,整鸡/大单品+鸡翅+鸡脖/其他部位,True,A:菜品直接证据,大鸡;鸡腿;鸡翅;鸡排;叉骨;鸡米花;鸡脖,Unknown,False,D:无证据,,香辣,True,A:菜品直接证据,香辣;奥尔良;甘梅,堂食+外卖+团购,False,B:多字段组合,外卖:1/团购:1,<10,A,金水区,金水区,口味:3.5 环境:3.5 服务:3.5,11,1,1,0,龙脆骨_炸鸡拼盘_无骨拼盘_炸带鱼_炸龙利鱼_盼盼水蜜桃_奥尔良大鸡脖_旋风藤椒鸡翅根_盼盼柠檬味调味茶饮料_比翼双飞,,
k4kgG81yoyclfOAQ,汉江里炸鸡(天明路店),中式,True,A:菜品直接证据,脆皮炸鸡;芝士炸鸡;美式,整鸡/大单品,True,A:菜品直接证据,炸鸡块;鸡块;鸡爪,裹粉炸,False,A:菜品直接证据,脆皮,香辣+甜辣+酸甜,True,A:菜品直接证据,辣;甜辣;酸甜,堂食+外卖+团购,False,B:多字段组合,外卖:1/团购:1,30-50,A,金水区,金水区,口味:3.9 环境:3.8 服务:3.9,32,1,1,0,一米十拼_解腻脆萝卜_芝芝炸鸡_葱鸡_美式粗薯_琥珀甜辣炸鸡_芝士瀑布部队火锅_酸甜萝卜_黑莓酪酪炸鸡块_海盐蟹香招牌炸鸡,,
k9ZxyYiwv0kor3RN,杨记韩式炸鸡(郑铁三北小区店),韩式,False,C:店名推断,韩式,Unknown,False,D:无证据,,Unknown,False,D:无证据,,Unknown,False,D:无证据,,Unknown,False,D:无证据,,15-20,A,金水区,金水区,,,,,0,,,
l7X8DILWfRzwpiYX,鱼炸海(丰乐路店),中式,False,A:菜品直接证据,香酥鸡,整鸡/大单品+鸡腿+鸡块/鸡米花/鸡柳,True,A:菜品直接证据,香酥鸡;鸡腿;鸡米花,Unknown,False,D:无证据,,原味+蒜香,True,A:菜品直接证据,香酥;蒜香,含外卖,False,B:外卖字段,1,15-20,A,金水区,金水区,口味:3.5 环境:3.5 服务:3.5,5,1,,0,蒜香鳕鱼_小黄鱼_炸大虾_炸鱼拼盘_炸带鱼_炸鸡块_炸鸡腿_香酥鸡米花_南极冰鱼_炸鸡柳,,
H3QLNDnahNAfaYfd,常师傅烧烤碳锅(天明路店),Unknown,False,D:无证据,,鸡翅,True,A:菜品直接证据,鸡翅;鸡块,Unknown,False,D:无证据,,香辣,False,A:菜品直接证据,香辣,堂食+外卖+团购,False,B:多字段组合,外卖:1/团购:1,30-50,A,金水区,金水区,口味:3.6 环境:3.5 服务:3.6,21,1,1,0,混沌_炒方便面_烤土豆片_烤鲶鱼_烤鱼豆腐_什锦砂锅_羊脆骨_羊肉筋_香辣圣子_排骨砂锅,,
G4LmWrKgrzQVBHB2,初来炸到油炸串,Unknown,False,D:无证据,,Unknown,False,D:无证据,,Unknown,False,D:无证据,,Unknown,False,D:无证据,,Unknown,False,D:无证据,,Unknown,D,金水区,金水区,,,,,0,,,
l6QUU6OkDqLp58cS,多美士炸鸡汉堡(建正东方中心店),美式/西式,False,C:品牌映射,brand:多美士,鸡腿+鸡块/鸡米花/鸡柳,True,C:品牌映射,brand:多美士,裹粉炸,False,C:品牌映射,brand:多美士,原味+孜然,True,C:品牌映射,brand:多美士,外卖型,False,C:品牌映射,brand:多美士,15-20,A,管城回族区,郑州东站,口味:3.5 环境:3.5 服务:3.5,13,1,1,21,双层劲霸堡_红豆派_劲脆鸡腿堡_墨西哥鸡肉卷_拉丝热狗棒_玉米杯_海苔洋葱圈_香芋派_经典鸡米花_孜然鸡柳,,
k4Ar6dKFynFnyhbc,味之美炸鸡汉堡奶茶,Unknown,False,D:无证据,,鸡块/鸡米花/鸡柳,False,A:菜品直接证据,鸡柳,Unknown,False,D:无证据,,Unknown,False,D:无证据,,Unknown,False,D:无证据,,10-15,A,新郑市,龙湖广场/升达大学,,,,,0,鸡柳汉堡,,
H5ahzLPx9qaDqoEh,金鸡霸王·韩国炸鸡(正弘城店),韩式,False,A:菜品直接证据,韩式,整鸡/大单品+鸡腿+鸡块/鸡米花/鸡柳,True,A:菜品直接证据,全鸡;鸡腿;无骨炸鸡,裹粉炸,False,A:菜品直接证据,脆皮,香辣,False,A:菜品直接证据,辣,堂食+外卖+团购,False,B:多字段组合,外卖:1/团购:1,<10,A,金水区,金水万达/蓝堡湾,口味:3.6 环境:3.6 服务:3.6,17,1,1,0,肉松鸡腿堡_脆皮大全鸡_培根煎蛋堡_招牌牛肉堡_爆汁肉丸_招牌鸡肉卷_韩式无骨炸鸡_营养煎蛋_爆辣韩式火鸡面_虾米鸡腿堡,,
k7IeG7tVPMMLHaBu,豫中徐记咖喱鸡肉夹饼(祥盛街店),Unknown,False,D:无证据,,Unknown,False,D:无证据,,Unknown,False,D:无证据,,Unknown,False,D:无证据,,含团购,False,B:团购字段,1,<10,A,管城回族区,郑州东站,口味:3.4 环境:3.4 服务:3.4,3,,1,0,咖喱鸡肉夹饼_咖喱鸡肉片,,
l5CZyAJXkWDm8NnJ,延庆观炸鸡(玺园店),中式,False,C:品牌映射,brand:延庆观,鸡翅+鸡架/锁骨/叉骨+鸡块/鸡米花/鸡柳+鸡脖/其他部位,True,C:品牌映射,brand:延庆观,卤炸,False,C:品牌映射,brand:延庆观,原味,False,C:品牌映射,brand:延庆观,档口/摊位,False,C:品牌映射,brand:延庆观,15-20,A,中原区,郑州大学新校区,口味:3.6 环境:3.6 服务:3.6,22,1,,0,脆骨肉_香脆鸡皮_酸梅粉_鲜嫩翅中_鸡米花牙签肉两掺_黑胡椒粉_金星啤酒_叉骨脆骨肉两掺_鸡柳_全翅,,
G5Zd1n0shohNtMkj,飞飞怪味鸡(商业街店),Unknown,False,D:无证据,,鸡架/锁骨/叉骨,False,A:菜品直接证据,叉骨,Unknown,False,D:无证据,,Unknown,False,D:无证据,,堂食+外卖+团购,False,B:多字段组合,外卖:1/团购:1,<10,A,中原区,郑州大学新校区,口味:3.7 环境:3.7 服务:3.7,4,1,1,0,怪味叉骨_怪味香菇,,
E5xZsfWM9rqzYhIz,第一部落烤串(大里鑫桂园店),地方特色,False,A:菜品直接证据,台式,鸡腿,True,A:菜品直接证据,鸡腿;翅中;鸡排,Unknown,False,D:无证据,,甜辣+酱香,True,A:菜品直接证据,香辣;芝士;奥尔良,含外卖,False,B:外卖字段,1,15-20,A,中原区,郑州大学新校区,,,1,,6,奥尔良风味肉串_铁板鱿鱼板_棒棒鸡_黄金烤饼_部落豆腐串_台式纯肉肠_部落拉丝芝士棒_青花椒猪肉串丨绝代双骄_黄金豆腐串_奶香馒头串,,
j1RhvnFlZl6tvQIc,首尔故事韩式炸鸡(翰林国际城孟园店),韩式,False,C:店名推断,韩式,Unknown,False,D:无证据,,Unknown,False,D:无证据,,Unknown,False,D:无证据,,含外卖,False,B:外卖字段,1,15-20,A,中原区,郑州大学新校区,,1,1,,0,,,
G84O6XF3aQXoH9Sn,宛丘小吃,Unknown,False,D:无证据,,Unknown,False,D:无证据,,Unknown,False,D:无证据,,Unknown,False,D:无证据,,含外卖,False,B:外卖字段,1,Unknown,D,中原区,郑州大学新校区,,,1,,0,,,
G13dnknDLfymytRJ,,Unknown,False,D:无证据,,Unknown,False,D:无证据,,Unknown,False,D:无证据,,Unknown,False,D:无证据,,Unknown,False,D:无证据,,Unknown,D,中原区,,,,,,0,,,
H8DcsVp6NmzJhGJJ,Kim Min HEE韩式炸鸡(金梭路店),韩式,False,A:菜品直接证据,韩式,Unknown,False,D:无证据,,裹粉炸,False,A:菜品直接证据,芝士粉,香辣+蒜香+甜辣+孜然+黑胡椒+酱香,True,A:菜品直接证据,麻辣;蒜香;芝士;孜然;黑椒;酱料,含外卖,False,B:外卖字段,1,15-20,A,中原区,郑州大学新校区,口味:3.4 环境:3.4 服务:3.4,7,1,,1,炸鸡零食拼盘_骨肉相恋_小吃随心选_特色韩式酱料_黑椒鸡肉块_蒜香酱油_榴莲芝士酱_川香麻辣酱_孜然粉_奶香芝士粉,,
G8M7LnVqA083CmJv,陈师傅金牌叉骨(翰林国际城孟园店),Unknown,False,D:无证据,,鸡翅,False,A:菜品直接证据,鸡翅,Unknown,False,D:无证据,,香辣,False,A:菜品直接证据,香辣,含外卖,False,B:外卖字段,1,Unknown,D,中原区,郑州大学新校区,,1,1,,0,香辣鸡翅根,,
l27bRMMAcOvT5mP0,叫了只炸鸡(郑大店),中式,False,C:品牌映射,brand:叫了只,整鸡/大单品,False,C:品牌映射,brand:叫了只,生炸/现炸,False,C:品牌映射,brand:叫了只,原味,False,C:品牌映射,brand:叫了只,外卖型,False,C:品牌映射,brand:叫了只,20-30,A,中原区,郑州大学新校区,,1,1,,0,,,
G1YjoY42XX5NqgBH,鸭千岁信阳脆皮鸭(紫藤路店),Unknown,False,D:无证据,,Unknown,False,D:无证据,,裹粉炸,False,A:菜品直接证据,脆皮,Unknown,False,D:无证据,,含团购,False,B:团购字段,1,30-50,A,中原区,郑州大学新校区,,,,1,0,脆皮鸭兑换卷_脆皮鸭,,
G6B1YsGdXW8Dvnif,GeGe韩式炸鸡(翰林国际城孟园店),韩式,False,C:品牌映射,brand:GeGe,鸡翅+鸡块/鸡米花/鸡柳,True,C:品牌映射,brand:GeGe,裹粉炸,False,C:品牌映射,brand:GeGe,甜辣,False,C:品牌映射,brand:GeGe,外卖型,False,C:品牌映射,brand:GeGe,Unknown,D,中原区,郑州大学新校区,口味:3.4 环境:3.4 服务:3.4,2,1,,0,双拼口味韩式无骨炸鸡_炸鸡柳_骨肉相连_明星翅根_人气超高黑椒鸡块_鸡米花_士林黑椒Q弹肉肠_进口韩国泡菜,,
jpDxhJfC4W8wheKW,临榆炸鸡腿(郑州大学荷园店),中式,False,C:品牌映射,brand:临榆,鸡腿,True,"C:店名推断(修正,优先于品牌映射)",brand:临榆,腌炸,False,C:品牌映射,brand:临榆,原味,False,C:品牌映射,brand:临榆,档口/摊位,False,C:品牌映射,brand:临榆,10-15,A,中原区,郑州大学新校区,口味:3.9 环境:3.9 服务:3.9,7,1,1,16,招牌炸鸡腿_楂楂鸡块_炸全翅_黄金香骨鸡_黄金鸡叉骨_爆浆鸡排_香酥琵琶腿_香骨鸡,鸡排,brand_product_conflict
EKXiyY3drFH9WwZ9,叫了个炸鸡,中式,False,C:品牌映射,brand:叫了个,整鸡/大单品+鸡腿+鸡块/鸡米花/鸡柳,True,C:品牌映射,brand:叫了个,生炸/现炸,False,C:品牌映射,brand:叫了个,原味,False,C:品牌映射,brand:叫了个,外卖型,False,C:品牌映射,brand:叫了个,15-20,A,中原区,郑州大学新校区,,2,1,,0,红豆派_叫群鸡米花_抓住鸡小腿_大鹏展翅_叫香薯条_琥珀酱_芙蓉蟹角棒_酸奶麻花_黄金鸡丸子_叫香嫩鸡块,,
EPGYeEiChvY5TwDq,文扬烧饼炸串(裕华满园店),Unknown,False,D:无证据,,Unknown,False,D:无证据,,Unknown,False,D:无证据,,香辣,False,A:菜品直接证据,辣,含外卖,False,B:外卖字段,1,Unknown,D,中原区,郑州大学新校区,,2,1,,0,辣条,,
l66GlAeEll2Pb3KI,疯狂炸叉骨(大里鑫桂源店),Unknown,False,D:无证据,,整鸡/大单品+鸡翅+鸡排+鸡架/锁骨/叉骨+鸡块/鸡米花/鸡柳+鸡脖/其他部位,True,A:菜品直接证据,烤鸡;鸡翅;鸡排;鸡叉骨;鸡米花;鸡皮,烤炸复合,False,A:菜品直接证据,烤鸡,Unknown,False,D:无证据,,含团购,False,B:团购字段,1,10-15,A,中原区,郑州大学新校区,,1,,1,0,黄金地瓜条_烤饼_秘制牙签肉_黄金鸡翅根_炸鸡柳_烤鸡中翅_炸鸡叉骨_棒棒鸡_鸡排_烤鸡胗,,
l1XLPBjdHfUVyBgy,HanBang韩式炸鸡(建正东方中心店),韩式,False,C:品牌映射,brand:HanBang,鸡块/鸡米花/鸡柳,False,C:品牌映射,brand:HanBang,裹粉炸,False,C:品牌映射,brand:HanBang,甜辣,False,C:品牌映射,brand:HanBang,外卖型,False,C:品牌映射,brand:HanBang,15-20,A,管城回族区,郑州东站,口味:3.6 环境:3.5 服务:3.6,2,,,0,,,
k7st8931XoZVelNi,胖哥韩式炸鸡(建正中心店),韩式,False,C:店名推断,韩式,Unknown,False,D:无证据,,Unknown,False,D:无证据,,Unknown,False,D:无证据,,含团购,False,B:团购字段,1,Unknown,D,管城回族区,郑州东站,,,,1,0,腾蛟鸡背肉,,
l85FVwbiOmAk3p6L,至尊披萨炸鸡汉堡(荷园商业街店),韩式,True,A:菜品直接证据,韩式;双拼,鸡翅+鸡排,True,A:菜品直接证据,鸡翅;鸡排,Unknown,False,D:无证据,,香辣+甜辣+黑胡椒+酸甜,True,A:菜品直接证据,香辣;芝士;黑胡椒;奥尔良;菠萝,堂食+外卖+团购,False,B:多字段组合,外卖:1/团购:1,15-20,A,中原区,郑州大学新校区,口味:3.8 环境:3.9 服务:3.9,36,1,1,0,大脸鸡排黑胡椒味_韩式炸鸡鸡翅根_酸奶黄桃披萨_香辣萨拉米香肠披萨_香甜菠萝双虾披萨_紫薯玉米披萨_红薯泥玉米披萨_咸蛋黄肉松披萨_酸奶芝士披萨_肉香四溢披萨,,
H90PbESxWRY81pmB,鸡柳口袋饼(郑大荷园店),中式,False,A:菜品直接证据,香酥鸡,整鸡/大单品+鸡块/鸡米花/鸡柳,True,A:菜品直接证据,香酥鸡;鸡柳,Unknown,False,D:无证据,,原味+甜辣,True,A:菜品直接证据,香酥;芝士,堂食+外卖+团购,False,B:多字段组合,外卖:1/团购:1,<10,A,中原区,郑州大学新校区,口味:3.6 环境:3.6 服务:3.6,7,1,1,0,空气年糕_香酥鸡柳饼口袋饼_拉丝芝士棒_柠檬水不售_山楂汁_冰粉_盼盼桃汁,,
H8CmYO0mtF6UAT3j,食光炸货铺(郑州大学荷园店),Unknown,False,D:无证据,,Unknown,False,D:无证据,,Unknown,False,D:无证据,,Unknown,False,D:无证据,,含外卖,False,B:外卖字段,1,Unknown,D,中原区,郑州大学新校区,口味:3.5 环境:3.5 服务:3.5,2,1,,0,鸡背肉串拌饼_百事可乐罐_百事可乐无糖瓶_手撕纯肉排拌饼,,
k34DUGrREaiFEfq5,吮指姑娘·韩式炸鸡(祥营安置小区店),韩式,False,A:菜品直接证据,韩式,鸡块/鸡米花/鸡柳,False,A:菜品直接证据,鸡块,Unknown,False,D:无证据,,香辣,True,A:菜品直接证据,香辣;芝士;黑椒,含团购,False,B:团购字段,1,15-20,A,中原区,郑州大学新校区,口味:3.4 环境:3.4 服务:3.4,2,,1,0,韩式馋嘴年糕_无骨鸡块_爆香一口肠_香辣包,,
l3KkIUaj2QFc1eWU,李斯麦炸鸡汉堡(荷园正味居店),韩式,True,A:菜品直接证据,韩式;吮指,整鸡/大单品+鸡翅+鸡排+鸡块/鸡米花/鸡柳,True,A:菜品直接证据,大鸡;鸡腿;翅根;鸡排;鸡米花,裹粉炸,True,A:菜品直接证据,脆皮;烤翅,原味+香辣+甜辣,True,A:菜品直接证据,原味;香辣;芝士;黑椒;奥尔良,堂食+外卖+团购,False,B:多字段组合,外卖:1/团购:1,10-15,A,中原区,郑州大学新校区,口味:3.5 环境:3.5 服务:3.5,9,1,1,0,至珍七虾堡_香辣鸡米花_新店福利招牌脆鸡堡_黄金脆皮翅根_大鸡排_吮指原味鸡_黄金芝士棒_黄金薯塔,,
l6Qmrbb9Ei8katjE,学长炸鸡中国汉堡(裕华满园店),Unknown,False,D:无证据,,Unknown,False,D:无证据,,Unknown,False,D:无证据,,Unknown,False,D:无证据,,含外卖,False,B:外卖字段,1,Unknown,D,中原区,郑州大学新校区,,1,1,,0,,,
Edtm9CLX11fcveyQ,多美士炸鸡汉堡(公园道店),美式/西式,False,C:品牌映射,brand:多美士,鸡腿+鸡翅+鸡块/鸡米花/鸡柳,True,C:品牌映射,brand:多美士,裹粉炸,False,C:品牌映射,brand:多美士,原味+香辣,True,C:品牌映射,brand:多美士,外卖型,False,C:品牌映射,brand:多美士,15-20,A,中原区,郑州大学新校区,口味:3.5 环境:3.5 服务:3.5,19,1,1,0,经典鸡米花_酷啦啦排骨_藤椒翅尖_卡通鸡块_海苔洋葱圈_霸王鸡块_香辣鸡腿堡_劲脆鸡腿堡_墨西哥鸡肉卷_深海鳕鱼堡,,
jWpAMoGuAif9QwkF,莱客汉堡韩式炸鸡(翰林国际城孟园店),韩式,False,C:品牌映射,brand:莱客,鸡块/鸡米花/鸡柳,False,C:品牌映射,brand:莱客,裹粉炸,False,C:品牌映射,brand:莱客,甜辣,False,C:品牌映射,brand:莱客,外卖型,False,C:品牌映射,brand:莱客,Unknown,D,中原区,郑州大学新校区,,,1,,0,,,
k47n9ScfSS24FUIu,正新鸡排(荷园商业街店),美式/西式,False,C:品牌映射,brand:正新,整鸡/大单品+鸡腿+鸡块/鸡米花/鸡柳,True,C:品牌映射,brand:正新,裹粉炸,False,C:品牌映射,brand:正新,原味+黑胡椒,True,C:品牌映射,brand:正新,档口/摊位,False,C:品牌映射,brand:正新,10-15,A,中原区,郑州大学新校区,口味:3.8 环境:3.8 服务:3.8,76,1,1,0,开花肠_黑椒鸡块_阿拉伯烧肉_香酥鸡腿堡_冰红茶气泡水_脆皮一口肠_薯塔_脆皮香蕉_海苔鸡肉圈_盲盒小吃,,
G4Nkh7DzAYk56F2T,佟源记炸肉(郑州正弘汇店),中式,False,A:菜品直接证据,香酥鸡,整鸡/大单品+鸡翅+鸡架/锁骨/叉骨+鸡块/鸡米花/鸡柳,True,A:菜品直接证据,大鸡;大腿;鸡翅;鸡架;鸡块,Unknown,False,D:无证据,,原味+酸甜,True,A:菜品直接证据,香酥;橙,含团购,False,B:团购字段,1,15-20,A,中原区,郑州大学新校区,口味:4.1 环境:4.2 服务:4.1,180,,1,0,香酥大虾_香酥鸡翅根_甘梅地瓜_招牌炸鸡珍_元气森林柑橙_藤椒鸡块_爆品特惠大鸡架_香酥伴翅_香酥鸡脆骨_爆品香酥大鸡架,,
k4Veuvln7A3ZXvuJ,田记香酥鸡香酥鸭,中式,False,C:店名推断,香酥鸡,整鸡/大单品,False,C:店名推断,香酥鸡,Unknown,False,D:无证据,,原味,False,C:店名推断,香酥,含外卖,False,B:外卖字段,1,Unknown,D,中原区,郑州大学新校区,,,1,,0,,,
G4DYYS6scwwj5Sun,小马炸鸡(朗悦公园府·悦璟苑店),中式,False,C:品牌映射,brand:小马,鸡腿,False,C:品牌映射,brand:小马,生炸/现炸,False,C:品牌映射,brand:小马,原味,False,C:品牌映射,brand:小马,档口/摊位,False,C:品牌映射,brand:小马,15-20,A,中原区,郑州大学新校区,,,1,,0,,,
jbZYmyiAKxaTEnio,叫了只炸鸡(高新区店),中式,False,C:品牌映射,brand:叫了只,整鸡/大单品+鸡翅+鸡块/鸡米花/鸡柳,True,C:品牌映射,brand:叫了只,生炸/现炸,False,C:品牌映射,brand:叫了只,原味,False,C:品牌映射,brand:叫了只,外卖型,False,C:品牌映射,brand:叫了只,20-30,A,中原区,郑州大学新校区,口味:3.6 环境:3.7 服务:3.6,20,1,1,0,神奇的鸡_大鹏展翅_叫香嫩鸡块_叫群鸡米花_叫香薯条_七虾堡_老北京鸡肉卷_叫个鸡翅包饭_叫个鸡翅中_甜甜的红薯条,,
G5UHpzeknQySS8jX,BIGBEAR韩式炸鸡(芝士炸鸡·火鸡面·中原店),韩式,False,C:店名推断,韩式,Unknown,False,D:无证据,,Unknown,False,D:无证据,,甜辣,False,A:菜品直接证据,芝士,堂食+外卖+团购,False,B:多字段组合,外卖:1/团购:1,15-20,A,中原区,郑州大学新校区,口味:3.7 环境:3.7 服务:3.7,13,1,1,0,奶香芝士酱,,
k6bLsTMMtWnlxQuT,延庆观炸鸡(郑大荷园店),中式,False,C:品牌映射,brand:延庆观,整鸡/大单品,False,C:品牌映射,brand:延庆观,卤炸,False,C:品牌映射,brand:延庆观,原味,False,C:品牌映射,brand:延庆观,档口/摊位,False,C:品牌映射,brand:延庆观,15-20,A,中原区,郑州大学新校区,口味:3.7 环境:3.7 服务:3.7,27,1,1,0,年糕条_至珍七虾堡_青花椒伴翅_鸡肉洋葱圈_鸡肉芝士堡,,
k6Ysofcrz10wWAmR,我们的炸鸡(郑东商业中心B区店),韩式,False,A:菜品直接证据,韩式,Unknown,False,D:无证据,,腌炸,False,A:菜品直接证据,酱炸,香辣+甜辣+酱香,True,A:菜品直接证据,辣;芝士;酱油,Unknown,False,D:无证据,,30-50,A,管城回族区,郑州东站,口味:3.9 环境:3.8 服务:3.8,71,,,0,辣酱油炸鸡_韩式牛肉饭_金枪鱼饭团_黄金芝士炸鸡_海太草莓饮料_葱酱炸鸡_芝士丸子_韩式炒年糕_泡菜煎饺_无糖芬达,,
G9KyGFx2NEXx6OLt,遇上鲜秘制地锅宴,Unknown,False,D:无证据,,Unknown,False,D:无证据,,Unknown,False,D:无证据,,Unknown,False,D:无证据,,含团购,False,B:团购字段,1,50+,A,管城回族区,郑州东站,口味:3.7 环境:3.7 服务:3.7,33,,1,0,鱼豆腐_家养土鸡_散养柴鸡_精品排骨_精品双汇排骨_五花肉_绿豆面_兔肉_凉拌豆条_凉拌莲菜,,
l111sAqaA9kscRC4,麦吉特汉堡炸鸡(惠源商务店),Unknown,False,D:无证据,,鸡腿+鸡排+鸡块/鸡米花/鸡柳,True,A:菜品直接证据,全鸡;鸡腿;鸡排;鸡米花,裹粉炸,False,A:菜品直接证据,脆皮,香辣+黑胡椒+酱香,True,A:菜品直接证据,香辣;芝士;黑椒;蜜汁,含外卖,False,B:外卖字段,1,10-15,A,惠济区,黄河游览区,口味:3.6 环境:3.6 服务:3.6,1,1,,0,咖喱鸡肉饭_藤椒鸡块_蝴蝶虾_coco虾_玉米杯_红豆派_香辣鸡米花_小新鸡排_蜜汁鸡腿_黑椒炸鸡饭,,
k5cKAtPJ5kail0gD,汉堡炸鸡,Unknown,False,D:无证据,,Unknown,False,D:无证据,,Unknown,False,D:无证据,,Unknown,False,D:无证据,,Unknown,False,D:无证据,,Unknown,D,惠济区,黄河游览区,,,,,0,,,
G8dcR080aUXHWmIW,爆掌柜生炸鸡架(黄河科技学院店),中式,False,C:品牌映射,brand:爆掌柜,鸡腿+鸡翅+鸡架/锁骨/叉骨+鸡块/鸡米花/鸡柳,True,C:品牌映射,brand:爆掌柜,生炸/现炸,False,C:品牌映射,brand:爆掌柜,香辣+酱香,True,C:品牌映射,brand:爆掌柜,档口/摊位,False,C:品牌映射,brand:爆掌柜,10-15,A,管城回族区,黄河科技大学城,,3,1,1,11,生炸蘑菇_生炸鸡叉骨_无骨鸡柳_五香里脊肉夹饼_奥尔良腿排夹饼_咖喱鸡柳肉夹饼_麻辣伴翅_生炸麻辣翅尖_香辣伴翅_生炸手枪腿,,
l1o6tx0FUcYgmER8,临榆炸鸡腿(河南农业大学店),中式,False,C:品牌映射,brand:临榆,鸡腿,False,"C:店名推断(修正,优先于品牌映射)",brand:临榆,腌炸,False,C:品牌映射,brand:临榆,原味,False,C:品牌映射,brand:临榆,档口/摊位,False,C:品牌映射,brand:临榆,10-15,A,金水区,龙子湖校区,,2,,,0,,鸡排,brand_product_conflict
laV3RkWDHq4HaSmp,新新鸡排炸鸡汉堡(黄科大店),Unknown,False,D:无证据,,鸡架/锁骨/叉骨+鸡块/鸡米花/鸡柳,True,A:菜品直接证据,鸡叉骨;鸡米花,Unknown,False,D:无证据,,黑胡椒+酱香,True,A:菜品直接证据,芝士;黑胡椒;奥尔良;甘梅,堂食+外卖+团购,False,B:多字段组合,外卖:1/团购:1,<10,A,管城回族区,黄河科技大学城,口味:3.6 环境:3.6 服务:3.6,3,1,1,0,正新黑胡椒鸡块_奥尔良鸡叉骨十饮料,,
H5Uze2Dq3BWPn9PT,上京城中国鸡排(开放大学店),中式,True,A:菜品直接证据,香酥鸡;台式,整鸡/大单品+鸡腿+鸡排+鸡块/鸡米花/鸡柳+鸡脖/其他部位,True,A:菜品直接证据,脆皮鸡;鸡腿;鸡排;鸡架;鸡柳;鸡皮,裹粉炸,True,A:菜品直接证据,脆皮;生炸;烤鸡,原味+酸甜,True,A:菜品直接证据,香酥;菠萝,Unknown,False,D:无证据,,10-15,A,金水区,龙子湖校区,,,,,7,团购酸梅汤_手擀双层牛肉堡_特色烤鸡皮_酥皮菠萝包_脆皮鸡排饭_台式烤香肠_藤椒鸡腿肉_香酥鸡柳_脆皮淀粉肠_中国鸡腿堡,,
GaMCPoCduDqQ2n8q,叫了只炸鸡(小夏街店),中式,False,C:品牌映射,brand:叫了只,整鸡/大单品,False,C:品牌映射,brand:叫了只,生炸/现炸,False,C:品牌映射,brand:叫了只,原味,False,C:品牌映射,brand:叫了只,外卖型,False,C:品牌映射,brand:叫了只,20-30,A,金水区,龙子湖校区,,,,1,0,,,
l7k4U26izTKYMmDe,KIM MIN HEE韩式炸鸡(博雅广场店),韩式,False,A:菜品直接证据,韩式,鸡块/鸡米花/鸡柳,False,A:菜品直接证据,鸡块,裹粉炸,False,A:菜品直接证据,芝士粉,甜辣+黑胡椒+酱香,True,A:菜品直接证据,麻辣;蒜香;芝士;黑椒;酱料,堂食+外卖+团购,False,B:多字段组合,外卖:1/团购:1,15-20,A,金水区,龙子湖校区,口味:3.6 环境:3.5 服务:3.6,22,1,1,1,韩式酱料_韩式火鸡面_奶香芝士粉_黑椒鸡肉块_拉丝雪花芝士丸子_单人可乐特惠_韩式年糕_无骨鸡块,,
l3goOp9rFBvcQXiA,阿布杜大师傅烧烤(前牛岗小区店),地方特色,False,A:菜品直接证据,新疆,鸡脖/其他部位,False,A:菜品直接证据,鸡皮,Unknown,False,D:无证据,,Unknown,False,D:无证据,,堂食+外卖+团购,False,B:多字段组合,外卖:1/团购:1,50+,A,金水区,龙子湖校区,口味:3.3 环境:3.2 服务:3.2,37,1,1,0,新疆红柳_烤腰子_烤馕饼,,
l43Unv9SPEVDg4Xb,鸡柳大人(磨李社区店),中式,False,C:品牌映射,brand:鸡柳大人,鸡架/锁骨/叉骨+鸡块/鸡米花/鸡柳,True,C:品牌映射,brand:鸡柳大人,生炸/现炸,False,C:品牌映射,brand:鸡柳大人,香辣+蒜香+酱香,True,C:品牌映射,brand:鸡柳大人,档口/摊位,False,C:品牌映射,brand:鸡柳大人,10-15,A,金水区,龙子湖校区,口味:3.4 环境:3.4 服务:3.3,71,1,1,36,鸡柳薯条年糕三合一_招牌三合一_香辣里脊串_冰粉_鸡柳年糕薯条山药片四合一_掌中宝_脆皮年糕_黑金鸡米花_蒜香排骨_蜜汁鸡锁骨,,
G3Gw6HEBS4P98FXm,延庆观炸鸡(木华广场店),中式,False,C:品牌映射,brand:延庆观,整鸡/大单品,False,C:品牌映射,brand:延庆观,卤炸,False,C:品牌映射,brand:延庆观,原味,False,C:品牌映射,brand:延庆观,档口/摊位,False,C:品牌映射,brand:延庆观,15-20,A,金水区,龙子湖校区,口味:3.3 环境:3.4 服务:3.5,8,1,,0,,,
k8vOKtTV5rSquDxm,牛记炸鸡随便点,中式,False,A:菜品直接证据,香酥鸡,整鸡/大单品+鸡架/锁骨/叉骨+鸡块/鸡米花/鸡柳+鸡脖/其他部位,True,A:菜品直接证据,香酥鸡;鸡腿;鸡排;鸡架;鸡米花;鸡皮,Unknown,False,D:无证据,,原味+酱香,True,A:菜品直接证据,香酥;蒜香;蜜汁;甘梅,堂食+外卖+团购,False,B:多字段组合,外卖:1/团购:1,10-15,A,金水区,龙子湖校区,口味:3.5 环境:3.5 服务:3.5,10,1,1,0,香酥鸡柳_烧饼素鸡_黄金鸡架_叉骨_炸蘑菇_蜜汁土豆_老味鸡皮_平菇_炸蘑菇拼盘,,
H2YVXc2Xq63dLFUL,临榆炸鸡腿(河南省郑州市金水区郑州航空工业管理学院店),中式,False,C:品牌映射,brand:临榆,鸡腿,False,"C:店名推断(修正,优先于品牌映射)",brand:临榆,腌炸,False,C:品牌映射,brand:临榆,原味,False,C:品牌映射,brand:临榆,档口/摊位,False,C:品牌映射,brand:临榆,10-15,A,金水区,龙子湖校区,口味:3.6 环境:3.6 服务:3.6,,,,0,,鸡排,brand_product_conflict
G7AukoRwaa4f2dHq,魏小酥,Unknown,False,D:无证据,,Unknown,False,D:无证据,,Unknown,False,D:无证据,,原味,False,A:菜品直接证据,香酥,堂食+外卖+团购,False,B:多字段组合,外卖:1/团购:1,10-15,A,金水区,龙子湖校区,口味:3.5 环境:3.5 服务:3.5,1,1,1,0,秘制炸肉_烤纯羊肉串_秘制五花_香酥莲藕盒,,
G2uQvbEn8yraD1eZ,御膳叉骨店,中式,False,C:品牌映射,brand:御膳,鸡架/锁骨/叉骨,False,C:品牌映射,brand:御膳,生炸/现炸,False,C:品牌映射,brand:御膳,椒盐,False,C:品牌映射,brand:御膳,档口/摊位,False,C:品牌映射,brand:御膳,Unknown,D,金水区,龙子湖校区,,,,,0,,,
kaDT3LY09trCGm1J,延庆观炸鸡(财经政法大学毓苑店),中式,False,C:品牌映射,brand:延庆观,鸡腿+鸡翅,True,C:品牌映射,brand:延庆观,卤炸,False,C:品牌映射,brand:延庆观,原味,False,C:品牌映射,brand:延庆观,档口/摊位,False,C:品牌映射,brand:延庆观,30-50,A,金水区,龙子湖校区,口味:3.5 环境:3.5 服务:3.6,3,,1,0,翅中_琵琶腿_香酥炸饼,,
l7hd75aKsmoG2BCT,yx韩式炸鸡(华水店),韩式,False,C:店名推断,韩式,Unknown,False,D:无证据,,Unknown,False,D:无证据,,Unknown,False,D:无证据,,堂食+外卖+团购,False,B:多字段组合,外卖:1/团购:1,Unknown,D,金水区,龙子湖校区,口味:3.5 环境:3.5 服务:3.5,1,1,1,0,笑脸薯,,
G82588TpdXkDJ6eo,解忧·咖喱屋(龙子湖大学城店),Unknown,False,D:无证据,,鸡块/鸡米花/鸡柳,False,A:菜品直接证据,鸡米花,裹粉炸,False,A:菜品直接证据,脆皮,香辣,False,A:菜品直接证据,香辣,含团购,False,B:团购字段,1,15-20,A,金水区,龙子湖校区,口味:3.4 环境:3.4 服务:3.4,1,,1,0,香辣鸡米花_脆皮香蕉_香芋地瓜丸,,
l5Q5lijaEhMfv0OK,翅道烧烤(木华广场-2号楼店),Unknown,False,D:无证据,,整鸡/大单品+鸡脖/其他部位,True,A:菜品直接证据,烤鸡;烤翅;鸡爪,烤炸复合,False,A:菜品直接证据,烤鸡,香辣,False,A:菜品直接证据,麻辣,堂食+外卖+团购,False,B:多字段组合,外卖:1/团购:1,30-50,A,金水区,龙子湖校区,口味:4.0 环境:4.1 服务:4.1,136,1,1,0,酸辣粉_金针菇_麻辣面_烤五花肉_烤鸡爪_烤韭菜_骨肉相连_烤猪脆骨_锡纸娃娃菜_扇贝,,
H9V3QaFqJLrPIvMD,真鱿味· 铁板烤串炸串(郑州河大新区店),地方特色,False,A:菜品直接证据,广式,鸡腿,True,A:菜品直接证据,鸡腿;鸡柳,Unknown,False,D:无证据,,Unknown,False,D:无证据,,堂食+外卖+团购,False,B:多字段组合,外卖:1/团购:1,15-20,A,金水区,龙子湖校区,,2,1,1,0,鱿鱼王_士豆片_超级鸡腿肉串_三国里脊_广式小腊肠_云南爆浆豆腐_招牌鱿鱼须_招牌铁板鸭肠_鱼豆腐串_手打香肠,,
G5XDbKk0SIM75Q0f,摇滚小子摇滚鸡(永和时光里购物中心店),中式,False,C:品牌映射,brand:摇滚小子,整鸡/大单品+鸡腿+鸡翅+鸡排,True,C:品牌映射,brand:摇滚小子,生炸/现炸,False,C:品牌映射,brand:摇滚小子,原味,False,C:品牌映射,brand:摇滚小子,档口/摊位,False,C:品牌映射,brand:摇滚小子,20-30,A,金水区,龙子湖校区,口味:3.6 环境:3.6 服务:3.6,20,,1,0,招牌摇滚鸡_摇滚鸡翅_摇滚包浆豆腐_生炸大鸡腿_卡兹脆鸡排_特惠福利摇滚鸡翅中_摇滚爆浆豆腐_摇滚鸡翅肉_摇滚红薯条,,
HaIDbd4Mb0TS8D3l,正新鸡排·炸鸡烧烤(小夏街店),美式/西式,False,C:品牌映射,brand:正新,整鸡/大单品+鸡翅+鸡排+鸡块/鸡米花/鸡柳,True,C:品牌映射,brand:正新,裹粉炸,False,C:品牌映射,brand:正新,原味+香辣,True,C:品牌映射,brand:正新,档口/摊位,False,C:品牌映射,brand:正新,10-15,A,金水区,龙子湖校区,口味:3.5 环境:3.5 服务:3.5,2,1,1,0,中国鸡排汉堡_爆料鸡排_原味大鸡排_金锤翅根_大鸡肉串_金锤翅根桶_吮指鸡块_正新大烤肠_欢乐炸鸡桶_香辣鸡排套,,
E5YhoyFGDXBkmpiN,方雨饼夹菜,Unknown,False,D:无证据,,Unknown,False,D:无证据,,Unknown,False,D:无证据,,Unknown,False,D:无证据,,含团购,False,B:团购字段,1,Unknown,D,金水区,龙子湖校区,,1,,1,0,平菇,,
l3863oomlZABhNlo,饼大大缙云烧饼,Unknown,False,D:无证据,,鸡架/锁骨/叉骨,False,A:菜品直接证据,鸡叉骨,Unknown,False,D:无证据,,原味+香辣+蒜香,True,A:菜品直接证据,原味;辣;蒜香,含团购,False,B:团购字段,1,<10,A,金水区,龙子湖校区,,8,,1,0,蒜香鸡叉骨_梅干菜肉薄饼_原味五花肉饼_辣味五花肉饼_里脊肉饼_土家鲜肉饼_蒜香炸鸡叉骨,,
iioTCbKoExcEBIAz,满巍明生炸鸡架(财经政法大学店),中式,False,C:品牌映射,brand:满巍明,鸡腿+鸡架/锁骨/叉骨,True,C:品牌映射,brand:满巍明,生炸/现炸,False,C:品牌映射,brand:满巍明,香辣,False,C:品牌映射,brand:满巍明,档口/摊位,False,C:品牌映射,brand:满巍明,20-30,A,金水区,龙子湖校区,口味:3.9 环境:3.9 服务:3.9,,,,19,鸡腱腿_生炸鸡架_究极鸡腿肉,,
l2x2XfSIkR2R7uUE,谢家独味烙馍卷面筋,韩式,False,A:菜品直接证据,火鸡面,Unknown,False,D:无证据,,Unknown,False,D:无证据,,香辣,False,A:菜品直接证据,辣,堂食+外卖+团购,False,B:多字段组合,外卖:1/团购:1,Unknown,D,金水区,龙子湖校区,,2,1,1,0,妙记酸梅汤_烙馍卷面筋_三养超辣火鸡面_烙馍卷蟹排_烙馍卷亲亲肠_烙馍卷甜_烙馍卷鱼豆腐,,
l1VqdZcAETvU5D3N,御膳叉骨,中式,False,C:品牌映射,brand:御膳,鸡架/锁骨/叉骨,False,C:品牌映射,brand:御膳,生炸/现炸,False,C:品牌映射,brand:御膳,椒盐,False,C:品牌映射,brand:御膳,档口/摊位,False,C:品牌映射,brand:御膳,Unknown,D,金水区,龙子湖校区,,,,,0,,,
G1tZPVNjqnIsFrTY,临榆炸鸡腿(郑东新区河南大学郑州校区店),中式,False,C:品牌映射,brand:临榆,鸡腿,True,"C:店名推断(修正,优先于品牌映射)",brand:临榆,腌炸,False,C:品牌映射,brand:临榆,原味,False,C:品牌映射,brand:临榆,档口/摊位,False,C:品牌映射,brand:临榆,10-15,A,金水区,龙子湖校区,,8,1,1,0,香酥琵琶腿_楂楂鸡块_招牌炸鸡腿_黄金鸡叉骨_黄金炸鸡架_香骨鸡,鸡排,brand_product_conflict
FK6bF44uTsc8aDhN,秘制烤面筋鸡叉骨,Unknown,False,D:无证据,,鸡架/锁骨/叉骨,False,C:店名推断,鸡叉骨,Unknown,False,D:无证据,,Unknown,False,D:无证据,,Unknown,False,D:无证据,,Unknown,D,金水区,龙子湖校区,,,,,0,,,
H6c9LpEbVP5oO2VD,KimMin-Hee韩式炸鸡(磨李社区店),韩式,False,C:品牌映射,brand:KimMin-Hee,鸡块/鸡米花/鸡柳,False,C:品牌映射,brand:KimMin-Hee,裹粉炸,False,C:品牌映射,brand:KimMin-Hee,甜辣+酱香,True,C:品牌映射,brand:KimMin-Hee,外卖型,False,C:品牌映射,brand:KimMin-Hee,15-20,A,金水区,龙子湖校区,口味:3.4 环境:3.6 服务:3.4,23,1,1,0,无骨鸡块_炸地瓜丸_雪花芝士球_炸鱼豆腐_雪花芝士酱料_韩式火鸡面_韩式酱料,,
H6MmgCn8R6fVobCY,薯薯炸鸡,Unknown,False,D:无证据,,鸡翅,False,A:菜品直接证据,翅根,Unknown,False,D:无证据,,Unknown,False,D:无证据,,含团购,False,B:团购字段,1,15-20,A,金水区,龙子湖校区,,,,1,0,炸翅根,,
HabQljbeUcahyHwg,延庆观炸鸡(正商博雅广场店),中式,False,C:品牌映射,brand:延庆观,整鸡/大单品,False,C:品牌映射,brand:延庆观,卤炸,False,C:品牌映射,brand:延庆观,原味+酱香,True,C:品牌映射,brand:延庆观,档口/摊位,False,C:品牌映射,brand:延庆观,20-30,A,金水区,龙子湖校区,口味:3.7 环境:3.7 服务:3.8,34,1,,0,秘制酥嫩翅中_哈尔滨啤酒_可口可乐罐装_全家福_黄金翅根_酱香大面筋_鲜嫩翅中_香酥炸饼,,
G354zJn1ZTbMDs0v,王朝炸鸡(贾岗社区店),Unknown,False,D:无证据,,鸡腿+鸡翅+鸡块/鸡米花/鸡柳,True,A:菜品直接证据,鸡腿;翅中;鸡排;鸡叉骨;鸡米花;鸡皮,Unknown,False,D:无证据,,黑胡椒,False,A:菜品直接证据,黑椒,堂食+外卖+团购,False,B:多字段组合,外卖:1/团购:1,<10,A,金水区,龙子湖校区,口味:3.5 环境:3.5 服务:3.5,14,1,1,0,盼盼水蜜桃饮料_翅中_嗨小饮乳酸菌饮料_黑椒肉多多香肠_翅根_小鸡腿_招牌龙骨脆_鸡腿堡_比翼双飞_鸡米花,,
k66aCbBAWEF0mEhm,疯狂烤吧,Unknown,False,D:无证据,,整鸡/大单品+鸡腿+鸡脖/其他部位,True,A:菜品直接证据,大鸡;鸡腿;翅中;鸡胗,烤炸复合,False,A:菜品直接证据,烤鸡,原味,True,A:菜品直接证据,香酥;香辣,Unknown,False,D:无证据,,15-20,A,金水区,龙子湖校区,口味:3.5 环境:3.5 服务:3.5,47,,,0,烤鸭肠_烙馍卷面筋_鱿鱼耳串_棒棒鸡_香辣脱皮花生米_五香蚕豆_烤大鸡腿_炭烤全鱿鱼_香辣烤鸡胗_炭烤牛肉串,,
H1rO8WkJJ8wccZGG,一元一串起炸串(华水店),Unknown,False,D:无证据,,Unknown,False,D:无证据,,Unknown,False,D:无证据,,Unknown,False,D:无证据,,含外卖,False,B:外卖字段,1,Unknown,D,金水区,龙子湖校区,,,1,,0,,,
l9N5b0x778pnHIRB,夺魂小串,中式,False,A:菜品直接证据,香酥鸡,整鸡/大单品+鸡排+鸡脖/其他部位,True,A:菜品直接证据,香酥鸡;鸡排;鸡胗,Unknown,False,D:无证据,,原味,False,A:菜品直接证据,香酥,含团购,False,B:团购字段,1,<10,A,金水区,龙子湖校区,口味:4.0 环境:4.0 服务:4.0,89,,1,0,甜莲藕玉米_小红虾_炸玉米_炸鸡肉串_烤玉米_香酥鸡排小香虾_鲜鲜小鸡心_炸鸡胗_夺魂小串_炸鸭肠,,
G98Nz5gErlsZt7YU,韩黎院·韩式炸鸡汉堡(智慧岛店),韩式,False,C:品牌映射,brand:韩黎院,鸡块/鸡米花/鸡柳,False,C:品牌映射,brand:韩黎院,裹粉炸,False,C:品牌映射,brand:韩黎院,甜辣,False,C:品牌映射,brand:韩黎院,堂食+外带,False,C:品牌映射,brand:韩黎院,15-20,A,金水区,龙子湖校区,口味:3.6 环境:3.6 服务:3.6,8,1,1,0,,,
H50rXl6FBe9z43tA,临榆炸鸡腿(河南经贸职业学院店),中式,False,C:品牌映射,brand:临榆,鸡腿,False,"C:店名推断(修正,优先于品牌映射)",brand:临榆,腌炸,False,C:品牌映射,brand:临榆,原味,False,C:品牌映射,brand:临榆,档口/摊位,False,C:品牌映射,brand:临榆,10-15,A,金水区,龙子湖校区,口味:3.6 环境:3.6 服务:3.5,3,,,16,招牌炸鸡腿_香酥琵琶腿_香骨鸡,鸡排,brand_product_conflict
k1Xc51K2IFOfgVE8,韩式炸鸡汉堡(财大店),韩式,False,C:店名推断,韩式,Unknown,False,D:无证据,,Unknown,False,D:无证据,,Unknown,False,D:无证据,,含外卖,False,B:外卖字段,1,15-20,A,金水区,龙子湖校区,口味:3.8 环境:3.8 服务:3.8,1,1,,0,,,
H3fkxxCzEedR5Y5B,炸鸡草FCM给料放题自助(郑州永和时光里店),中式,True,A:菜品直接证据,卤味炸鸡;原味鸡,整鸡/大单品,True,A:菜品直接证据,脆皮鸡;鸡腿;鸡翅;鸡块,裹粉炸,True,A:菜品直接证据,脆皮;现炸;卤味炸,原味,True,A:菜品直接证据,原味;麻辣;黑椒;番茄,堂食+外带,False,C:店名推断,自助,30-50,A,金水区,龙子湖校区,口味:4.3 环境:4.3 服务:4.4 品种:4.5,814,,1,0,现调机饮料畅饮_招牌脆皮卤味炸鸡腿_深海大虾堡_脆皮现炸鸡腿,,
kaTtSGnJ1VEotV1B,DaoShang8°韩式炸鸡(长兴苑店),韩式,False,C:品牌映射,brand:DaoShang8,鸡块/鸡米花/鸡柳,False,C:品牌映射,brand:DaoShang8,裹粉炸,False,C:品牌映射,brand:DaoShang8,甜辣,False,C:品牌映射,brand:DaoShang8,外卖型,False,C:品牌映射,brand:DaoShang8,15-20,A,惠济区,黄河游览区,,,1,,0,,,
l2i2NadMAaS2aFsu,芳芳炸鸡,Unknown,False,D:无证据,,Unknown,False,D:无证据,,Unknown,False,D:无证据,,Unknown,False,D:无证据,,Unknown,False,D:无证据,,Unknown,D,惠济区,黄河游览区,,,,,0,,,
l2astP0O51aUPJc7,炸串布袋馍,Unknown,False,D:无证据,,Unknown,False,D:无证据,,Unknown,False,D:无证据,,Unknown,False,D:无证据,,Unknown,False,D:无证据,,Unknown,D,惠济区,黄河游览区,,,,,0,,,
G6RfNRJ1q4dRD2XF,中圆天禾,Unknown,False,D:无证据,,Unknown,False,D:无证据,,Unknown,False,D:无证据,,Unknown,False,D:无证据,,Unknown,False,D:无证据,,Unknown,D,惠济区,黄河游览区,,,,,0,,,
H50z3p3ElNULnMnH,临榆炸鸡腿(小夏街店),中式,False,C:品牌映射,brand:临榆,鸡腿,True,"C:店名推断(修正,优先于品牌映射)",brand:临榆,腌炸,False,C:品牌映射,brand:临榆,原味,False,C:品牌映射,brand:临榆,档口/摊位,False,C:品牌映射,brand:临榆,10-15,A,金水区,龙子湖校区,口味:3.8 环境:3.8 服务:3.9,9,1,1,16,香酥琵琶腿_脆皮手枪腿_楂楂鸡块,鸡排,brand_product_conflict
kapIh2abaeDUSgxY,上京城中国鸡排(华水店),中式,False,A:菜品直接证据,香酥鸡,整鸡/大单品+鸡腿+鸡块/鸡米花/鸡柳,True,A:菜品直接证据,大鸡;鸡腿;鸡排;鸡架;鸡米花,裹粉炸,True,A:菜品直接证据,脆皮;生炸,原味+香辣+甜辣,True,A:菜品直接证据,香酥;辣;甜辣,堂食+外卖+团购,False,B:多字段组合,外卖:1/团购:1,10-15,A,金水区,龙子湖校区,口味:3.8 环境:3.8 服务:3.8,12,1,1,7,对翅_黄金鸡肉棒_脆皮淀粉肠_劲脆鸡米花_解腻酸梅汤_中国鸡腿堡_香酥鸡柳卷饼_手工大面筋_青椒猪肉串_甜辣年年糕,,
k6JEf7lxN2IAbRub,绿色炸串(星海花园店),Unknown,False,D:无证据,,Unknown,False,D:无证据,,Unknown,False,D:无证据,,Unknown,False,D:无证据,,Unknown,False,D:无证据,,Unknown,D,上街区,上街区,口味:3.6 环境:3.6 服务:3.6,7,,,0,超级土豆片_粉丝汤,,
G6XIZt2SZwYojfhX,惠美炸鸡(城东路店),Unknown,False,D:无证据,,整鸡/大单品,True,A:菜品直接证据,大鸡;鸡腿;鸡米花,Unknown,False,D:无证据,,原味+甜辣+酸甜,True,A:菜品直接证据,原味;芝士;蜜柚,含团购,False,B:团购字段,1,<10,A,中牟县,中牟大厦,口味:3.7 环境:3.7 服务:3.7,49,,1,0,桑葚果汁_卡布基诺_原味咖啡_哈密瓜汁_美年达葡萄味_蜜柚鲜榨汁_柠檬水_惠美手枪腿_惠美全家桶_黄金芝士棒,,
k5rzqgJin2JjXLsD,麦恋堡炸鸡,Unknown,False,D:无证据,,鸡腿+鸡架/锁骨/叉骨,True,A:菜品直接证据,鸡腿;叉骨,Unknown,False,D:无证据,,Unknown,False,D:无证据,,含外卖,False,B:外卖字段,1,15-20,A,管城回族区,橡树玫瑰城,,,1,,0,雪花鸡腿_麦鸡腿堡_牛肉堡_小叉骨_大叉骨,,
k1HGzRuu7Q2Gsppa,玛吉奈韩式炸鸡,韩式,False,A:菜品直接证据,韩式,鸡翅+鸡块/鸡米花/鸡柳,True,A:菜品直接证据,翅根;鸡柳,Unknown,False,D:无证据,,香辣+甜辣,True,A:菜品直接证据,香辣;甜辣,Unknown,False,D:无证据,,20-30,A,登封市,登封市,,,,,0,甜辣炸鸡_香煎脆骨饼_藤椒香辣翅根_特惠韩式炸鸡_烈焰炸鸡火鸡面_九种口味炸鸡_海苔鸡柳_雪花芝士翅根_藤椒香辣翅尖,,
l4BgT4V4Yyp66pSa,烤面筋公社,Unknown,False,D:无证据,,Unknown,False,D:无证据,,Unknown,False,D:无证据,,Unknown,False,D:无证据,,含外卖,False,B:外卖字段,1,10-15,A,管城回族区,黄河科技大学城,口味:3.6 环境:3.6 服务:3.6,3,1,,0,,,
laGh7AohLeRYYq4J,清真星辰炸鸡屋·汉堡披萨(福民路店),韩式,True,A:菜品直接证据,韩式;原味鸡,鸡腿+鸡排+鸡块/鸡米花/鸡柳,True,A:菜品直接证据,鸡腿;鸡排;鸡块,裹粉炸,True,A:菜品直接证据,脆皮;鲜活,原味+甜辣+黑胡椒+酱香+酸甜,True,A:菜品直接证据,原味;蜂蜜;黑椒;奥尔良;蜜柚,含外卖,False,B:外卖字段,1,15-20,A,荥阳市,荥阳市,口味:3.4 环境:3.4 服务:3.4,1,1,,0,奥尔良鸡肉披萨_黑椒牛肉披萨_多汁嫩牛烤肠_鲜活芒果汁_经典原味鸡块_爆浆芝士夹心鸡排_经典炸鸡腿_骨肉相连串串_雪花脆鸡排_甘梅地瓜条,,
k4lKmUCmL1XvOqQ3,凯尚达风味炸鸡(中山路店),美式/西式,False,C:品牌映射,brand:凯尚达,鸡排,False,C:品牌映射,brand:凯尚达,裹粉炸,False,C:品牌映射,brand:凯尚达,原味,False,C:品牌映射,brand:凯尚达,档口/摊位,False,C:品牌映射,brand:凯尚达,Unknown,D,荥阳市,荥阳市,口味:3.4 环境:3.4 服务:3.4,1,,,0,,,
FgagEMQ6fb5Q1u7Z,韩味乐·炸鸡社,韩式,False,C:店名推断,韩味,Unknown,False,D:无证据,,Unknown,False,D:无证据,,Unknown,False,D:无证据,,Unknown,False,D:无证据,,Unknown,D,管城回族区,康桥商务广场,,,,,0,,,
kaweHcMzin0ymJ2U,姬富贵中式炸鸡,中式,False,C:店名推断,中式炸鸡,Unknown,False,D:无证据,,Unknown,False,D:无证据,,蒜香,False,A:菜品直接证据,蒜香,堂食+外卖+团购,False,B:多字段组合,外卖:1/团购:1,15-20,A,管城回族区,康桥商务广场,口味:3.6 环境:3.6 服务:3.6,,1,1,0,招牌鸡炸爪莲藕片_去骨炸鸡_富贵鸡_五香鸡拼蔬菜_蒜香富贵鸡_荣华富贵鸡_五香富贵鸡_蒜香鸡拼蔬菜_富贵鸡拼蔬菜,,
G66vtE563YOo8fCO,拳鸡手·炸鸡综合商店,Unknown,False,D:无证据,,鸡块/鸡米花/鸡柳,False,A:菜品直接证据,鸡块,Unknown,False,D:无证据,,Unknown,False,D:无证据,,含外卖,False,B:外卖字段,1,Unknown,D,管城回族区,康桥商务广场,,2,1,,0,无骨鸡块,,
EM2cRxVCnWUQ5dYz,临榆炸鸡腿(巩义市郑州城建职业学院店),中式,False,C:品牌映射,brand:临榆,鸡腿,True,"C:店名推断(修正,优先于品牌映射)",brand:临榆,腌炸,False,C:品牌映射,brand:临榆,原味,False,C:品牌映射,brand:临榆,档口/摊位,False,C:品牌映射,brand:临榆,Unknown,D,巩义市,巩义市,,,,,0,炸全翅_脆皮手枪腿_黄金鸡叉骨_香骨鸡_黄金薯球,鸡排,brand_product_conflict
G6QMCsrLMLvrdId8,南南炸鸡炸串,Unknown,False,D:无证据,,Unknown,False,D:无证据,,Unknown,False,D:无证据,,Unknown,False,D:无证据,,Unknown,False,D:无证据,,Unknown,D,巩义市,巩义市,,,,,0,,,
k5GsjZEpe9FUyF0y,老北京炸鸡(官庄路店),Unknown,False,D:无证据,,Unknown,False,D:无证据,,Unknown,False,D:无证据,,Unknown,False,D:无证据,,Unknown,False,D:无证据,,10-15,A,巩义市,巩义市,,,,,0,,,
k5Guu7EA0c5iOpiz,溱小满,Unknown,False,D:无证据,,Unknown,False,D:无证据,,Unknown,False,D:无证据,,Unknown,False,D:无证据,,Unknown,False,D:无证据,,Unknown,D,新密市,新密市,,,,,0,,,
k89le3nI3iM5mmtr,祥瑞酥炸鸡炸鱼,Unknown,False,D:无证据,,Unknown,False,D:无证据,,裹粉炸,False,C:店名推断,酥炸,Unknown,False,D:无证据,,Unknown,False,D:无证据,,Unknown,D,惠济区,惠济区,,,,,0,,,
l5K4z0HURpYxbXeC,烤状元炸串拌饼,Unknown,False,D:无证据,,Unknown,False,D:无证据,,Unknown,False,D:无证据,,Unknown,False,D:无证据,,Unknown,False,D:无证据,,Unknown,D,惠济区,惠济区,,,,,0,,,
l4VXoppPBfXI70XL,炸鸡,Unknown,False,D:无证据,,Unknown,False,D:无证据,,Unknown,False,D:无证据,,Unknown,False,D:无证据,,Unknown,False,D:无证据,,Unknown,D,惠济区,惠济区,,,,,0,,,
H1HU2GxfjbNuu2yW,中国炸鸡·开花鸡腿,中式,False,C:店名推断,中国炸鸡,鸡腿,False,C:店名推断,鸡腿,Unknown,False,D:无证据,,Unknown,False,D:无证据,,Unknown,False,D:无证据,,Unknown,D,上街区,廿峡线,,,,,0,,,
l6nymYyRLLoUL9Ap,正新鸡排·炸鸡烧烤(上街亚星广场店),美式/西式,False,C:品牌映射,brand:正新,整鸡/大单品+鸡翅+鸡排,True,C:品牌映射,brand:正新,裹粉炸,False,C:品牌映射,brand:正新,原味+香辣,True,C:品牌映射,brand:正新,档口/摊位,False,C:品牌映射,brand:正新,<10,A,上街区,廿峡线,口味:3.4 环境:3.4 服务:3.4,1,1,1,0,中国鸡排汉堡_正新大烤肠_原味大鸡排_金锤翅根_大鸡肉串_香辣鸡排套,,
H9fmPM6hGRX64lbe,老味道炸鱼,中式,False,C:店名推断,老味道,Unknown,False,D:无证据,,Unknown,False,D:无证据,,原味,False,A:菜品直接证据,香酥,含外卖,False,B:外卖字段,1,Unknown,D,金水区,建文新世界,,,1,,0,香酥花鲢块,,
H3G7FZHUnnaOeOPT,叫了只炸鸡,中式,False,C:品牌映射,brand:叫了只,整鸡/大单品,False,C:品牌映射,brand:叫了只,生炸/现炸,False,C:品牌映射,brand:叫了只,原味+甜辣,True,C:品牌映射,brand:叫了只,外卖型,False,C:品牌映射,brand:叫了只,20-30,A,荥阳市,建业购物广场,,,1,1,0,琥珀酱_香酥翅根,,
k4ErB84rTj7hXICo,鸡柳大人(郑州正弘城店),中式,False,C:品牌映射,brand:鸡柳大人,鸡块/鸡米花/鸡柳,False,C:品牌映射,brand:鸡柳大人,生炸/现炸,False,C:品牌映射,brand:鸡柳大人,椒盐,False,C:品牌映射,brand:鸡柳大人,档口/摊位,False,C:品牌映射,brand:鸡柳大人,15-20,A,金水区,建业凯旋广场,口味:4.0 环境:4.0 服务:4.0,8,1,1,38,鸡柳薯条年糕三合一_空气年糕,,
k8kCITKbZJXsenKD,卤山川炸串(郑州正弘城店),中式,False,A:菜品直接证据,中式炸鸡,整鸡/大单品+鸡腿+鸡块/鸡米花/鸡柳,True,A:菜品直接证据,全鸡;鸡腿;鸡排;鸡叉骨;鸡柳,生炸/现炸,True,A:菜品直接证据,生炸;卤炸,Unknown,False,D:无证据,,含团购,False,B:团购字段,1,20-30,A,金水区,建业凯旋广场,口味:4.4 环境:4.3 服务:4.4,91,,1,2,黄金大里脊_今晚吃全鸡_山川烧饼夹里脊鸡蛋_卤炸嗨鸭脖_豪华里脊酥皮汉堡_生炸大鸡柳_中式炸鸡桶_生炸大鸡腿_串串总动员_云南锅巴土豆,,
k4yZOIGhgSuCr1Wb,糕香四溢坊,Unknown,False,D:无证据,,Unknown,False,D:无证据,,Unknown,False,D:无证据,,Unknown,False,D:无证据,,Unknown,False,D:无证据,,Unknown,D,新密市,新密市,,,,,0,,,
G2CuhvpRcQGPuvlI,周土土炸鸡(荥阳店),Unknown,False,D:无证据,,鸡腿+鸡架/锁骨/叉骨+鸡块/鸡米花/鸡柳,True,A:菜品直接证据,鸡腿;鸡叉骨;鸡柳,Unknown,False,D:无证据,,Unknown,False,D:无证据,,堂食+外卖+团购,False,B:多字段组合,外卖:1/团购:1,<10,A,荥阳市,建业购物广场,口味:3.5 环境:3.5 服务:3.5,,1,1,0,稻谷鲜鸡腿肉_炸鸡腿_炸鸡柳_秘制鸡叉骨,,
k5iJeg2tm8lCQcsT,福味源炸鸡店,Unknown,False,D:无证据,,Unknown,False,D:无证据,,Unknown,False,D:无证据,,Unknown,False,D:无证据,,Unknown,False,D:无证据,,Unknown,D,巩义市,巩义市,,,,,0,,,
l1Pg6nltogDYb6yg,韩磊东北大碗麻辣烫·炸串(建业桂圆店),地方特色,False,A:菜品直接证据,东北,Unknown,False,D:无证据,,Unknown,False,D:无证据,,香辣,False,A:菜品直接证据,麻辣,堂食+外卖+团购,False,B:多字段组合,外卖:1/团购:1,15-20,A,金水区,建业路/英协花园,,,1,1,0,东北黏糊麻辣烫_东北全菜麻辣烫_东北干汁麻辣烫_炸鱼豆腐串_东北炸菜卷_东北特色炸年糕,,
H4JghW5VvTO1N2M9,333 Hotdog美式热狗·汉堡·炸鸡(油化厂店),美式/西式,False,A:菜品直接证据,美式,鸡块/鸡米花/鸡柳,False,A:菜品直接证据,鸡米花,Unknown,False,D:无证据,,原味+香辣+甜辣+酸甜,True,A:菜品直接证据,经典;辣椒;芝士;黑椒;菠萝,堂食+外卖+团购,False,B:多字段组合,外卖:1/团购:1,20-30,A,中原区,月季公园,口味:4.2 环境:4.2 服务:4.3,276,1,1,0,经典美式_奶香拉丝玉米热狗_道奇辣椒酱虾仁热狗_劲脆鸡米花_青柠可乐_美式热辣炸鸡_菠萝冷萃咖啡_挪威森林海苔肉松热狗_瀑布芝士虾仁_美式红薯条,,
k7lH3QJuBsxNO2x4,工人路炸鸡(油化厂店),Unknown,False,D:无证据,,鸡腿+鸡翅+鸡块/鸡米花/鸡柳,True,A:菜品直接证据,鸡腿;鸡翅;鸡柳,Unknown,False,D:无证据,,原味,False,A:菜品直接证据,经典,含团购,False,B:团购字段,1,20-30,A,中原区,月季公园,口味:3.6 环境:3.7 服务:3.6,9,,1,0,炸鸡柳_黄金琵琶腿_招牌炸鸡腿_经典炸鸡翅_炸鸡翅根,,
Ha7z1zpIMEBgd8re,黎太院韩式炸鸡(曼哈顿店),韩式,False,C:品牌映射,brand:黎太院,鸡翅+鸡块/鸡米花/鸡柳,True,C:品牌映射,brand:黎太院,裹粉炸,False,C:品牌映射,brand:黎太院,甜辣,False,C:品牌映射,brand:黎太院,堂食+外带,False,C:品牌映射,brand:黎太院,20-30,A,金水区,曼哈顿广场/英协路,口味:3.8 环境:3.7 服务:3.8,50,1,1,0,炸无骨鸡柳_招牌鸡米花_嫩脆小翅根_脆皮淀粉香肠_酥酥糯糯年糕_爆辣韩式火鸡面_爆辣韩式火鸡面酥酥糯糯年糕_香辣萝卜干,,
l4R7RYYkf3jTiE9W,好滋味炸鸡炸鱼(盛润锦绣城店),Unknown,False,D:无证据,,鸡腿,True,A:菜品直接证据,鸡腿;鸡翅;叉骨;鸡柳,Unknown,False,D:无证据,,Unknown,False,D:无证据,,Unknown,False,D:无证据,,Unknown,D,中原区,月季公园,口味:3.7 环境:3.5 服务:3.5,8,,,0,炸带鱼,,
HaCiH07nOgkKHQET,新疆艾力羊肉串烧烤店,地方特色,False,C:店名推断,新疆,Unknown,False,D:无证据,,Unknown,False,D:无证据,,Unknown,False,D:无证据,,堂食+外卖+团购,False,B:多字段组合,外卖:1/团购:1,30-50,A,金水区,曼哈顿广场/英协路,口味:3.5 环境:3.5 服务:3.5,5,1,1,0,腰子_羊肉串_馕饼_烤素串_青岛_架子肉_过油肉拌面_崂山啤酒_大羊排,,
G3t3xf94CvvMVNJC,小马炸鸡(升龙天汇10号院店),中式,False,C:品牌映射,brand:小马,鸡腿,False,C:品牌映射,brand:小马,生炸/现炸,False,C:品牌映射,brand:小马,原味,False,C:品牌映射,brand:小马,档口/摊位,False,C:品牌映射,brand:小马,15-20,A,中原区,月季公园,口味:3.5 环境:3.6 服务:3.6,2,,,0,,,
l5CzvB11yJ9OAWyx,香当赞酱拌炸鸡(油化厂创意园店),地方特色,False,A:菜品直接证据,川式,鸡腿+鸡翅+鸡排+鸡架/锁骨/叉骨+鸡块/鸡米花/鸡柳,True,A:菜品直接证据,鸡腿;翅根;鸡排;鸡叉骨;鸡块,裹粉炸,False,A:菜品直接证据,脆皮,香辣+酸甜,True,A:菜品直接证据,麻辣;糖醋,堂食+外卖+团购,False,B:多字段组合,外卖:1/团购:1,15-20,A,中原区,月季公园,口味:3.6 环境:3.6 服务:3.6,7,1,1,0,黄金无骨鸡块_糖醋麻辣酱拌炸鸡_香脆鸡排堡_鸿运无骨鸡柳_如意鸡叉骨_霸王大里脊_川式鲜藤椒酱拌炸鸡_脆皮开花鸡腿_金牌大翅根_脆皮薯条,,
kaPYwTWTt1kiDw75,蒜香炸鸡,Unknown,False,D:无证据,,Unknown,False,D:无证据,,Unknown,False,D:无证据,,蒜香,False,C:店名推断,蒜香,Unknown,False,D:无证据,,Unknown,D,中原区,月季公园,,,,,0,,,
H1vJGaS4rmDfV33R,周飞飞怪味鸡(恒星·皇家花园店),中式,True,A:菜品直接证据,香酥鸡;双拼,整鸡/大单品,True,A:菜品直接证据,香酥鸡;鸡叉骨;鸡块,Unknown,False,D:无证据,,原味,True,A:菜品直接证据,香酥;黑椒,堂食+外卖+团购,False,B:多字段组合,外卖:1/团购:1,20-30,A,巩义市,成功学院,口味:4.1 环境:4.1 服务:4.1,22,1,1,0,小叉骨,,
l6qmcMPtQXMuZiJx,来禧炸串(恒星·皇家花园店),Unknown,False,D:无证据,,鸡排,False,A:菜品直接证据,鸡排,Unknown,False,D:无证据,,Unknown,False,D:无证据,,堂食+外卖+团购,False,B:多字段组合,外卖:1/团购:1,10-15,A,巩义市,成功学院,口味:3.4 环境:3.4 服务:3.4,2,1,1,0,鱼豆_小鸡排_卷心菜_素鸡卷,,
k1zSmyYPHO0FbxWE,叫了只炸鸡(新兴家园店),中式,False,C:品牌映射,brand:叫了只,整鸡/大单品+鸡翅+鸡排,True,C:品牌映射,brand:叫了只,生炸/现炸,False,C:品牌映射,brand:叫了只,甜辣+酸甜,True,C:品牌映射,brand:叫了只,外卖型,False,C:品牌映射,brand:叫了只,20-30,A,巩义市,成功学院,口味:3.5 环境:3.5 服务:3.5,2,1,,0,柔情鸡排_芝士拉丝热狗棒_鸡翅包饭_鸡肉_少量粗薯条_版年糕条_香芋派_红豆派_菠萝派_巴士烤鸡,,
l8h1s6xLbGumhz9r,王炸炸鸡店,Unknown,False,D:无证据,,Unknown,False,D:无证据,,Unknown,False,D:无证据,,Unknown,False,D:无证据,,含团购,False,B:团购字段,1,<10,A,巩义市,成功学院,,1,,1,0,,,
G9G3DYS2o7G5Yq3h,江南炸鸡,Unknown,False,D:无证据,,鸡腿+鸡排+鸡架/锁骨/叉骨+鸡块/鸡米花/鸡柳,True,A:菜品直接证据,鸡腿;鸡排;鸡叉骨;鸡柳,Unknown,False,D:无证据,,香辣,False,A:菜品直接证据,香辣,含团购,False,B:团购字段,1,<10,A,巩义市,成功学院,口味:3.4 环境:3.4 服务:3.4,2,,1,0,香辣小鱼_美味河虾_美味炸鸡腿_大脸鸡排_鸡柳夹饼_销魂鸡_招牌鸡叉骨_美味炸鸡柳,,
k3aWZbFDE0CcapZr,乐维宵夜(新兴路店),Unknown,False,D:无证据,,整鸡/大单品,True,A:菜品直接证据,烤鸡;鸡爪,烤炸复合,False,A:菜品直接证据,烤鸡,香辣,False,A:菜品直接证据,麻辣,含团购,False,B:团购字段,1,30-50,A,巩义市,成功学院,口味:3.8 环境:3.8 服务:3.8,70,,1,0,烤生蚝_酸菜肥牛锅_小鸡炖蘑菇_凉拌娃娃菜_黄瓜变蛋_玫瑰冰粉_小鱼花生_酸汤_烤猪蹄_炒饼丝,,
la2GnaaUITR11GSH,中式炸鸡(芝田店),中式,True,A:菜品直接证据,香酥鸡;东北,整鸡/大单品+鸡腿+鸡排+鸡架/锁骨/叉骨+鸡脖/其他部位,True,A:菜品直接证据,全鸡;鸡腿;鸡排;鸡架;鸡柳;鸡皮,裹粉炸,True,A:菜品直接证据,脆皮;生炸,原味,False,A:菜品直接证据,香酥,含团购,False,B:团购字段,1,<10,A,巩义市,巩义市,,,,1,0,香酥鸡皮_香骨开花腿_脆皮全鸡_招牌手枪腿_爆汁小鸡腿_东北大鸡架_大脸鸡排,,
GaHkR38cS1LpMBKv,张瑞酥炸鸡炸鱼,Unknown,False,D:无证据,,Unknown,False,D:无证据,,裹粉炸,False,C:店名推断,酥炸,Unknown,False,D:无证据,,Unknown,False,D:无证据,,Unknown,D,巩义市,巩义市,,,,,0,,,
H7vBMtnlwF6iOR9B,咖喱鸡肉夹饼(新世界百货店),Unknown,False,D:无证据,,Unknown,False,D:无证据,,Unknown,False,D:无证据,,Unknown,False,D:无证据,,含外卖,False,B:外卖字段,1,10-15,A,管城回族区,新世界百货,口味:3.8 环境:3.8 服务:3.8,7,1,,0,咖喱鸡肉夹饼_咖喱鸡肉片_伊利优酸乳_老汽水_娃哈哈AD钙奶_百事可乐细长罐_冰红茶盒装_香芋地瓜丸_花花牛酸梅汤,,
l2oKkZKhAdObRCCz,克罗克汉堡炸鸡(城北路店),Unknown,False,D:无证据,,整鸡/大单品+鸡翅+鸡排+鸡块/鸡米花/鸡柳,True,A:菜品直接证据,全鸡;鸡腿;鸡翅;鸡排;鸡米花,裹粉炸,True,A:菜品直接证据,脆皮;烤鸡,香辣+孜然+黑胡椒+酱香,True,A:菜品直接证据,香辣;孜然;黑椒;照烧,堂食+外卖+团购,False,B:多字段组合,外卖:1/团购:1,15-20,A,管城回族区,新世界百货,口味:4.0 环境:4.0 服务:4.0,30,1,1,0,奥尔良烤翅_香辣孜然粉_川香鸡柳_热果汁_脆皮炸全鸡_奥尔烤鸡翅_黑椒炸鸡饭_奶茶_双鸡堡_鸡排,,
H4DAsOdHuNwRU30W,延庆观炸鸡(行云路店),中式,False,C:品牌映射,brand:延庆观,鸡翅+鸡架/锁骨/叉骨+鸡块/鸡米花/鸡柳+鸡脖/其他部位,True,C:品牌映射,brand:延庆观,卤炸,False,C:品牌映射,brand:延庆观,原味+蒜香+椒盐+酸甜,True,C:品牌映射,brand:延庆观,档口/摊位,False,C:品牌映射,brand:延庆观,20-30,A,二七区,长江中路沿线,口味:4.0 环境:3.9 服务:3.9,87,1,1,0,延庆观炸鸡皮_延庆观鸡米花_香酥牙签肉_米皮凉皮两掺_芝麻饼_茶鸡蛋_蒜香散粉_椒盐撒粉_甘梅粉_鸡米花和翅根两掺拼盘,,
G93ff1c90T6PgIhl,电烤鸡排,Unknown,False,D:无证据,,整鸡/大单品+鸡腿+鸡排+鸡脖/其他部位,True,A:菜品直接证据,烤鸡;大腿;鸡排;鸡脖,烤炸复合,False,A:菜品直接证据,烤鸡,Unknown,False,D:无证据,,含团购,False,B:团购字段,1,Unknown,D,中原区,锦艺城/王府井,,,,1,0,电烤鸡脖_电烤鸡排_鸡大腿,,
H28KMZ9YubW4LQeS,鸡柳王子店,Unknown,False,D:无证据,,鸡块/鸡米花/鸡柳,False,C:店名推断,鸡柳,Unknown,False,D:无证据,,Unknown,False,D:无证据,,含外卖,False,B:外卖字段,1,Unknown,D,中原区,锦艺城/王府井,,,1,,0,,,
k7r0cLgWkMVcYXrD,bigdakk芝士炸鸡BidDakk芝士炸鸡,韩式,False,C:店名推断,芝士炸鸡,Unknown,False,D:无证据,,Unknown,False,D:无证据,,甜辣,False,C:店名推断,芝士,含外卖,False,B:外卖字段,1,Unknown,D,中原区,锦艺城/王府井,,1,1,,0,,,
H9ymYmWvf1nliznn,麻辣豆腐·包菜串,Unknown,False,D:无证据,,Unknown,False,D:无证据,,Unknown,False,D:无证据,,香辣,False,C:店名推断,麻辣,Unknown,False,D:无证据,,Unknown,D,二七区,长城康桥华城,,,,,0,,,
k6z9ei5ATQIhfiGs,多美士炸鸡汉堡(博颂路店),美式/西式,False,C:品牌映射,brand:多美士,鸡翅+鸡块/鸡米花/鸡柳,True,C:品牌映射,brand:多美士,裹粉炸,False,C:品牌映射,brand:多美士,香辣+甜辣+黑胡椒+酸甜,True,C:品牌映射,brand:多美士,外卖型,False,C:品牌映射,brand:多美士,20-30,A,惠济区,惠济区,口味:3.5 环境:3.5 服务:3.5,35,1,1,0,藤椒翅尖_泰式培根双椒芝士牛肉堡_德式黑椒纯肉肠_竹炭芝士牛肉堡_黑金菠萝芝士牛肉堡_真香翅盒_纯肉鸡米花_鸡牛同堡大满贯_柠香雪碧_葡萄冻冻,,
k3WjHDyR5jkcsRrO,炸鸡先生,Unknown,False,D:无证据,,Unknown,False,D:无证据,,Unknown,False,D:无证据,,Unknown,False,D:无证据,,Unknown,False,D:无证据,,15-20,A,新密市,新密市,,,,,0,,,
k1mSiG8ss9lwndx1,兔子家美味小食铺,Unknown,False,D:无证据,,Unknown,False,D:无证据,,Unknown,False,D:无证据,,Unknown,False,D:无证据,,Unknown,False,D:无证据,,Unknown,D,中原区,锦艺城/王府井,,,,,0,,,
H19wM0c9iSaqz3JS,松松炸鸡,Unknown,False,D:无证据,,Unknown,False,D:无证据,,Unknown,False,D:无证据,,Unknown,False,D:无证据,,Unknown,False,D:无证据,,Unknown,D,金水区,金水万达/蓝堡湾,,,,,0,,,
k18WZl6K604EE2Ub,HanBang韩式炸鸡·火鸡面(正弘城店),韩式,False,C:品牌映射,brand:HanBang,鸡块/鸡米花/鸡柳,False,C:品牌映射,brand:HanBang,裹粉炸,False,C:品牌映射,brand:HanBang,甜辣,False,C:品牌映射,brand:HanBang,外卖型,False,C:品牌映射,brand:HanBang,15-20,A,金水区,金水万达/蓝堡湾,,,1,,0,,,
Ece3sthK3yE12Nst,庆丰炸鸡,Unknown,False,D:无证据,,鸡腿,False,A:菜品直接证据,琵琶腿,Unknown,False,D:无证据,,Unknown,False,D:无证据,,堂食+外卖+团购,False,B:多字段组合,外卖:1/团购:1,<10,A,二七区,鑫苑鑫都汇,,,1,1,0,大琵琶腿,,
H1Y3Mgv4mv698Ojs,柒喔喔韩式炸鸡,韩式,False,C:店名推断,韩式,Unknown,False,D:无证据,,Unknown,False,D:无证据,,Unknown,False,D:无证据,,含外卖,False,B:外卖字段,1,Unknown,D,二七区,鑫苑鑫都汇,,,1,,0,,,
l2c2M0pOF7DkTid3,卢小妮深海炸鱼生炸鸡架,中式,False,A:菜品直接证据,香酥鸡,整鸡/大单品+鸡腿+鸡排+鸡架/锁骨/叉骨+鸡块/鸡米花/鸡柳,True,A:菜品直接证据,大鸡;鸡腿;鸡排;鸡架;鸡柳,裹粉炸,True,A:菜品直接证据,脆皮;生炸,原味,False,A:菜品直接证据,香酥,堂食+外卖+团购,False,B:多字段组合,外卖:1/团购:1,10-15,A,二七区,郑铁体育中心,口味:3.7 环境:3.6 服务:3.6,1,1,1,0,生炸鸡柳_生炸鸡叉骨_炸大虾_炸带鱼_香酥炸鸡排_生炸鸡架_炸扒皮鱼_香酥鸡排_香酥大鸡腿_脆皮淀粉肠,,
l7ri0OcgpxvhDCHv,7七烧烤(永安街店),Unknown,False,D:无证据,,Unknown,False,D:无证据,,Unknown,False,D:无证据,,Unknown,False,D:无证据,,含团购,False,B:团购字段,1,Unknown,D,二七区,郑铁体育中心,,,,1,0,炒虾尾_精品炒鸡,,
H7VGtxa399aMwcRz,桂林鲜肉炸串,Unknown,False,D:无证据,,Unknown,False,D:无证据,,Unknown,False,D:无证据,,Unknown,False,D:无证据,,含团购,False,B:团购字段,1,Unknown,D,二七区,郑铁体育中心,,,,1,0,,,
l1kTv0mKhNqM5qFf,柴家德1998生炸鸡架,Unknown,False,D:无证据,,鸡架/锁骨/叉骨,False,C:店名推断,鸡架,生炸/现炸,False,C:店名推断,生炸,Unknown,False,D:无证据,,Unknown,False,D:无证据,,Unknown,D,金水区,金水区,,,,,0,,,
G6dyaaZd8OdkxUb5,熊家无二·韩式炸鸡(锦艺城店),韩式,False,C:品牌映射,brand:熊家,鸡翅,False,C:品牌映射,brand:熊家,裹粉炸,False,C:品牌映射,brand:熊家,甜辣,False,C:品牌映射,brand:熊家,外卖型,False,C:品牌映射,brand:熊家,15-20,A,中原区,锦艺城/王府井,,,,,0,,,
l9O1uTpdK7nRPXZI,鸡柳大人(锦艺城店),中式,False,C:品牌映射,brand:鸡柳大人,整鸡/大单品+鸡腿+鸡架/锁骨/叉骨+鸡块/鸡米花/鸡柳,True,C:品牌映射,brand:鸡柳大人,生炸/现炸,False,C:品牌映射,brand:鸡柳大人,原味+蒜香+酱香,True,C:品牌映射,brand:鸡柳大人,档口/摊位,False,C:品牌映射,brand:鸡柳大人,15-20,A,中原区,锦艺城/王府井,口味:3.4 环境:3.4 服务:3.4,2,1,1,38,鸡柳薯条年糕三合一_蜜汁鸡锁骨_香骨鸡_掌中宝_蒜香排骨_香酥鸡烤饼_香酥鸡柳_冰粉_开花大香肠_爆汁鸡腿,,
HatVaTXnlo4x8mrt,炸鸡臭豆腐,Unknown,False,D:无证据,,Unknown,False,D:无证据,,Unknown,False,D:无证据,,Unknown,False,D:无证据,,Unknown,False,D:无证据,,Unknown,D,上街区,铝城公园,,,,,0,,,
G6ZTmmNDJ4MkEFfD,鸡柳大人(亚星步行街店),中式,False,C:品牌映射,brand:鸡柳大人,整鸡/大单品+鸡翅+鸡架/锁骨/叉骨+鸡块/鸡米花/鸡柳,True,C:品牌映射,brand:鸡柳大人,生炸/现炸,False,C:品牌映射,brand:鸡柳大人,原味+蒜香+酱香,True,C:品牌映射,brand:鸡柳大人,档口/摊位,False,C:品牌映射,brand:鸡柳大人,<10,A,上街区,铝城公园,口味:3.4 环境:3.4 服务:3.4,1,1,1,0,冰粉_开花大香肠_香酥鸡烤饼_脆皮年糕_香骨鸡_黄金鸡翅尖_香酥鸡柳_蒜香排骨_掌中宝_蜜汁鸡锁骨,,
G4oCMLwxX9SiexfO,恩施宋鸭子锦艺城,Unknown,False,D:无证据,,Unknown,False,D:无证据,,Unknown,False,D:无证据,,Unknown,False,D:无证据,,含外卖,False,B:外卖字段,1,Unknown,D,中原区,锦艺城/王府井,,,1,,0,,,
k4uTjnS35q5AwQV8,阿堡仔炸鸡汉堡,Unknown,False,D:无证据,,Unknown,False,D:无证据,,Unknown,False,D:无证据,,Unknown,False,D:无证据,,含外卖,False,B:外卖字段,1,10-15,A,二七区,鑫苑鑫都汇,,,1,,0,,,
G2jIB24MmnudxByl,BIG!FACE大脸鸡排,Unknown,False,D:无证据,,鸡块/鸡米花/鸡柳,False,A:菜品直接证据,鸡块,Unknown,False,D:无证据,,香辣+黑胡椒,True,A:菜品直接证据,香辣;黑椒,含外卖,False,B:外卖字段,1,10-15,A,惠济区,惠济区,口味:3.5 环境:3.5 服务:3.5,5,1,,0,黑椒鸡块_香辣小腿,,
k57d2VVw2M0MD3SE,口水鸡排(榆花苑店),中式,False,C:品牌映射,brand:口水,鸡腿+鸡排+鸡块/鸡米花/鸡柳,True,C:品牌映射,brand:口水,生炸/现炸,False,C:品牌映射,brand:口水,香辣+甜辣+黑胡椒,True,C:品牌映射,brand:口水,档口/摊位,False,C:品牌映射,brand:口水,20-30,A,惠济区,惠济区,,12,1,1,5,黄金芝士炸鸡大份_鸿运年糕排_韩式年糕_脆皮薯条_香辣鸡腿堡_招牌韩式炸鸡_黑椒鸡块_香辣鸡排堡_柠檬红茶_椰果奶茶,,
k2SsyB3YG7XxSCe7,申向国鸡柳卷饼(金杯北路店),中式,False,C:品牌映射,brand:申向国,鸡块/鸡米花/鸡柳,False,C:品牌映射,brand:申向国,生炸/现炸,False,C:品牌映射,brand:申向国,原味,False,C:品牌映射,brand:申向国,档口/摊位,False,C:品牌映射,brand:申向国,10-15,A,惠济区,惠济区,口味:3.5 环境:3.5 服务:3.5,2,1,,0,,,
G3dQN6MEZzLxFvnw,刘婉婉生炸妙龄鸡(丰乐店),中式,False,C:品牌映射,brand:刘婉婉,鸡腿+鸡翅+鸡架/锁骨/叉骨+鸡块/鸡米花/鸡柳+鸡脖/其他部位,True,C:品牌映射,brand:刘婉婉,生炸/现炸,False,C:品牌映射,brand:刘婉婉,原味,False,C:品牌映射,brand:刘婉婉,档口/摊位,False,C:品牌映射,brand:刘婉婉,10-15,A,惠济区,惠济区,口味:3.8 环境:3.9 服务:3.8,45,1,1,12,鸡背肉_无骨上腿肉_叉骨_黄金鸡柳_称重无骨鸡腿肉_鸡全翅_爆汁小鸡腿_称重炸鸡龙骨脆_称重炸鸡脖_称重炸鸡胗,,
H8msJbsjYjL1WQTt,祥瑞酥炸鸡炸鱼(毛庄小区二号院店),Unknown,False,D:无证据,,Unknown,False,D:无证据,,裹粉炸,False,C:店名推断,酥炸,Unknown,False,D:无证据,,Unknown,False,D:无证据,,Unknown,D,惠济区,惠济区,,1,,,0,,,
iGwgYKF8LhAYDNPp,真鱿味(民安北郡店),地方特色,False,A:菜品直接证据,长沙,整鸡/大单品+鸡翅+鸡排+鸡脖/其他部位,True,A:菜品直接证据,大鸡;鸡翅;鸡排;鸡柳;鸡心,烤炸复合,False,A:菜品直接证据,烤鸡,椒盐+酱香,True,A:菜品直接证据,椒盐;奥尔良,堂食+外卖+团购,False,B:多字段组合,外卖:1/团购:1,10-15,A,惠济区,惠济区,口味:3.6 环境:3.6 服务:3.6,21,1,1,0,椒盐豆腐_鲜嫩香菇_爽口生菜_香脆土豆片_骨肉相连_奥尔良鸡翅_美味青椒_轰炸大鸡排_飘香西葫芦_串烤鸡心,,
kaks2fLgo2iKx2Nd,好美味炸鸡(珠江荣景店),Unknown,False,D:无证据,,鸡腿+鸡块/鸡米花/鸡柳,True,A:菜品直接证据,鸡腿;翅根;鸡块,裹粉炸,False,A:菜品直接证据,脆皮,原味+黑胡椒,True,A:菜品直接证据,原味;香辣;黑椒,Unknown,False,D:无证据,,15-20,A,惠济区,惠济区,口味:3.5 环境:3.5 服务:3.5,2,,,0,蓝莓波波酸奶_原味奶茶_雀巢甜牛奶_鸡柳堡_藤椒鸡腿堡_骨肉相连_芒果慕斯_深海鳕鱼堡_黑椒鸡块_香甜玉米杯,,
kay5SkCfZ5BvQFsp,金卜卜自助烤肉炸鸡(新世界百货郑州店),Unknown,False,D:无证据,,Unknown,False,D:无证据,,Unknown,False,D:无证据,,Unknown,False,D:无证据,,堂食+外带,False,C:店名推断,自助,50+,A,管城回族区,新世界百货,口味:4.0 环境:4.0 服务:4.1,129,,1,0,,,
k7RjcUERHMT6KuUj,小晴炸鸡烤肉拌饭,Unknown,False,D:无证据,,鸡排,False,A:菜品直接证据,鸡排,Unknown,False,D:无证据,,香辣+黑胡椒,True,A:菜品直接证据,香辣;黑胡椒,堂食+外带,False,C:店名推断,烤肉,Unknown,D,新郑市,奥特莱斯/锦艺城,,,1,,0,香辣鸡排_黑胡椒肉肠,,
l6qU5hH5iHfzDDyL,脆酥香炸鸡,中式,True,A:菜品直接证据,香酥鸡;韩式,整鸡/大单品+鸡腿+鸡翅+鸡块/鸡米花/鸡柳,True,A:菜品直接证据,全鸡;鸡腿;翅中;鸡排;鸡块,Unknown,False,D:无证据,,原味+香辣+孜然+黑胡椒,True,A:菜品直接证据,香酥;香辣;孜然;黑椒;甘梅,含团购,False,B:团购字段,1,Unknown,D,上街区,孟津路,口味:3.4 环境:3.4 服务:3.4,2,,1,0,香辣鸡腿堡_鱼排堡_田园脆鸡堡_香酥鸡柳堡_沙拉炸全鸡_秘制炸全鸡_黄金脆_黑椒鸡块_孜然轰炸大鱿鱼_孜然翅中,,
k2MJuYkpnZxy8ZkA,圣意涮牛肚烧烤,Unknown,False,D:无证据,,Unknown,False,D:无证据,,Unknown,False,D:无证据,,香辣+蒜香,True,A:菜品直接证据,辣椒;蒜,Unknown,False,D:无证据,,20-30,A,上街区,孟津路,口味:3.4 环境:3.4 服务:3.4,4,,,0,五香牛肚_新农村豆皮_牛肉丸子_绿豆杂面_秘制蒜泥油_秘制辣椒油_秘制芝麻酱_滋补养生锅_韭花_安井开花丸,,
l2pqXglb84OgUMRF,汉谈炸鸡(惠济店),韩式,False,A:菜品直接证据,韩式,鸡翅+鸡块/鸡米花/鸡柳,True,A:菜品直接证据,炸鸡块;翅根;鸡块,裹粉炸,False,A:菜品直接证据,黄金芝士粉,原味+香辣+蒜香+甜辣+酱香+芥末,True,A:菜品直接证据,原味;麻辣;蒜香;甜辣;酱油;芥末,堂食+外卖+团购,False,B:多字段组合,外卖:1/团购:1,20-30,A,惠济区,惠济区,口味:4.4 环境:4.3 服务:4.3,174,1,1,0,招牌黄金芝士_无骨炸鸡块_蜂蜜芥末酱无骨鸡块_韩式麻辣炸鸡块_蒜香酱油_蒜香酱油炸鸡_黄金芝士球_黄金芝士翅根_原味无骨鸡块_黄金芝士炸鸡块,,
H8taX09lAnH3ro6c,客莱茵炸鸡汉堡饮品(金河校区店),韩式,True,A:菜品直接证据,韩式;吮指,整鸡/大单品+鸡腿+鸡翅+鸡排+鸡块/鸡米花/鸡柳,True,A:菜品直接证据,童子鸡;鸡腿;鸡翅;鸡排;鸡米花,裹粉炸,True,A:菜品直接证据,脆皮;烤翅,香辣+酱香,True,A:菜品直接证据,香辣;奥尔良,含外卖,False,B:外卖字段,1,20-30,A,惠济区,惠济区,口味:3.5 环境:3.5 服务:3.5,6,1,,0,脆皮童子鸡_老北京鸡肉卷_奥尔良鸡腿堡_奥尔良烤翅_伴鱼伴虾堡_鸿运鸡排_香辣鸡翅_香脆鸡米花_韩式炸鸡_金桔柠檬果奶,,
k6zSkWKGXKPkvKOa,乐滋客炸鸡汉堡(民安北郡2期店),Unknown,False,D:无证据,,鸡腿+鸡翅,True,A:菜品直接证据,烤鸡;鸡腿;翅根;鸡排,烤炸复合,False,A:菜品直接证据,烤鸡,香辣+酱香,True,A:菜品直接证据,香辣;黑胡椒;奥尔良;橙,含外卖,False,B:外卖字段,1,Unknown,D,惠济区,惠济区,,1,1,,0,奥尔良烤翅_蟹黄堡_香辣鸡腿堡_新七虾堡_藤椒鸡腿堡_老北京鸡肉卷_骨肉相连_香辣翅根_薯条_留香肉串,,
HaddYAc7dGCA2hic,多美士炸鸡汉堡(郑州财经学院店),美式/西式,False,C:品牌映射,brand:多美士,鸡排+鸡块/鸡米花/鸡柳,True,C:品牌映射,brand:多美士,裹粉炸,False,C:品牌映射,brand:多美士,甜辣+酸甜,True,C:品牌映射,brand:多美士,外卖型,False,C:品牌映射,brand:多美士,15-20,A,惠济区,惠济区,,,1,,0,甘梅地瓜条_鱼香肉丝饭_珍珠芝士鸡排_宫保鸡丁饭,,
G7K3vtAGPajaPYGV,长今家韩式炸鸡汉堡,韩式,False,C:店名推断,韩式,Unknown,False,D:无证据,,Unknown,False,D:无证据,,Unknown,False,D:无证据,,含外卖,False,B:外卖字段,1,Unknown,D,惠济区,惠济区,,1,1,,0,,,
H4IjYrPBHyuzKaUD,梁记炸货铺(艺茂国际仓店),Unknown,False,D:无证据,,Unknown,False,D:无证据,,Unknown,False,D:无证据,,Unknown,False,D:无证据,,含外卖,False,B:外卖字段,1,20-30,A,惠济区,惠济区,,,1,,0,炸鳕鱼排,,
jv2Rby9Rr7iHuNcE,火豹炸鸡,Unknown,False,D:无证据,,鸡架/锁骨/叉骨,False,A:菜品直接证据,鸡叉骨,Unknown,False,D:无证据,,Unknown,False,D:无证据,,堂食+外卖+团购,False,B:多字段组合,外卖:1/团购:1,<10,A,惠济区,惠济区,,1,1,1,0,精品鸡叉骨,,
H10q8XohRfZiP8n0,大叔 韩式炸鸡,韩式,False,C:店名推断,韩式,鸡腿,False,A:菜品直接证据,鸡小腿,Unknown,False,D:无证据,,Unknown,False,D:无证据,,堂食+外卖+团购,False,B:多字段组合,外卖:1/团购:1,20-30,A,巩义市,成功学院,口味:3.4 环境:3.4 服务:3.4,,1,1,0,炸笑脸薯_鸡小腿_炸香芋丸子,,
laNzmBNP41CNJVFB,花少爷炸串(正上豪布斯卡店),地方特色,False,A:菜品直接证据,东北,鸡排,True,A:菜品直接证据,鸡排;鸡柳,裹粉炸,False,A:菜品直接证据,脆皮,Unknown,False,D:无证据,,堂食+外卖+团购,False,B:多字段组合,外卖:1/团购:1,<10,A,巩义市,巩义东区,口味:3.5 环境:3.5 服务:3.5,7,1,1,0,鱿鱼须_海带片_手工面筋_川香鸡柳_黑臭豆腐_大鱿鱼_骨肉相连_果蔬串_脆皮火腿肠_鱼豆腐,,
jzjfDNLd7yz7lBiz,新纳西炸鸡汉堡,美式/西式,False,C:品牌映射,brand:新纳西,鸡排,False,C:品牌映射,brand:新纳西,裹粉炸,False,C:品牌映射,brand:新纳西,原味,False,C:品牌映射,brand:新纳西,外卖型,False,C:品牌映射,brand:新纳西,15-20,A,二七区,长江中路沿线,口味:3.5 环境:3.5 服务:3.5,3,,,0,,,
k12BE7P4GFGwnhhj,多美士炸鸡汉堡(高砦店),美式/西式,False,C:品牌映射,brand:多美士,整鸡/大单品+鸡腿+鸡翅+鸡块/鸡米花/鸡柳,True,C:品牌映射,brand:多美士,裹粉炸,False,C:品牌映射,brand:多美士,原味+香辣+孜然,True,C:品牌映射,brand:多美士,外卖型,False,C:品牌映射,brand:多美士,10-15,A,二七区,长江中路沿线,口味:3.5 环境:3.5 服务:3.5,12,1,1,0,经典鸡米花_孜然鸡柳_川香鸡柳_海苔洋葱圈_香辣大翅根_藤椒翅尖_卡通鸡块_玉米杯_脆皮鸡腿_劲脆鸡腿堡,,
iytfHyDhaBPKyGQ2,黎太院炸鸡无限自助(荥阳吾悦店),韩式,False,C:品牌映射,brand:黎太院,鸡块/鸡米花/鸡柳,False,C:品牌映射,brand:黎太院,裹粉炸,False,C:品牌映射,brand:黎太院,甜辣,False,C:品牌映射,brand:黎太院,堂食+外带,False,C:品牌映射,brand:黎太院,20-30,A,荥阳市,吾悦广场,口味:3.5 环境:4.0 服务:4.0 品种:3.8,48,,,0,韩式炸鸡,,
l3bc4U2vPpecfHVk,鸡锁骨,Unknown,False,D:无证据,,鸡架/锁骨/叉骨,False,C:店名推断,鸡锁骨,Unknown,False,D:无证据,,Unknown,False,D:无证据,,Unknown,False,D:无证据,,Unknown,D,二七区,升龙广场,,,,,0,,,
lazdHOPUjKgletFA,再湘约长沙臭豆腐,地方特色,False,C:店名推断,长沙,Unknown,False,D:无证据,,Unknown,False,D:无证据,,Unknown,False,D:无证据,,堂食+外卖+团购,False,B:多字段组合,外卖:1/团购:1,<10,A,中原区,儿童公园/凯旋门,口味:3.6 环境:3.6 服务:3.6,1,1,1,0,全家福烤冷面_标准鸡蛋烤冷面,,
G3qeevFA2KSf1iaU,D坊炸鸡(汝河路店),Unknown,False,D:无证据,,鸡块/鸡米花/鸡柳,False,A:菜品直接证据,鸡块,Unknown,False,D:无证据,,Unknown,False,D:无证据,,含外卖,False,B:外卖字段,1,15-20,A,中原区,儿童公园/凯旋门,口味:3.7 环境:3.6 服务:3.6,10,1,,0,鸡块,,
l81nA4g13rQWII0Y,刘婉婉生炸妙龄鸡(港区店),中式,False,C:品牌映射,brand:刘婉婉,整鸡/大单品+鸡腿+鸡架/锁骨/叉骨+鸡脖/其他部位,True,C:品牌映射,brand:刘婉婉,生炸/现炸,False,C:品牌映射,brand:刘婉婉,原味,False,C:品牌映射,brand:刘婉婉,档口/摊位,False,C:品牌映射,brand:刘婉婉,10-15,A,中牟县,锦荣悦汇城,口味:4.0 环境:4.0 服务:3.9,18,1,1,9,小鸡腿_鸡背肉_鸡胗_叉骨_无骨辣子鸡_奶香地瓜条_生炸全鸡架_无骨上腿肉,,
H32Ilwq4MlEO4zFq,阳光炸串丨中牟县,Unknown,False,D:无证据,,Unknown,False,D:无证据,,Unknown,False,D:无证据,,Unknown,False,D:无证据,,Unknown,False,D:无证据,,<10,A,中牟县,中牟县,口味:3.5 环境:3.5 服务:3.5,2,,,0,拌饭,,
l8wsXGdxkLLclElL,派乐汉堡·炸鸡(龙湖大道泰山路店),美式/西式,False,C:品牌映射,brand:派乐,整鸡/大单品+鸡腿+鸡排,True,C:品牌映射,brand:派乐,裹粉炸,False,C:品牌映射,brand:派乐,香辣+酸甜,True,C:品牌映射,brand:派乐,外卖型,False,C:品牌映射,brand:派乐,10-15,A,新郑市,龙湖广场/升达大学,口味:4.0 环境:4.0 服务:4.0,15,1,1,0,卤辣王炸鸡腿堡_真香脆鸡腿_多C冻柠葡萄_脆皮半边鸡_生榨鸡腿_生炸鸡腿_嫩嫩鸡肉串_开花淀粉肠_香辣鸡排堡_元气蜜柚茶,,
l2IQY4NSyIDsbLDd,黎太院韩式炸鸡(象湖丹尼斯店),韩式,False,C:品牌映射,brand:黎太院,鸡块/鸡米花/鸡柳,False,C:品牌映射,brand:黎太院,裹粉炸,False,C:品牌映射,brand:黎太院,香辣+甜辣,True,C:品牌映射,brand:黎太院,堂食+外带,False,C:品牌映射,brand:黎太院,15-20,A,中牟县,刘集镇,口味:3.5 环境:3.5 服务:3.5,,1,,0,香甜地瓜丸_神奇的鸡_芝士热狗棒_脆香鸡米花_深海鳕鱼条_柠檬奶香酱_爆辣韩式火鸡面酥酥糯糯年糕_韩式无骨炸鸡_韩式特辣酱_奶香芝士酱,,
k8UjsuPSC10ap9hq,满巍明生炸鸡架(华盛奥特莱斯店),中式,False,C:品牌映射,brand:满巍明,鸡腿+鸡架/锁骨/叉骨+鸡脖/其他部位,True,C:品牌映射,brand:满巍明,生炸/现炸,False,C:品牌映射,brand:满巍明,香辣,False,C:品牌映射,brand:满巍明,档口/摊位,False,C:品牌映射,brand:满巍明,20-30,A,新郑市,奥特莱斯/锦艺城,口味:4.0 环境:4.0 服务:4.1,25,1,1,1,生炸鸡架_究极鸡腿肉_脆皮小鸡腿_超级鸡叉骨_美味脆鸡胗_巨炸甘梅地瓜_活力杏鲍菇_飘香脆脆薯,,
Ga1a2Ho1dYvDJ7ma,凯尚达炸鸡摊,美式/西式,False,C:品牌映射,brand:凯尚达,鸡排,False,C:品牌映射,brand:凯尚达,裹粉炸,False,C:品牌映射,brand:凯尚达,原味,False,C:品牌映射,brand:凯尚达,档口/摊位,False,C:品牌映射,brand:凯尚达,Unknown,D,新郑市,奥特莱斯/锦艺城,,,,,0,,,
laYzbh53qSbekTYb,高超炸鸡,Unknown,False,D:无证据,,Unknown,False,D:无证据,,Unknown,False,D:无证据,,Unknown,False,D:无证据,,Unknown,False,D:无证据,,Unknown,D,新郑市,奥特莱斯/锦艺城,,,,,0,,,
l1ku96HJ1qYwsZoR,御膳叉骨香酥炸鸡,中式,False,C:品牌映射,brand:御膳,鸡架/锁骨/叉骨,False,C:品牌映射,brand:御膳,生炸/现炸,False,C:品牌映射,brand:御膳,椒盐,False,C:品牌映射,brand:御膳,档口/摊位,False,C:品牌映射,brand:御膳,Unknown,D,新郑市,奥特莱斯/锦艺城,,,,,0,,,
G9eBRFKVP56Kd0fp,百味酥香炸鸡,Unknown,False,D:无证据,,Unknown,False,D:无证据,,Unknown,False,D:无证据,,Unknown,False,D:无证据,,Unknown,False,D:无证据,,Unknown,D,新郑市,奥特莱斯/锦艺城,,,,,0,,,
FkFgBHQh2uy6fCkk,烤鸭拌饭,Unknown,False,D:无证据,,Unknown,False,D:无证据,,Unknown,False,D:无证据,,Unknown,False,D:无证据,,含外卖,False,B:外卖字段,1,Unknown,D,新郑市,奥特莱斯/锦艺城,,,1,,0,,,
G6XjnnK81ThVcrqh,酥小狮炸鸡腿(荣邦城店),Unknown,False,D:无证据,,鸡腿,False,C:店名推断,鸡腿,Unknown,False,D:无证据,,Unknown,False,D:无证据,,含外卖,False,B:外卖字段,1,<10,A,中原区,工大新校区,口味:3.4 环境:3.4 服务:3.4,1,1,,0,,,
jPsBhAPyqj5Wp9xR,御膳叉骨川香鸡柳,中式,False,C:品牌映射,brand:御膳,鸡架/锁骨/叉骨,False,C:品牌映射,brand:御膳,生炸/现炸,False,C:品牌映射,brand:御膳,椒盐,False,C:品牌映射,brand:御膳,档口/摊位,False,C:品牌映射,brand:御膳,Unknown,D,新郑市,工程学院/万佳,,,1,,0,,,
k97JApyWZODmiXUn,KimMin-Hee韩式炸鸡(高坡岩店),韩式,False,C:品牌映射,brand:KimMin-Hee,鸡块/鸡米花/鸡柳,False,C:品牌映射,brand:KimMin-Hee,裹粉炸,False,C:品牌映射,brand:KimMin-Hee,甜辣+酱香,True,C:品牌映射,brand:KimMin-Hee,外卖型,False,C:品牌映射,brand:KimMin-Hee,15-20,A,新郑市,工程学院/万佳,,,1,1,0,炸鱼豆腐_炸地瓜丸_韩式酱料_韩式火鸡面_雪花芝士球_雪花芝士酱料_单人可乐特惠_无骨鸡块,,
l6MlnOUmKiPETR1U,鸡柳烧饼,Unknown,False,D:无证据,,鸡块/鸡米花/鸡柳,False,C:店名推断,鸡柳,Unknown,False,D:无证据,,Unknown,False,D:无证据,,含外卖,False,B:外卖字段,1,Unknown,D,新郑市,工程学院/万佳,,,1,,0,,,
H7DLnNBkaBX5Btl2,大个中国牛堡(国瑞城店),Unknown,False,D:无证据,,Unknown,False,D:无证据,,Unknown,False,D:无证据,,Unknown,False,D:无证据,,含外卖,False,B:外卖字段,1,20-30,A,新郑市,工程学院/万佳,,,1,,0,,,
HazJgaETkNh8BuXT,临榆炸鸡腿(工程学院龙湖校区店),中式,False,C:品牌映射,brand:临榆,鸡腿,True,"C:店名推断(修正,优先于品牌映射)",brand:临榆,腌炸,False,C:品牌映射,brand:临榆,原味,False,C:品牌映射,brand:临榆,档口/摊位,False,C:品牌映射,brand:临榆,10-15,A,新郑市,工程学院/万佳,,,,1,6,豆皮肉卷_香酥琵琶腿_鸡肉条_黄金香骨鸡_香骨鸡_黄金鸡叉骨,鸡排,brand_product_conflict
k1oL9OXhH3Opxue2,饼夹菜小吃服务店,Unknown,False,D:无证据,,Unknown,False,D:无证据,,Unknown,False,D:无证据,,Unknown,False,D:无证据,,含外卖,False,B:外卖字段,1,Unknown,D,新郑市,工程学院/万佳,,,1,,0,,,
H12MZexQHQxDrT0s,柚见叉骨炸鸡,Unknown,False,D:无证据,,鸡架/锁骨/叉骨,False,C:店名推断,叉骨,Unknown,False,D:无证据,,Unknown,False,D:无证据,,Unknown,False,D:无证据,,Unknown,D,新郑市,工程学院/万佳,,,,,0,,,
H1Ni9ihTD8OQN3r3,顶赞多烤面筋,Unknown,False,D:无证据,,Unknown,False,D:无证据,,Unknown,False,D:无证据,,Unknown,False,D:无证据,,含外卖,False,B:外卖字段,1,Unknown,D,中原区,工大新校区,,,1,,0,烤面筋,,
G5URk9NfoJeUwi44,地衣加炸货铺,Unknown,False,D:无证据,,Unknown,False,D:无证据,,Unknown,False,D:无证据,,Unknown,False,D:无证据,,Unknown,False,D:无证据,,Unknown,D,中原区,工大新校区,,,,,0,,,
H7yHSsH8XwoK3YFy,炸鸡炸鱼(荣邦城店),Unknown,False,D:无证据,,Unknown,False,D:无证据,,Unknown,False,D:无证据,,Unknown,False,D:无证据,,Unknown,False,D:无证据,,Unknown,D,中原区,工大新校区,,,,,0,,,
H5jW7EvDnSm500g4,劲响脆-爱上鸡叉骨,Unknown,False,D:无证据,,鸡架/锁骨/叉骨,False,A:菜品直接证据,叉骨,Unknown,False,D:无证据,,Unknown,False,D:无证据,,堂食+外卖+团购,False,B:多字段组合,外卖:1/团购:1,Unknown,D,中原区,工大新校区,,,1,1,0,招牌叉骨_黄金小叉骨,,
EcWHwXJgFga4B1oi,小姜妹妹黯焰秘制可乐鸡翅,Unknown,False,D:无证据,,鸡翅,False,C:店名推断,鸡翅,Unknown,False,D:无证据,,Unknown,False,D:无证据,,Unknown,False,D:无证据,,Unknown,D,新郑市,龙湖广场/升达大学,,,,,0,,,
G4y2iPt919YiyZyO,胖李草本炸鸡(长宁街店),Unknown,False,D:无证据,,Unknown,False,D:无证据,,Unknown,False,D:无证据,,Unknown,False,D:无证据,,含外卖,False,B:外卖字段,1,Unknown,D,新密市,青屏广场,,,1,,0,,,
k6q2L8LxwDxZqKQz,徐老胖炒虾尾,复合型,False,A:菜品直接证据,双拼,Unknown,False,D:无证据,,Unknown,False,D:无证据,,Unknown,False,D:无证据,,含团购,False,B:团购字段,1,30-50,A,金水区,陈砦,,,,1,0,圣女果黄瓜拼盘_花生毛豆双拼_应季水果不限量_米饭不限量_麻酱面筋_美龄粥不限量_涮菜自助不限量_西北羊蝎子_手工面不限量_小吃不限量,,
FRugLXfG5rhmAeEk,猪猪生炸鸡架,Unknown,False,D:无证据,,鸡腿+鸡架/锁骨/叉骨,True,A:菜品直接证据,鸡腿;鸡架,生炸/现炸,False,C:店名推断,生炸,酱香,False,A:菜品直接证据,蜜汁,Unknown,False,D:无证据,,Unknown,D,新密市,青屏广场,,,,,0,蜜汁鸡架_爆汁鸡腿,,
k4iJOZWVToYq30ru,王娟炸鸡铺,Unknown,False,D:无证据,,Unknown,False,D:无证据,,Unknown,False,D:无证据,,Unknown,False,D:无证据,,Unknown,False,D:无证据,,Unknown,D,中原区,高新区,,,,,0,,,
G7zqyQdTwaofNLNu,上海特味鸡柳,Unknown,False,D:无证据,,鸡块/鸡米花/鸡柳,False,C:店名推断,鸡柳,Unknown,False,D:无证据,,Unknown,False,D:无证据,,Unknown,False,D:无证据,,<10,A,二七区,马寨镇,,,,,0,,,
Ha9c2lkMtN9M64bF,炸串拌饼,Unknown,False,D:无证据,,鸡块/鸡米花/鸡柳,False,A:菜品直接证据,鸡柳,Unknown,False,D:无证据,,Unknown,False,D:无证据,,含团购,False,B:团购字段,1,Unknown,D,二七区,马寨镇,,,,1,0,炸鸡柳_烤淀粉肠,,
H3UyGq3Dj4hjte8h,Hangu韩式炸鸡·火鸡面(二七万达店),韩式,False,C:店名推断,韩式,Unknown,False,D:无证据,,Unknown,False,D:无证据,,Unknown,False,D:无证据,,堂食+外卖+团购,False,B:多字段组合,外卖:1/团购:1,Unknown,D,二七区,长江中路沿线,口味:3.5 环境:3.6 服务:3.6,4,1,1,0,整只炸鸡,,
H3jNFYDN8ackNdSL,小贝特色炸海鱼,中式,False,A:菜品直接证据,脆皮炸鸡,鸡腿,False,A:菜品直接证据,鸡腿,裹粉炸,False,A:菜品直接证据,脆皮,Unknown,False,D:无证据,,含外卖,False,B:外卖字段,1,30-50,A,中原区,月季公园,口味:3.8 环境:3.8 服务:3.8,7,1,,0,无刺鲷鱼排_扒皮鱼,,
H10FmtgIqhxapulZ,第一部落烤串(油化厂店),地方特色,False,A:菜品直接证据,台式,整鸡/大单品+鸡腿,True,A:菜品直接证据,大鸡;鸡腿,Unknown,False,D:无证据,,Unknown,False,D:无证据,,含团购,False,B:团购字段,1,10-15,A,中原区,月季公园,口味:3.6 环境:3.8 服务:3.6,22,,1,0,台式大香肠_大面筋蛋夹饼_黄金烤饼_部落鱼豆腐_嫩滑鸡肉_大大大鸡腿_弹墨鱼丸串_旋风薯塔_部落大面筋_部落大香肠,,
k8kLiW7PGLzfpVBy,HanBang韩式炸鸡·火鸡面(二七万达店),韩式,False,C:品牌映射,brand:HanBang,鸡块/鸡米花/鸡柳,False,C:品牌映射,brand:HanBang,裹粉炸,False,C:品牌映射,brand:HanBang,甜辣,False,C:品牌映射,brand:HanBang,外卖型,False,C:品牌映射,brand:HanBang,15-20,A,二七区,长江中路沿线,,,,,0,,,
kaee6xRIPsAq1WDj,刘婉婉生炸妙龄鸡(碧云路店),中式,False,C:品牌映射,brand:刘婉婉,鸡架/锁骨/叉骨+鸡块/鸡米花/鸡柳+鸡脖/其他部位,True,C:品牌映射,brand:刘婉婉,生炸/现炸,False,C:品牌映射,brand:刘婉婉,原味+香辣,True,C:品牌映射,brand:刘婉婉,档口/摊位,False,C:品牌映射,brand:刘婉婉,<10,A,二七区,长途客运总站,口味:3.7 环境:3.7 服务:3.7,,1,1,12,鸡背肉_生炸鸡叉骨满满_无骨上腿肉_香酥炸鸡皮_黄金鸡肉卷_现炸黄金鸡柳_无骨辣子鸡_奶香地瓜条,,
k2fI1Nh8KWL8tanV,A14烤面筋,Unknown,False,D:无证据,,Unknown,False,D:无证据,,Unknown,False,D:无证据,,Unknown,False,D:无证据,,含团购,False,B:团购字段,1,Unknown,D,二七区,长途客运总站,,,,1,0,,,
H2Se0msAmrK0f3Bd,A15土耳其烤肉夹馍,Unknown,False,D:无证据,,Unknown,False,D:无证据,,Unknown,False,D:无证据,,Unknown,False,D:无证据,,堂食+外带,False,C:店名推断,烤肉,Unknown,D,二七区,长途客运总站,,,,1,0,,,
H7xH7CXC53GILJ02,临榆炸鸡腿(紫光花园店),中式,False,C:品牌映射,brand:临榆,鸡腿,True,"C:店名推断(修正,优先于品牌映射)",brand:临榆,腌炸,False,C:品牌映射,brand:临榆,原味,False,C:品牌映射,brand:临榆,档口/摊位,False,C:品牌映射,brand:临榆,10-15,A,二七区,长途客运总站,口味:3.5 环境:3.6 服务:3.6,2,1,1,16,香骨鸡_楂楂鸡块_招牌炸鸡腿_黄金香骨鸡_香酥琵琶腿_鸡肉条_豆皮鸡肉卷_脆皮手枪腿_黄金鸡叉骨_黄金炸蘑菇,鸡排,brand_product_conflict
G2MBsl3XrPB0ZH9D,吴喜牛鲜奶炸肉(祥云路店),Unknown,False,D:无证据,,鸡腿+鸡翅+鸡架/锁骨/叉骨,True,A:菜品直接证据,手枪腿;鸡翅;鸡排;鸡叉骨,裹粉炸,True,A:菜品直接证据,脆皮;现炸,椒盐,False,A:菜品直接证据,椒麻,堂食+外卖+团购,False,B:多字段组合,外卖:1/团购:1,10-15,A,二七区,长途客运总站,,,1,1,0,招牌爆汁手枪腿_脆脆炸鲜菇_傲娇鸡背肉_脆脆现炸蘑_招牌牛奶炸肉_脆皮牛奶炸肉_爆汁鸡翅根_黄金鸡叉骨,,
G2gNyC0l7qQsahZD,好乐鸡香酥炸鸡,Unknown,False,D:无证据,,鸡腿+鸡架/锁骨/叉骨,True,A:菜品直接证据,鸡腿;鸡叉骨,裹粉炸,False,C:店名推断,酥炸,原味,False,C:店名推断,香酥,堂食+外卖+团购,False,B:多字段组合,外卖:1/团购:1,Unknown,D,二七区,长途客运总站,,2,1,1,0,炸鸡叉骨_炸鸡腿,,
k1fRdFTyUl5CS3P7,炸鸡柳,Unknown,False,D:无证据,,鸡块/鸡米花/鸡柳,False,C:店名推断,鸡柳,Unknown,False,D:无证据,,Unknown,False,D:无证据,,Unknown,False,D:无证据,,Unknown,D,金水区,龙子湖校区,,,,,0,,,
k60e5H5KzE1ywNpL,超哥家的韩式炸鸡,韩式,False,C:店名推断,韩式,Unknown,False,D:无证据,,Unknown,False,D:无证据,,Unknown,False,D:无证据,,堂食+外卖+团购,False,B:多字段组合,外卖:1/团购:1,10-15,A,金水区,龙子湖校区,,2,1,1,0,,,
Hade4v5OJ5EF62Cl,延庆观炸鸡,中式,False,C:品牌映射,brand:延庆观,整鸡/大单品,False,C:品牌映射,brand:延庆观,卤炸,False,C:品牌映射,brand:延庆观,原味,False,C:品牌映射,brand:延庆观,档口/摊位,False,C:品牌映射,brand:延庆观,15-20,A,金水区,龙子湖校区,,,,,0,,,
iLASVvH5G3Pqje59,战友炸鸡·米线,韩式,False,A:菜品直接证据,韩式,整鸡/大单品,True,A:菜品直接证据,老母鸡;鸡丁,Unknown,False,D:无证据,,香辣+酱香,True,A:菜品直接证据,麻辣;酱香,堂食+外卖+团购,False,B:多字段组合,外卖:1/团购:1,10-15,A,金水区,龙子湖校区,口味:4.0 环境:4.0 服务:4.0,7,1,1,0,麻辣香菇鸡丁米线_酱香米线_酱香肉酱米线,,
l6I9F4EL9KmuFnzs,德客派炸鸡汉堡(升达食堂店),Unknown,False,D:无证据,,Unknown,False,D:无证据,,Unknown,False,D:无证据,,Unknown,False,D:无证据,,含外卖,False,B:外卖字段,1,10-15,A,新郑市,龙湖广场/升达大学,,,1,,0,,,
l5xRhDgwdAgkCotY,百盛炸鸡,Unknown,False,D:无证据,,Unknown,False,D:无证据,,Unknown,False,D:无证据,,Unknown,False,D:无证据,,Unknown,False,D:无证据,,10-15,A,新郑市,龙湖广场/升达大学,,,,,0,,,
G3azN8CytaFPm349,叫了只炸鸡(南龙湖店),中式,False,C:品牌映射,brand:叫了只,整鸡/大单品,False,C:品牌映射,brand:叫了只,生炸/现炸,False,C:品牌映射,brand:叫了只,原味,False,C:品牌映射,brand:叫了只,外卖型,False,C:品牌映射,brand:叫了只,15-20,A,新郑市,龙湖广场/升达大学,,,,,0,,,
l9kqanA9KQyV1fdX,DaQiu韩式炸鸡·火鸡面(龙湖店),韩式,False,C:店名推断,韩式,Unknown,False,D:无证据,,Unknown,False,D:无证据,,Unknown,False,D:无证据,,含外卖,False,B:外卖字段,1,15-20,A,新郑市,龙湖广场/升达大学,,,1,,0,,,
k6UqQM7VD8IM2jW6,临榆炸鸡腿(郑州新郑市店),中式,False,C:品牌映射,brand:临榆,鸡腿,False,"C:店名推断(修正,优先于品牌映射)",brand:临榆,腌炸,False,C:品牌映射,brand:临榆,原味,False,C:品牌映射,brand:临榆,档口/摊位,False,C:品牌映射,brand:临榆,10-15,A,新郑市,龙湖广场/升达大学,,,,,0,,鸡排,brand_product_conflict
G6MFLGaslPCRhYCG,肥仔炸鸡,Unknown,False,D:无证据,,鸡腿,False,A:菜品直接证据,琵琶腿,Unknown,False,D:无证据,,酸甜,False,A:菜品直接证据,甘梅,Unknown,False,D:无证据,,Unknown,D,新郑市,龙湖广场/升达大学,,,,,0,爆汁琵琶腿_甘梅薯条,,
k23nfWT8saVQfr0i,MVP炸鸡汉堡,Unknown,False,D:无证据,,Unknown,False,D:无证据,,Unknown,False,D:无证据,,Unknown,False,D:无证据,,Unknown,False,D:无证据,,Unknown,D,中原区,高新区,,,,,0,,,
k8y65ZVGuGF7uRR4,福达星炸鸡炸串,Unknown,False,D:无证据,,Unknown,False,D:无证据,,Unknown,False,D:无证据,,Unknown,False,D:无证据,,Unknown,False,D:无证据,,Unknown,D,中原区,高新区,,,,,0,,,
G4bJOVVH66GLuQvi,三不炸中国炸鸡,中式,False,C:店名推断,中国炸鸡,鸡腿+鸡翅,True,A:菜品直接证据,鸡腿;翅根,裹粉炸,False,A:菜品直接证据,酥炸,原味,False,A:菜品直接证据,香酥,堂食+外卖+团购,False,B:多字段组合,外卖:1/团购:1,10-15,A,中原区,高新区,,1,1,1,0,无骨肉块_翅根儿_香骨鸡_龙脆骨_香酥炸鸡腿,,
G3Rb9qTtPeRHmXqp,小红房炸鸡腿(工大店),Unknown,False,D:无证据,,鸡腿+鸡翅+鸡排+鸡架/锁骨/叉骨+鸡脖/其他部位,True,A:菜品直接证据,琵琶腿;鸡翅;鸡排;叉骨;鸡脖,Unknown,False,D:无证据,,原味+甜辣,True,A:菜品直接证据,香酥;芝士,堂食+外卖+团购,False,B:多字段组合,外卖:1/团购:1,<10,A,中原区,高新区,口味:3.7 环境:3.7 服务:3.7,5,1,1,0,香炸叉骨_黄金翅中_香酥琵琶腿_豆皮肉卷_鸡脖_黄金肉条_地瓜条_芝士爆浆鸡排_黄金鸡翅根_黄金香骨鸡,,
k4u1PoRZ4mTUtCzp,鸡不可失,中式,False,C:品牌映射,brand:不可,整鸡/大单品,False,C:品牌映射,brand:不可,生炸/现炸,False,C:品牌映射,brand:不可,原味,False,C:品牌映射,brand:不可,档口/摊位,False,C:品牌映射,brand:不可,15-20,A,中原区,高新区,,,1,,0,,,
H9BiFTppGaM6CzOv,朴东杰黄油芝士炸鸡·火鸡面(郑州高新店),韩式,False,C:品牌映射,brand:朴东杰,鸡翅,False,C:品牌映射,brand:朴东杰,裹粉炸,False,C:品牌映射,brand:朴东杰,黄油芝士,False,C:品牌映射,brand:朴东杰,堂食+外带,False,C:品牌映射,brand:朴东杰,15-20,A,中原区,高新区,,1,1,1,0,贝果汉堡,,
H5RIqbF0isveUzob,味聚客炸货店,Unknown,False,D:无证据,,Unknown,False,D:无证据,,Unknown,False,D:无证据,,Unknown,False,D:无证据,,含外卖,False,B:外卖字段,1,Unknown,D,中原区,高新区,,,1,,0,,,
l3CyPLDmxOaNKgGA,吮指韩式炸鸡(清苑店),韩式,True,C:店名推断,韩式;吮指,Unknown,False,D:无证据,,Unknown,False,D:无证据,,Unknown,False,D:无证据,,Unknown,False,D:无证据,,Unknown,D,中原区,高新区,,,,,0,,,
Ha4JSa0vXgy3isw4,锡纸鸡,Unknown,False,D:无证据,,Unknown,False,D:无证据,,Unknown,False,D:无证据,,Unknown,False,D:无证据,,Unknown,False,D:无证据,,Unknown,D,惠济区,黄河游览区,,,,,0,,,
HaoCFEMnZ3EacpDI,南刘庄新区孙小昌炸鸡,Unknown,False,D:无证据,,整鸡/大单品+鸡腿+鸡翅+鸡架/锁骨/叉骨,True,A:菜品直接证据,全鸡;鸡腿;翅根;叉骨,裹粉炸,False,A:菜品直接证据,脆皮,酱香,False,A:菜品直接证据,蜜汁,堂食+外卖+团购,False,B:多字段组合,外卖:1/团购:1,<10,A,管城回族区,黄河科技大学城,口味:3.8 环境:3.8 服务:3.8,,1,1,0,爆汁大鸡腿_半叉骨叉骨_蜜汁肉枣肠_脆皮全鸡_五香大翅根,,
GaWutmpFdfbQyLTn,思思爆裂炸鸡,Unknown,False,D:无证据,,Unknown,False,D:无证据,,Unknown,False,D:无证据,,Unknown,False,D:无证据,,Unknown,False,D:无证据,,Unknown,D,管城回族区,黄河科技大学城,,,,,0,,,
latCe69A96uGuU9u,鸡飞莱中国炸鸡,中式,False,C:店名推断,中国炸鸡,Unknown,False,D:无证据,,Unknown,False,D:无证据,,Unknown,False,D:无证据,,含外卖,False,B:外卖字段,1,Unknown,D,管城回族区,黄河科技大学城,,,1,,0,,,
H886OCZAb15lJ9rg,喜C韩式炸鸡,韩式,False,C:店名推断,韩式,Unknown,False,D:无证据,,Unknown,False,D:无证据,,Unknown,False,D:无证据,,Unknown,False,D:无证据,,Unknown,D,中原区,高新区,,,,,0,,,
G2dNpEUj3SXAugNQ,帝圣特汉堡炸鸡披萨快餐(绿悠悦享餐厅店),Unknown,False,D:无证据,,鸡腿+鸡块/鸡米花/鸡柳,True,A:菜品直接证据,鸡腿;鸡块,Unknown,False,D:无证据,,Unknown,False,D:无证据,,堂食+外卖+团购,False,B:多字段组合,外卖:1/团购:1,15-20,A,中牟县,沃金/山顶福都,,,1,1,0,香甜玉米杯_至尊鸡腿堡_黄金鸡块,,
H5CkVwVuW8v5td4B,东北特色烧烤,地方特色,False,C:店名推断,东北,Unknown,False,D:无证据,,Unknown,False,D:无证据,,Unknown,False,D:无证据,,含团购,False,B:团购字段,1,Unknown,D,上街区,欧凯龙城市广场,,,,1,0,炒米_花甲粉_虾仁馄饨_炒虾尾_炒饼丝,,
k48upAeHTb7XZa2s,下酒局·香酥蚂蚱·金蝉蚕蛹(管城店),Unknown,False,D:无证据,,Unknown,False,D:无证据,,Unknown,False,D:无证据,,原味,False,C:店名推断,香酥,含外卖,False,B:外卖字段,1,Unknown,D,管城回族区,橡树玫瑰城,,,1,,0,,,
G2zGaBOn6nBhBHnX,鸡柳卷饼,Unknown,False,D:无证据,,鸡块/鸡米花/鸡柳,False,A:菜品直接证据,鸡柳,Unknown,False,D:无证据,,Unknown,False,D:无证据,,含团购,False,B:团购字段,1,15-20,A,管城回族区,汽车东站,,,,1,0,鸡柳卷饼_炸鸡柳,,
l5hXIKubBwtldGfE,鸡柳大人(郑东商业中心店),中式,False,C:品牌映射,brand:鸡柳大人,整鸡/大单品+鸡腿+鸡翅+鸡架/锁骨/叉骨+鸡块/鸡米花/鸡柳,True,C:品牌映射,brand:鸡柳大人,生炸/现炸,False,C:品牌映射,brand:鸡柳大人,原味+蒜香+酱香,True,C:品牌映射,brand:鸡柳大人,档口/摊位,False,C:品牌映射,brand:鸡柳大人,10-15,A,管城回族区,汽车东站,口味:3.5 环境:3.6 服务:3.5,,1,1,38,山药片四合一_蒜香排骨_香骨鸡_香酥鸡烤饼_香酥鸡柳_爆汁鸡腿_开花大香肠_掌中宝_蜜汁鸡锁骨_黄金鸡翅尖,,
l1Zpr6LEbS76Gl6P,正新鸡排·炸鸡烧烤(苑陵中学店),美式/西式,False,C:品牌映射,brand:正新,整鸡/大单品+鸡翅+鸡排+鸡块/鸡米花/鸡柳,True,C:品牌映射,brand:正新,裹粉炸,False,C:品牌映射,brand:正新,原味,False,C:品牌映射,brand:正新,档口/摊位,False,C:品牌映射,brand:正新,10-15,A,新郑市,炎黄广场,,,,1,0,正新大烤肠_金锤翅根_吮指鸡块_爆料鸡排_大鸡肉串_中国鸡排汉堡_金锤翅根桶_香辣鸡排套,,
k4EPhk2kzZmEHvf8,临榆炸鸡腿(炎黄广场店),中式,False,C:品牌映射,brand:临榆,鸡腿,True,"C:店名推断(修正,优先于品牌映射)",brand:临榆,腌炸,False,C:品牌映射,brand:临榆,原味,False,C:品牌映射,brand:临榆,档口/摊位,False,C:品牌映射,brand:临榆,10-15,A,新郑市,炎黄广场,口味:3.5 环境:3.5 服务:3.5,1,1,1,6,楂楂鸡块_招牌炸鸡腿_香酥琵琶腿_豆皮鸡肉卷_黄金鸡叉骨_香骨鸡_黄金炸蘑菇_鸡肉条_黄金香骨鸡,鸡排,brand_product_conflict
l3Clqnnvf44mEbQ6,朴东杰黄油芝士炸鸡·火鸡面(新郑文化路店),韩式,False,C:品牌映射,brand:朴东杰,鸡翅,False,C:品牌映射,brand:朴东杰,裹粉炸,False,C:品牌映射,brand:朴东杰,黄油芝士,False,C:品牌映射,brand:朴东杰,堂食+外带,False,C:品牌映射,brand:朴东杰,Unknown,D,新郑市,炎黄广场,,,,,0,,,
l5hDYwjcLTBDzjqf,御膳炸鸡,中式,False,C:品牌映射,brand:御膳,鸡架/锁骨/叉骨,False,C:品牌映射,brand:御膳,生炸/现炸,False,C:品牌映射,brand:御膳,椒盐,False,C:品牌映射,brand:御膳,档口/摊位,False,C:品牌映射,brand:御膳,Unknown,D,中原区,瑞达路沿线,,,,,0,,,
H8ft33lt4qHZs10U,郑州老传统炸鸡,中式,False,C:店名推断,传统炸鸡,Unknown,False,D:无证据,,Unknown,False,D:无证据,,Unknown,False,D:无证据,,Unknown,False,D:无证据,,Unknown,D,中原区,瑞达路沿线,,,,,0,,,
H6JCx5rAJut84nCY,丹丹炸鸡铺,Unknown,False,D:无证据,,Unknown,False,D:无证据,,Unknown,False,D:无证据,,Unknown,False,D:无证据,,Unknown,False,D:无证据,,Unknown,D,中原区,瑞达路沿线,,,,,0,,,
lanInvahm3j1PZfb,蒜香炸鸡,Unknown,False,D:无证据,,Unknown,False,D:无证据,,Unknown,False,D:无证据,,蒜香,False,C:店名推断,蒜香,Unknown,False,D:无证据,,Unknown,D,巩义市,火车站,,,,,0,,,
k16IbQQsSJqA8OBd,首尔明洞街·韩式炸鸡,韩式,False,C:店名推断,韩式,Unknown,False,D:无证据,,Unknown,False,D:无证据,,Unknown,False,D:无证据,,含外卖,False,B:外卖字段,1,Unknown,D,金水区,瀚海海尚,口味:3.5 环境:3.5 服务:3.5,1,1,,0,,,
l5JXoCSohR003Xa7,吉林烧烤(金林公馆店),地方特色,False,A:菜品直接证据,东北,鸡脖/其他部位,False,A:菜品直接证据,鸡爪,Unknown,False,D:无证据,,酱香+酸甜,True,A:菜品直接证据,酱油;菠萝,含团购,False,B:团购字段,1,30-50,A,金水区,曼哈顿广场/英协路,口味:3.5 环境:3.5 服务:3.6,,,1,0,东北特色酱油筋_炝拌菜两样_菠萝和牛_东北菜串_东北大油边_炝拌菜_特色鸡爪_走地五花,,
l8Xe6vdd9FD9jqXH,东北烤冷面·芝士火鸡面·炸鸡,韩式,True,C:店名推断,火鸡面;东北,Unknown,False,D:无证据,,Unknown,False,D:无证据,,甜辣,False,C:店名推断,芝士,堂食+外卖+团购,False,B:多字段组合,外卖:1/团购:1,<10,A,金水区,曼哈顿广场/英协路,,,1,1,0,网红爆浆豆腐,,
k5rENULJnaPKbhtG,恩施宋鸭子,Unknown,False,D:无证据,,Unknown,False,D:无证据,,Unknown,False,D:无证据,,Unknown,False,D:无证据,,Unknown,False,D:无证据,,20-30,A,金水区,曼哈顿广场/英协路,,,,,0,,,
GawA85q1I5wKLpdR,松花蛋爆浆豆腐,Unknown,False,D:无证据,,Unknown,False,D:无证据,,Unknown,False,D:无证据,,Unknown,False,D:无证据,,含外卖,False,B:外卖字段,1,Unknown,D,管城回族区,经开区,,,1,,0,,,
l5u1LcLRu0k3gJqq,夸父炸串(郑州管城盛华里店),中式,False,C:品牌映射,brand:夸父,鸡腿+鸡架/锁骨/叉骨+鸡块/鸡米花/鸡柳,True,C:品牌映射,brand:夸父,生炸/现炸,False,C:品牌映射,brand:夸父,香辣,False,C:品牌映射,brand:夸父,档口/摊位,False,C:品牌映射,brand:夸父,20-30,A,管城回族区,经开区,,,1,1,0,甜甜玉米粒_麦穗鸡柳串_生炸鸡架_鱿鱼龙爪须_生炸鸡腿_真牛牛肉串_童年淀粉肠_包浆豆腐串_拉丝芝士热狗棒_台式炸烤肠,,
H5XhZvTdcZQZZYRt,吉哒哒生炸鸡架(盛华里店),Unknown,False,D:无证据,,鸡腿+鸡架/锁骨/叉骨+鸡块/鸡米花/鸡柳+鸡脖/其他部位,True,A:菜品直接证据,鸡腿;鸡架;鸡柳;鸡胗,裹粉炸,True,A:菜品直接证据,酥炸;生炸,原味+香辣,True,A:菜品直接证据,香酥;香辣,含团购,False,B:团购字段,1,<10,A,管城回族区,经开区,口味:3.5 环境:3.6 服务:3.6,6,,1,0,招牌生炸鸡架_元气鸡腿肉_香辣鸡龙骨肉_酥脆杏鲍菇_香酥炸鸡柳_弹脆鸡胗_生炸鸡叉骨_焦香鸡软骨_架豆王_究极猪排骨,,
G7yQIUQeMDfjcZbL,满巍明生炸鸡架(中建七局大厦店),中式,False,C:品牌映射,brand:满巍明,鸡腿+鸡架/锁骨/叉骨+鸡脖/其他部位,True,C:品牌映射,brand:满巍明,生炸/现炸,False,C:品牌映射,brand:满巍明,香辣,False,C:品牌映射,brand:满巍明,档口/摊位,False,C:品牌映射,brand:满巍明,15-20,A,管城回族区,经开区,口味:3.8 环境:3.9 服务:3.9,9,1,1,19,生炸鸡架_脆皮小鸡腿_巨炸甘梅地瓜_活力杏鲍菇_超级鸡叉骨_究极鸡腿肉_美味脆鸡胗,,
G8DeHZHJhptoX6GB,頑叔吮指炸鸡(頑叔吮指炸鸡店),美式/西式,False,C:店名推断,吮指,Unknown,False,D:无证据,,Unknown,False,D:无证据,,Unknown,False,D:无证据,,含外卖,False,B:外卖字段,1,Unknown,D,管城回族区,经开区,,,1,,0,,,
G5uoVIDcM5Ag8Ndh,久味香酥鸡香酥鸭(宏光合园店),中式,False,C:店名推断,香酥鸡,整鸡/大单品,False,C:店名推断,香酥鸡,Unknown,False,D:无证据,,原味,False,A:菜品直接证据,香酥,堂食+外卖+团购,False,B:多字段组合,外卖:1/团购:1,20-30,A,管城回族区,经开区,,,1,1,0,香酥手撕鸡【整只】,,
jdrdLcxGwAMKRb6h,柒巷炸鸡炸货,Unknown,False,D:无证据,,Unknown,False,D:无证据,,Unknown,False,D:无证据,,Unknown,False,D:无证据,,含外卖,False,B:外卖字段,1,10-15,A,管城回族区,经开区,口味:3.4 环境:3.4 服务:3.4,,1,,0,,,
jtzGFnBwxyCHrs7H,苏氏鲜炸鸡(远大理想城店),Unknown,False,D:无证据,,Unknown,False,D:无证据,,生炸/现炸,False,C:店名推断,鲜炸,Unknown,False,D:无证据,,Unknown,False,D:无证据,,Unknown,D,管城回族区,经开区,口味:3.5 环境:3.5 服务:3.5,1,,,0,,,
l6Tciydq6BuDQJnK,周土土炸鸡(橄榄城店),Unknown,False,D:无证据,,鸡翅+鸡块/鸡米花/鸡柳,True,A:菜品直接证据,翅尖;鸡块,Unknown,False,D:无证据,,Unknown,False,D:无证据,,堂食+外卖+团购,False,B:多字段组合,外卖:1/团购:1,<10,A,二七区,橄榄城,,,1,1,0,鸡脆骨_炸鸡三拼_藤椒翅尖_锅巴鸡块,,
l1Co2EjPMI3GJzDd,三川韩式炸鸡(橄榄城店),韩式,False,A:菜品直接证据,甜辣炸鸡,鸡翅+鸡块/鸡米花/鸡柳,True,A:菜品直接证据,鸡翅;鸡块,Unknown,False,D:无证据,,香辣+甜辣+芥末,True,A:菜品直接证据,香辣;甜辣;芥末,堂食+外卖+团购,False,B:多字段组合,外卖:1/团购:1,10-15,A,二七区,橄榄城,,,1,1,0,琥珀甜辣炸鸡翅根_蜂蜜芥末年糕_琥珀甜辣炸鸡无骨肉_口味自选炸鸡无骨肉_香辣年糕_香辣炸鸡_琥珀甜辣炸鸡_口味自选炸鸡翅根_琥珀甜辣年糕_无骨鸡块,,
kasfmBEpiljoqr4k,饭小溪韩式炸鸡(橄榄城店),韩式,False,C:店名推断,韩式,Unknown,False,D:无证据,,Unknown,False,D:无证据,,Unknown,False,D:无证据,,含外卖,False,B:外卖字段,1,Unknown,D,二七区,橄榄城,,,1,,0,,,
l4yCVKzt4WZorZQU,正新鸡排·炸鸡烧烤(郑州乐享茂店),美式/西式,False,C:品牌映射,brand:正新,鸡排,False,C:品牌映射,brand:正新,裹粉炸,False,C:品牌映射,brand:正新,原味,False,C:品牌映射,brand:正新,档口/摊位,False,C:品牌映射,brand:正新,10-15,A,二七区,橄榄城,口味:3.3 环境:3.2 服务:3.3,98,1,1,0,爆料鸡排_正新大烤肠_中国鸡排汉堡_香辣鸡排套,,
k2ByIJoEwHEjypqt,王师傅脆皮香酥鸡鸭深海炸鱼,中式,True,A:菜品直接证据,香酥鸡;双拼,整鸡/大单品+鸡块/鸡米花/鸡柳,True,A:菜品直接证据,香酥鸡;鸡块,裹粉炸,False,C:店名推断,脆皮,原味+香辣,True,A:菜品直接证据,香酥;香辣,含团购,False,B:团购字段,1,15-20,A,二七区,橄榄城,,,,1,0,招牌香酥鸭_招牌香酥鸡_香辣鸡块_无骨鸡柳_鸡鸭双拼_黄金地瓜丸_营养小泥鳅_招牌鳕鱼排_招牌带鱼段,,
l7glALPuB6Kapdi8,菜源香串串,Unknown,False,D:无证据,,Unknown,False,D:无证据,,Unknown,False,D:无证据,,Unknown,False,D:无证据,,Unknown,False,D:无证据,,Unknown,D,中原区,月季公园,,,,,0,,,
H5q09MpIBqi3vNh9,南小桥炸货铺子,Unknown,False,D:无证据,,Unknown,False,D:无证据,,Unknown,False,D:无证据,,Unknown,False,D:无证据,,档口/摊位,False,C:店名推断,铺子,Unknown,D,中原区,月季公园,,,,,0,,,
kadD5TZ04Jierhm2,汴梁炸鸡百果茶,中式,False,C:店名推断,汴梁,Unknown,False,D:无证据,,Unknown,False,D:无证据,,Unknown,False,D:无证据,,含团购,False,B:团购字段,1,Unknown,D,中原区,月季公园,,,,1,0,清兰百香果_手摇青提冰茶_青兰百香果,,
H5881DPOyz68qIc8,烤肉炸鸡拌饭,Unknown,False,D:无证据,,鸡排,False,A:菜品直接证据,鸡排,Unknown,False,D:无证据,,Unknown,False,D:无证据,,堂食+外带,False,C:店名推断,烤肉,10-15,A,金水区,柳林刘庄,口味:4.0 环境:4.0 服务:4.0,5,1,1,0,鸡排烤肉拌饭_鸡排烤肉熏鸭拌饭_熏鸭拌饭_鸡排拌饭,,
G1YzgLF4RrhhQWbJ,疯狂炸鸡,Unknown,False,D:无证据,,Unknown,False,D:无证据,,Unknown,False,D:无证据,,Unknown,False,D:无证据,,Unknown,False,D:无证据,,15-20,A,二七区,橄榄城,,,,,0,,,
G1C17dwPnt7KXhIo,炸鸡皇后,Unknown,False,D:无证据,,Unknown,False,D:无证据,,Unknown,False,D:无证据,,Unknown,False,D:无证据,,Unknown,False,D:无证据,,Unknown,D,金水区,柳林刘庄,,,,,0,,,
jz5ZtNZxnC1ghdnw,鸡薯于你,Unknown,False,D:无证据,,鸡排,False,A:菜品直接证据,鸡排,Unknown,False,D:无证据,,Unknown,False,D:无证据,,堂食+外卖+团购,False,B:多字段组合,外卖:1/团购:1,Unknown,D,金水区,祭城/大旺城,,2,1,1,0,大的鸡排_比脸还大的鸡排,,
H2i9k3qXsnysXBLJ,MOVE韩式炸鸡·料理,韩式,False,C:店名推断,韩式,Unknown,False,D:无证据,,Unknown,False,D:无证据,,Unknown,False,D:无证据,,含外卖,False,B:外卖字段,1,Unknown,D,金水区,祭城/大旺城,,1,1,,0,欧芹YYDS,,
k7KhYDl7etgz0OK1,祥瑞酥叉骨炸鸡,Unknown,False,D:无证据,,鸡架/锁骨/叉骨,False,C:店名推断,叉骨,Unknown,False,D:无证据,,Unknown,False,D:无证据,,含外卖,False,B:外卖字段,1,Unknown,D,管城回族区,福都生活广场,,,1,,0,,,
G9sinBQMkPAixaLG,夸父炸串(高新正弘汇店),中式,False,C:品牌映射,brand:夸父,整鸡/大单品+鸡腿+鸡架/锁骨/叉骨,True,C:品牌映射,brand:夸父,生炸/现炸,False,C:品牌映射,brand:夸父,香辣,False,C:品牌映射,brand:夸父,档口/摊位,False,C:品牌映射,brand:夸父,15-20,A,中原区,科学大道,口味:3.6 环境:3.6 服务:3.6,42,,,2,夸父大里脊_开花火腿肠_酸豆角苕皮串_生炸鸡架_生炸鸡腿_童年淀粉肠_轰炸大鱿鱼_嫩嫩鸡肉串_甜甜玉米粒_水磨大年糕,,
G4bE46nGGjE3gWwi,鸡柳大人(福都百货店),中式,False,C:品牌映射,brand:鸡柳大人,鸡块/鸡米花/鸡柳,False,C:品牌映射,brand:鸡柳大人,生炸/现炸,False,C:品牌映射,brand:鸡柳大人,椒盐,False,C:品牌映射,brand:鸡柳大人,档口/摊位,False,C:品牌映射,brand:鸡柳大人,15-20,A,管城回族区,福都生活广场,,,,,38,,,
k7pia9Ke8Cr40eSL,田记油炸毛蛋,Unknown,False,D:无证据,,Unknown,False,D:无证据,,Unknown,False,D:无证据,,香辣+孜然,True,A:菜品直接证据,麻辣;孜然,含团购,False,B:团购字段,1,Unknown,D,金水区,祭城/大旺城,,3,,1,0,油炸孜然毛蛋_油炸麻辣毛蛋,,
l3ljPZ9bRETlA5zt,飞火的炸鸡,Unknown,False,D:无证据,,Unknown,False,D:无证据,,Unknown,False,D:无证据,,Unknown,False,D:无证据,,Unknown,False,D:无证据,,Unknown,D,金水区,省电视台,,,,,0,,,
k1XxWTzmDX5hWiZ1,油炸毛蛋,Unknown,False,D:无证据,,Unknown,False,D:无证据,,Unknown,False,D:无证据,,香辣+孜然,True,A:菜品直接证据,麻辣;孜然,含团购,False,B:团购字段,1,Unknown,D,金水区,祭城/大旺城,,,,1,0,油炸孜然毛蛋_油炸麻辣毛蛋,,
G9A9zdRWbHNxUl6d,极味功坊杂货铺(盛华里店),Unknown,False,D:无证据,,鸡翅+鸡架/锁骨/叉骨,True,A:菜品直接证据,全翅;叉骨,裹粉炸,False,A:菜品直接证据,脆皮,原味+香辣+椒盐,True,A:菜品直接证据,香酥;香辣;椒盐,堂食+外卖+团购,False,B:多字段组合,外卖:1/团购:1,15-20,A,管城回族区,经开区,口味:3.6 环境:3.6 服务:3.6,,1,1,0,爆脆霸王腿_浪花海鲜菇_黄金脆皮大全翅_五香秘制叉骨_焦炸平菇_酥炸南瓜块_爆汁杏鲍菇_香酥油炸大虾_香辣秘制叉骨_椒盐土豆条,,
H69Jx9Tjn10sLlok,Soonsoo韩国精品炸鸡(正弘汇店),韩式,False,C:品牌映射,brand:Soonsoo,整鸡/大单品,False,C:品牌映射,brand:Soonsoo,裹粉炸,False,C:品牌映射,brand:Soonsoo,蒜香+甜辣+酱香,True,C:品牌映射,brand:Soonsoo,堂食+外带,False,C:品牌映射,brand:Soonsoo,30-50,A,中原区,科学大道,口味:3.9 环境:3.8 服务:3.8,12,1,1,0,蜂蜜脆皮_青阳美乃滋_黄金蒜蓉_蜂蜜酱油炸鸡_苹果杏仁_薯格拼盘_招牌_松松炸年糕_黄油洋葱_安东火鸡,,
l2gWTl85g3DnGnRT,黎太院炸鸡无限自助,韩式,False,C:品牌映射,brand:黎太院,鸡块/鸡米花/鸡柳,False,C:品牌映射,brand:黎太院,裹粉炸,False,C:品牌映射,brand:黎太院,甜辣,False,C:品牌映射,brand:黎太院,堂食+外带,False,C:品牌映射,brand:黎太院,20-30,A,管城回族区,福都生活广场,口味:3.5 环境:3.5 服务:3.5 品种:3.5,8,,,0,,,
G5gu4DjqPbXKsRof,凯尚达炸鸡(高新万科店),美式/西式,False,C:品牌映射,brand:凯尚达,整鸡/大单品+鸡块/鸡米花/鸡柳,True,C:品牌映射,brand:凯尚达,裹粉炸,False,C:品牌映射,brand:凯尚达,原味+酸甜,True,C:品牌映射,brand:凯尚达,档口/摊位,False,C:品牌映射,brand:凯尚达,10-15,A,中原区,科学大道,口味:3.7 环境:3.7 服务:3.7,6,1,1,0,招牌三合一_香酥鸡柳软糯年糕薯条三合一_特味鸡柳_三合一鸡柳薯条年糕_甘梅薯条_特味鸡柳雪花鸡柳拼盘,,
k4QMM45FEtREXBNR,周小燕炸鸡(富田九鼎华府店),Unknown,False,D:无证据,,Unknown,False,D:无证据,,Unknown,False,D:无证据,,Unknown,False,D:无证据,,Unknown,False,D:无证据,,Unknown,D,管城回族区,管城回族区,,,,,0,,,
l986OUxJwwr1T3tM,刘婉婉生炸妙龄鸡(东城花园店),中式,False,C:品牌映射,brand:刘婉婉,鸡架/锁骨/叉骨+鸡块/鸡米花/鸡柳,True,C:品牌映射,brand:刘婉婉,生炸/现炸,False,C:品牌映射,brand:刘婉婉,原味,False,C:品牌映射,brand:刘婉婉,档口/摊位,False,C:品牌映射,brand:刘婉婉,<10,A,登封市,登封市,口味:4.0 环境:4.0 服务:4.0,13,,1,4,鸡背肉_奶香地瓜条_叉骨_现炸黄金鸡柳_无骨上腿肉,,
H2S3H0E2mYFFGVIN,正新鸡排·炸鸡烧烤(告成大街店),美式/西式,False,C:品牌映射,brand:正新,整鸡/大单品+鸡翅+鸡排+鸡块/鸡米花/鸡柳,True,C:品牌映射,brand:正新,裹粉炸,False,C:品牌映射,brand:正新,原味,False,C:品牌映射,brand:正新,档口/摊位,False,C:品牌映射,brand:正新,10-15,A,登封市,登封市,,,1,1,0,中国鸡排汉堡_正新大烤肠_吮指鸡块_欢乐炸鸡桶_原味大鸡排_金锤翅根桶,,
ivvsPnzCJVQl2a32,正新鸡排·炸鸡烧烤(汉武路店),美式/西式,False,C:品牌映射,brand:正新,鸡排,False,C:品牌映射,brand:正新,裹粉炸,False,C:品牌映射,brand:正新,原味,False,C:品牌映射,brand:正新,档口/摊位,False,C:品牌映射,brand:正新,10-15,A,登封市,登封市,,,1,,0,中国鸡排汉堡_正新大烤肠_爆料鸡排,,
k95cx1zg112nDBUY,酥小酥中式炸鸡汉堡,中式,False,C:店名推断,中式炸鸡,Unknown,False,D:无证据,,Unknown,False,D:无证据,,Unknown,False,D:无证据,,含外卖,False,B:外卖字段,1,Unknown,D,登封市,登封市,,,1,,0,,,
l16xCz7tInPKI2DM,五元面条馆,Unknown,False,D:无证据,,Unknown,False,D:无证据,,Unknown,False,D:无证据,,Unknown,False,D:无证据,,Unknown,False,D:无证据,,Unknown,D,中牟县,白沙镇,,,,,0,,,
l7VNBX4Bmovs4bBZ,鸡柳大人(中牟郑州工商学院店),中式,False,C:品牌映射,brand:鸡柳大人,整鸡/大单品+鸡腿+鸡翅+鸡架/锁骨/叉骨+鸡块/鸡米花/鸡柳,True,C:品牌映射,brand:鸡柳大人,生炸/现炸,False,C:品牌映射,brand:鸡柳大人,原味+蒜香+酱香,True,C:品牌映射,brand:鸡柳大人,档口/摊位,False,C:品牌映射,brand:鸡柳大人,10-15,A,中牟县,白沙镇,,,,,4,蜜汁鸡锁骨_香酥鸡烤饼_黑金鸡米花_鸡柳年糕薯条三合一_脆皮年糕_爆汁鸡腿_黄金鸡翅尖_香酥鸡柳_蒜香排骨_掌中宝,,
laokL5ftNPUg6ZGP,空空·烧饼炸串,韩式,False,C:品牌映射,brand:空空,鸡块/鸡米花/鸡柳,False,C:品牌映射,brand:空空,裹粉炸,False,C:品牌映射,brand:空空,甜辣,False,C:品牌映射,brand:空空,外卖型,False,C:品牌映射,brand:空空,Unknown,D,中原区,瑞达路沿线,,,,,0,,,
ka2YrpTExm29CdVV,蒜香中式炸鸡,中式,False,C:店名推断,中式炸鸡,Unknown,False,D:无证据,,Unknown,False,D:无证据,,蒜香,False,C:店名推断,蒜香,含外卖,False,B:外卖字段,1,Unknown,D,登封市,登封一中/国际商贸城,,,1,,0,,,
G7dqkN4EDuBAHwbo,故事里·黄油芝士炸鸡火鸡面,韩式,False,C:店名推断,芝士炸鸡,Unknown,False,D:无证据,,Unknown,False,D:无证据,,甜辣,False,C:店名推断,芝士,堂食+外卖+团购,False,B:多字段组合,外卖:1/团购:1,Unknown,D,登封市,百货大楼/中天广场,,,1,1,0,虾皮茼蒿_线椒炒红薯杆_红烧大鲤鱼_青椒炒鸭蛋,,
H54tJc9rd7IgJp4T,炸串.勾魂小串,地方特色,False,A:菜品直接证据,广式,鸡排+鸡脖/其他部位,True,A:菜品直接证据,鸡排;鸡心,Unknown,False,D:无证据,,原味,False,A:菜品直接证据,香酥,堂食+外卖+团购,False,B:多字段组合,外卖:1/团购:1,<10,A,登封市,百货大楼/中天广场,,,1,1,0,哞哞小牛肉_香酥小鸡排_小鸡心_香嫩炸豆结_广式小腊肠_哞哞小肉串_爱心小莲藕片_脆口炸豆皮_脆脆金针菇_咯咯小鸡肉,,
k2R33V5fiCUltSkM,小申家甘梅薯条叉骨炸鸡,Unknown,False,D:无证据,,鸡架/锁骨/叉骨,False,C:店名推断,叉骨,Unknown,False,D:无证据,,酸甜,False,C:店名推断,甘梅,Unknown,False,D:无证据,,Unknown,D,登封市,百货大楼/中天广场,,,,,0,,,
HaWvha3Bea0g1fgz,郑昊明韩式炸鸡·火鸡面,韩式,False,C:店名推断,韩式,Unknown,False,D:无证据,,Unknown,False,D:无证据,,Unknown,False,D:无证据,,含外卖,False,B:外卖字段,1,15-20,A,中牟县,白沙镇,,,1,,0,,,
G5LSrRvEqyVAVHOl,KimMin-Hee韩式炸鸡(白沙店),韩式,False,C:品牌映射,brand:KimMin-Hee,鸡块/鸡米花/鸡柳,False,C:品牌映射,brand:KimMin-Hee,裹粉炸,False,C:品牌映射,brand:KimMin-Hee,甜辣,False,C:品牌映射,brand:KimMin-Hee,外卖型,False,C:品牌映射,brand:KimMin-Hee,15-20,A,中牟县,白沙镇,,,1,1,0,,,
l37FkMkxd8m2vq9Z,老韩煸鸡·中国炸鸡(亚细亚卓悦城店),中式,False,C:店名推断,中国炸鸡,整鸡/大单品+鸡翅+鸡架/锁骨/叉骨,True,A:菜品直接证据,大鸡;翅根;鸡架,煸制,False,A:菜品直接证据,煸,香辣,False,A:菜品直接证据,辣子,堂食+外卖+团购,False,B:多字段组合,外卖:1/团购:1,20-30,A,二七区,西大街,口味:3.5 环境:3.5 服务:3.5,6,1,1,4,干煸牙签肉_干煸多肉叉骨_干煸大鸡架_招牌干煸脆脆骨_新品干煸筋棒腿_干煸辣子鸡贝贝_有骨辣子鸡_招牌无骨辣子鸡_新品干煸翅根_镇店之宝辣子贝贝,,
G9jbuDs8nO1V790t,疯狂炸肉(大上海城东太康路店),Unknown,False,D:无证据,,Unknown,False,D:无证据,,Unknown,False,D:无证据,,Unknown,False,D:无证据,,Unknown,False,D:无证据,,Unknown,D,二七区,西大街,,,,,0,,,
G1dXGDMZ1OPpGcB5,优品炸鸡炸鱼,Unknown,False,D:无证据,,Unknown,False,D:无证据,,Unknown,False,D:无证据,,Unknown,False,D:无证据,,Unknown,False,D:无证据,,Unknown,D,中原区,西元国际广场,,,,,0,,,
laNSrW00yHDmLvKa,香酥炸鸡,Unknown,False,D:无证据,,Unknown,False,D:无证据,,裹粉炸,False,C:店名推断,酥炸,原味,False,C:店名推断,香酥,Unknown,False,D:无证据,,Unknown,D,荥阳市,荥阳市,,,,,0,,,
G7dC6Fk12GxFY7e1,胖妮炸串,Unknown,False,D:无证据,,Unknown,False,D:无证据,,Unknown,False,D:无证据,,Unknown,False,D:无证据,,Unknown,False,D:无证据,,Unknown,D,荥阳市,荥阳市,,,,,0,,,
H5EROw3PMvvgcbvF,佑味轩炸货铺,Unknown,False,D:无证据,,Unknown,False,D:无证据,,Unknown,False,D:无证据,,Unknown,False,D:无证据,,含外卖,False,B:外卖字段,1,Unknown,D,新密市,行政服务中心,,,1,,0,,,
H57MFkVctG2Ek8fP,Obligi Chicken韩式炸鸡(西亚斯店),韩式,False,A:菜品直接证据,韩式,整鸡/大单品,False,A:菜品直接证据,全鸡,Unknown,False,D:无证据,,蒜香+甜辣+酱香,True,A:菜品直接证据,蒜香;蜂蜜;酱油,堂食+外卖+团购,False,B:多字段组合,外卖:1/团购:1,15-20,A,新郑市,西亚斯大学,,,1,1,0,酥皮全鸡_韩式年糕条_蜂蜜柠檬_奶香芝士_蒜香酱油_清香柚子_韩式年糕,,
H5fLqwzGwSnvwmjp,老时光炸串,Unknown,False,D:无证据,,鸡排,False,A:菜品直接证据,鸡排,Unknown,False,D:无证据,,甜辣,True,A:菜品直接证据,芝士;菠萝,Unknown,False,D:无证据,,Unknown,D,荥阳市,荥阳市人民医院,,1,,,0,素鸡肠_弹力鱼棒_芝麻光饼串_竹笋串_红萝卜串_蕨菜串_黄瓜串_春卷炸排_彩沙拉丝芝士棒_藤椒鸡排,,
j3Z8Z3sf3191MvTz,瑞恒斋炸鸡,Unknown,False,D:无证据,,Unknown,False,D:无证据,,Unknown,False,D:无证据,,Unknown,False,D:无证据,,含外卖,False,B:外卖字段,1,20-30,A,新郑市,西亚斯大学,,,1,,0,,,
G5vCdoJ2erL5QjEe,姐妹花生炸鸡架(天悦湾店),Unknown,False,D:无证据,,整鸡/大单品+鸡腿+鸡架/锁骨/叉骨+鸡块/鸡米花/鸡柳+鸡脖/其他部位,True,A:菜品直接证据,大鸡;鸡腿;鸡架;鸡柳;鸡胗,生炸/现炸,False,A:菜品直接证据,生炸,酸甜,False,A:菜品直接证据,甘梅,堂食+外卖+团购,False,B:多字段组合,外卖:1/团购:1,<10,A,荥阳市,荥阳汽车站,口味:4.0 环境:4.0 服务:4.0,,1,1,0,生炸鸡架_生炸手枪腿_生炸大鸡腿_海苔鸡柳_柠檬爆汁鸡叉骨_甘梅薯条_鸡背肉_生炸鸡胗_生炸鸡背面肉_生炸鸡叉骨,,
H8RW4WsqjxqioFzg,刘婉婉生炸妙龄鸡(汜河路店),中式,False,C:品牌映射,brand:刘婉婉,鸡架/锁骨/叉骨+鸡块/鸡米花/鸡柳,True,C:品牌映射,brand:刘婉婉,生炸/现炸,False,C:品牌映射,brand:刘婉婉,原味,False,C:品牌映射,brand:刘婉婉,档口/摊位,False,C:品牌映射,brand:刘婉婉,<10,A,荥阳市,荥阳汽车站,,,,1,1,鸡背肉_叉骨_奶香地瓜条_无骨上腿肉_现炸黄金鸡柳,,
l9YuHwKHHPy337jo,张好炸鸡,Unknown,False,D:无证据,,Unknown,False,D:无证据,,Unknown,False,D:无证据,,Unknown,False,D:无证据,,Unknown,False,D:无证据,,Unknown,D,荥阳市,荥阳植物园,,,,,0,,,
l6Ld1CHIBwmWX8ip,贼喇香生炸鸡架,Unknown,False,D:无证据,,鸡腿+鸡架/锁骨/叉骨+鸡脖/其他部位,True,A:菜品直接证据,鸡腿;鸡架;鸡胗,生炸/现炸,False,A:菜品直接证据,生炸,Unknown,False,D:无证据,,堂食+外卖+团购,False,B:多字段组合,外卖:1/团购:1,Unknown,D,荥阳市,荥阳汽车站,口味:3.4 环境:3.4 服务:3.4,,1,1,0,生炸鸡背肉_生炸鸡胗_不裹面粉生炸小鸡腿_生炸手枪腿_精品V型鸡叉骨_生炸鸡架_去骨鸡腿肉拼盘,,
GaKPOI6PONnQsN5n,炸鸡皇后(郑东商业中心店),复合型,False,A:菜品直接证据,摩登,整鸡/大单品+鸡腿,True,A:菜品直接证据,大鸡;鸡腿,煸制,False,A:菜品直接证据,煸,原味+甜辣+椒盐+酱香,True,A:菜品直接证据,原切;芝士;椒麻;奥尔良,堂食+外卖+团购,False,B:多字段组合,外卖:1/团购:1,20-30,A,管城回族区,郑州东站,口味:4.0 环境:4.0 服务:4.0,195,1,1,0,碱香椒麻大大鸡腿Q堡_干煸椒麻伴翅_碱香瀑布芝士牛肉Q堡_黄金厚切脆薯格_摩登可乐_原切焦脆洋葱圈_天妇罗蟹味柳_青桔柠檬汁_碱香奥尔良板烧Q堡_青花椒大鸡腿,,
l1J21ViH5u0BNHHO,真香脆皮炸鸡(康复前街店),中式,False,A:菜品直接证据,香酥鸡,整鸡/大单品+鸡腿+鸡排+鸡架/锁骨/叉骨,True,A:菜品直接证据,香酥鸡;鸡腿;鸡排;叉骨,裹粉炸,False,C:店名推断,脆皮,原味,False,A:菜品直接证据,香酥,堂食+外卖+团购,False,B:多字段组合,外卖:1/团购:1,Unknown,D,二七区,郑州大学,,,1,1,0,叉骨鸡排_无骨鸡腿块_香酥鸡排,,
k4Pbm0kUmNX4PC9B,自选菜,Unknown,False,D:无证据,,Unknown,False,D:无证据,,Unknown,False,D:无证据,,Unknown,False,D:无证据,,Unknown,False,D:无证据,,Unknown,D,管城回族区,郑州东站,,,,,0,,,
l3hNkl6DINCnI0ny,喜胡同鲜炸鸡(康复前街店),Unknown,False,D:无证据,,整鸡/大单品+鸡腿+鸡排+鸡架/锁骨/叉骨,True,A:菜品直接证据,全鸡;鸡腿;鸡排;鸡架,裹粉炸,True,A:菜品直接证据,脆皮;生炸,原味,False,A:菜品直接证据,香酥,堂食+外卖+团购,False,B:多字段组合,外卖:1/团购:1,15-20,A,二七区,郑州大学,口味:3.9 环境:3.9 服务:3.9,3,1,1,0,爆汁小鸡腿_生炸大鸡架_香酥平菇_鸡鲍鱼_香酥脆皮全鸡_焦香鸡叉骨_现做酸梅汤_心形大鸡排,,
l2B4WTlQhbJMYPzz,尕凤生炸鸡架,Unknown,False,D:无证据,,鸡架/锁骨/叉骨,False,C:店名推断,鸡架,生炸/现炸,False,C:店名推断,生炸,Unknown,False,D:无证据,,Unknown,False,D:无证据,,10-15,A,二七区,郑铁体育中心,,,,,0,,,
k15EJJz0lPUnXE7F,鸡排夫人,Unknown,False,D:无证据,,鸡排,False,C:店名推断,鸡排,Unknown,False,D:无证据,,Unknown,False,D:无证据,,Unknown,False,D:无证据,,Unknown,D,二七区,郑铁体育中心,,,,,0,,,
H8vdrijFTORHzRpB,现酥记中国炸鸡,中式,False,C:店名推断,中国炸鸡,Unknown,False,D:无证据,,Unknown,False,D:无证据,,Unknown,False,D:无证据,,Unknown,False,D:无证据,,Unknown,D,二七区,郑铁体育中心,,,,,0,,,
jxveNv1FeybW65Sv,刘婉婉生炸妙龄鸡(郑州大学店),中式,False,C:品牌映射,brand:刘婉婉,整鸡/大单品+鸡架/锁骨/叉骨+鸡块/鸡米花/鸡柳+鸡脖/其他部位,True,C:品牌映射,brand:刘婉婉,生炸/现炸,False,C:品牌映射,brand:刘婉婉,原味+香辣,True,C:品牌映射,brand:刘婉婉,档口/摊位,False,C:品牌映射,brand:刘婉婉,<10,A,中原区,郑州大学新校区,口味:3.5 环境:3.5 服务:3.5,15,1,1,12,鸡背肉_黄金鸡肉卷_无骨辣子鸡_妙龄鸡_鸡贝贝_生炸全鸡架_现炸黄金鸡柳_香酥炸鸡皮_奶香地瓜条_无骨上腿肉,,
k1mysagg7vBh0ME4,老巷酱香炸串拌饼,Unknown,False,D:无证据,,Unknown,False,D:无证据,,Unknown,False,D:无证据,,酱香,False,C:店名推断,酱香,含外卖,False,B:外卖字段,1,Unknown,D,中原区,郑州大学新校区,,,1,,0,,,
k5xdIj65xfJgl2C4,鸡柳卷饼炸蘑菇炸鸡馍炸鸡,Unknown,False,D:无证据,,鸡块/鸡米花/鸡柳,False,C:店名推断,鸡柳,Unknown,False,D:无证据,,Unknown,False,D:无证据,,含外卖,False,B:外卖字段,1,Unknown,D,中原区,郑州大学新校区,,,1,,0,,,
H47qyrdTYDCvirYS,DaQiu韩式炸鸡·火鸡面(金梭路孔园南店),韩式,False,C:店名推断,韩式,Unknown,False,D:无证据,,Unknown,False,D:无证据,,Unknown,False,D:无证据,,含外卖,False,B:外卖字段,1,15-20,A,中原区,郑州大学新校区,,,1,,0,,,
k2wYrZrnR6HoqNYJ,鸡柳大人(绿地360广场店),中式,False,C:品牌映射,brand:鸡柳大人,整鸡/大单品+鸡翅+鸡块/鸡米花/鸡柳,True,C:品牌映射,brand:鸡柳大人,生炸/现炸,False,C:品牌映射,brand:鸡柳大人,原味+香辣+蒜香,True,C:品牌映射,brand:鸡柳大人,档口/摊位,False,C:品牌映射,brand:鸡柳大人,10-15,A,金水区,郑东新区,口味:3.9 环境:3.9 服务:3.9,20,1,1,38,香辣里脊串_招牌三合一_精选双拼_掌中宝_黄金鸡翅尖_黑金鸡米花_蒜香排骨_冰粉_香酥鸡烤饼_香酥鸡柳,,
G2IVmD3hAAjB2LV2,眷乐堡韩式炸鸡汉堡,韩式,False,C:店名推断,韩式,Unknown,False,D:无证据,,Unknown,False,D:无证据,,Unknown,False,D:无证据,,Unknown,False,D:无证据,,Unknown,D,金水区,郑东新区,,,,,0,,,
l4LYnZoSoNaCpu2f,夸父炸串(郑东万象城店),中式,False,C:品牌映射,brand:夸父,整鸡/大单品+鸡腿+鸡架/锁骨/叉骨,True,C:品牌映射,brand:夸父,生炸/现炸,False,C:品牌映射,brand:夸父,香辣,False,C:品牌映射,brand:夸父,档口/摊位,False,C:品牌映射,brand:夸父,20-30,A,金水区,郑东新区CBD,口味:3.6 环境:3.5 服务:3.8,1,1,1,0,雪花鸡肉棒_招牌生炸鸡架_童年淀粉肠_甜甜玉米粒_旋风大面筋_生炸鸡腿排_蝴蝶结豆扣_嫩嫩鸡肉串_酸豆角苕皮串_蝴蝶结豆扣串,,
k5xYcPy4UkNyIc9d,刘婉婉生炸妙龄鸡(中海锦苑店),中式,False,C:品牌映射,brand:刘婉婉,整鸡/大单品,False,C:品牌映射,brand:刘婉婉,生炸/现炸,False,C:品牌映射,brand:刘婉婉,原味,False,C:品牌映射,brand:刘婉婉,档口/摊位,False,C:品牌映射,brand:刘婉婉,<10,A,金水区,财院/轻工业学院,口味:3.5 环境:3.6 服务:3.6,5,1,1,12,鸡背肉_奶香地瓜条_现炸黄金鸡柳_无骨上腿肉_黄金鸡肉卷_无骨辣子鸡,,
k96nQaEGfOnAYbOA,烙馍卷面筋烤冷面炸串,Unknown,False,D:无证据,,Unknown,False,D:无证据,,Unknown,False,D:无证据,,Unknown,False,D:无证据,,堂食+外卖+团购,False,B:多字段组合,外卖:1/团购:1,<10,A,金水区,财院/轻工业学院,口味:3.3 环境:3.3 服务:3.3,3,1,1,0,洛馍卷面筋_烙馍卷鱼豆腐_烤小面筋_可乐两瓶,,
FgrD98UT5nQ7rfsg,兜仕茶汉堡炸鸡(辛店店),Unknown,False,D:无证据,,Unknown,False,D:无证据,,Unknown,False,D:无证据,,甜辣,False,A:菜品直接证据,蜂蜜,含团购,False,B:团购字段,1,15-20,A,新郑市,新郑市,,,,1,0,四季春乌龙茶_小茉莉_蜂蜜红茶_小青柑爆柠茶_风味牛肉堡,,
H2JP5ELHHzvn22dU,柠檬队长奥小良炸鸡(新郑店),Unknown,False,D:无证据,,Unknown,False,D:无证据,,Unknown,False,D:无证据,,Unknown,False,D:无证据,,含外卖,False,B:外卖字段,1,Unknown,D,新郑市,新郑机场,,,1,,0,,,
H7tCanZjeumL33FV,一木炸鸡,Unknown,False,D:无证据,,Unknown,False,D:无证据,,Unknown,False,D:无证据,,Unknown,False,D:无证据,,Unknown,False,D:无证据,,Unknown,D,新郑市,新郑市,,,,,0,,,
G27Cg4JTGmFXEemu,二十二號韩式炸鸡自助,韩式,False,A:菜品直接证据,韩式,鸡架/锁骨/叉骨,False,A:菜品直接证据,鸡架,裹粉炸,False,A:菜品直接证据,粉炸,香辣+蒜香+甜辣+酱香+酸甜,True,A:菜品直接证据,辣;蒜香;甜辣;酱油;甘梅,堂食+外带,False,C:店名推断,自助,20-30,A,管城回族区,美景鸿城,,,,1,0,甜辣鸡架_鸡肉锅巴_炸鸡无限自助_火龙果酱韩式炸鸡_雪花芝士球_草莓大福_牛肉披萨_甘梅撒粉炸鸡_蒜香酱油韩式炸鸡_玉米奶酪韩式炸鸡,,
G8BrbwEpf6DSQtXx,哆样·中国炸鸡,中式,False,C:店名推断,中国炸鸡,Unknown,False,D:无证据,,Unknown,False,D:无证据,,Unknown,False,D:无证据,,含外卖,False,B:外卖字段,1,10-15,A,管城回族区,美景鸿城,,,1,,0,,,
G85JS3glo50i9rhg,鲜肉炸郑州中式炸鸡,中式,False,C:店名推断,中式炸鸡,Unknown,False,D:无证据,,Unknown,False,D:无证据,,Unknown,False,D:无证据,,含外卖,False,B:外卖字段,1,Unknown,D,管城回族区,美景鸿城,,,1,,0,,,
l9YDJLUENZzlA6fh,旺角中式鲜炸鸡,中式,False,C:店名推断,中式,Unknown,False,D:无证据,,生炸/现炸,False,C:店名推断,鲜炸,Unknown,False,D:无证据,,Unknown,False,D:无证据,,Unknown,D,新郑市,航空港区,,,,,0,,,
Haay8MJIQSfJx79C,炸鸡大王,Unknown,False,D:无证据,,Unknown,False,D:无证据,,Unknown,False,D:无证据,,Unknown,False,D:无证据,,Unknown,False,D:无证据,,Unknown,D,金水区,曼哈顿广场/英协路,,,,,0,,,
E8l5Z4GHf1lm71of,故里炸鸡(郑州管城美景鸿城店),复合型,False,A:菜品直接证据,摩登,整鸡/大单品+鸡腿,True,A:菜品直接证据,全鸡;鸡腿;翅尖;鸡架;鸡柳;鸡胗,裹粉炸,True,A:菜品直接证据,脆皮;生炸,原味+蒜香+酸甜,True,A:菜品直接证据,香酥;辣;蒜香;蜂蜜;椒盐;蜜汁;糖醋,堂食+外卖+团购,False,B:多字段组合,外卖:1/团购:1,10-15,A,管城回族区,美景鸿城,口味:3.5 环境:3.5 服务:3.5,,1,1,1,蒜香鸡腿_肉肉大剧场_脆皮全鸡_飙汁大鸡腿_流心豆腐_鲜炸香卤全鸡_故里小鸡腿_糖醋炸南瓜_盐酥杏鲍鱼菇_香酥蘑菇,,
l2RnUUTMQPQkuFSW,涛哥蒜香炸鸡,Unknown,False,D:无证据,,Unknown,False,D:无证据,,Unknown,False,D:无证据,,蒜香,False,C:店名推断,蒜香,Unknown,False,D:无证据,,Unknown,D,新郑市,航空港区,,,,,0,,,
k70InISKQyRDz2Hg,临榆炸鸡腿(星月广场店),中式,False,C:品牌映射,brand:临榆,鸡腿,True,"C:店名推断(修正,优先于品牌映射)",brand:临榆,腌炸,False,C:品牌映射,brand:临榆,原味,False,C:品牌映射,brand:临榆,档口/摊位,False,C:品牌映射,brand:临榆,<10,A,巩义市,星月时代广场,口味:3.5 环境:3.5 服务:3.5,,1,1,0,炸全翅_楂楂鸡块_招牌炸鸡腿_黄金炸蘑菇_豆皮鸡肉卷_黄金香骨鸡_黄金鸡叉骨_香骨鸡_香酥琵琶腿_鸡肉条,鸡排,brand_product_conflict
G8JxWzO4Sn38YeAz,怪味炸鸡,Unknown,False,D:无证据,,Unknown,False,D:无证据,,Unknown,False,D:无证据,,Unknown,False,D:无证据,,Unknown,False,D:无证据,,Unknown,D,金水区,普罗旺世/庙李,,,,,0,,,
H2098BCfkPvqcgk8,0090炸鸡汉堡,Unknown,False,D:无证据,,Unknown,False,D:无证据,,Unknown,False,D:无证据,,Unknown,False,D:无证据,,含外卖,False,B:外卖字段,1,15-20,A,惠济区,惠济区,口味:3.5 环境:3.5 服务:3.5,4,1,,0,小食拼盒,,
l6dBQ8oFwQMkK0sV,泼辣姐,Unknown,False,D:无证据,,Unknown,False,D:无证据,,Unknown,False,D:无证据,,香辣,False,C:店名推断,辣,Unknown,False,D:无证据,,Unknown,D,新密市,新密市,,,,,0,,,
H6sBtgcyRE03CKAb,刘婉婉生炸妙龄鸡(黄店镇店),中式,False,C:品牌映射,brand:刘婉婉,鸡架/锁骨/叉骨+鸡块/鸡米花/鸡柳,True,C:品牌映射,brand:刘婉婉,生炸/现炸,False,C:品牌映射,brand:刘婉婉,原味,False,C:品牌映射,brand:刘婉婉,档口/摊位,False,C:品牌映射,brand:刘婉婉,10-15,A,管城回族区,中牟县,,,,1,9,鸡背肉_叉骨_奶香地瓜条_无骨上腿肉_现炸黄金鸡柳,,
laq2JjnCETvmQ4aB,凯尚达炸鸡,美式/西式,False,C:品牌映射,brand:凯尚达,鸡排,False,C:品牌映射,brand:凯尚达,裹粉炸,False,C:品牌映射,brand:凯尚达,原味,False,C:品牌映射,brand:凯尚达,档口/摊位,False,C:品牌映射,brand:凯尚达,10-15,A,新郑市,航空港区,,,,,0,,,
iuakjWzn6D6i3Cp2,炸鸡炸鱼,Unknown,False,D:无证据,,Unknown,False,D:无证据,,Unknown,False,D:无证据,,Unknown,False,D:无证据,,Unknown,False,D:无证据,,Unknown,D,惠济区,惠济区,,,,,0,,,
l18smUmelb4IohiH,鸡排炸鸡汉堡(家联华店),Unknown,False,D:无证据,,鸡腿+鸡架/锁骨/叉骨+鸡块/鸡米花/鸡柳,True,A:菜品直接证据,鸡腿;叉骨;鸡米花,Unknown,False,D:无证据,,原味,True,A:菜品直接证据,原味;奥尔良;甘梅,Unknown,False,D:无证据,,Unknown,D,荥阳市,荥阳市,,,,,0,大脸鸡块_巧克力奶茶_奥尔良鸡腿_柠檬汁_红枣牛奶_御膳叉骨_薯条_芒果汁_雪花鸡柳_玉米杯,,
H21RTsWWwQeU0evf,爆掌柜生炸鸡架(广武中山路店),中式,False,C:品牌映射,brand:爆掌柜,整鸡/大单品+鸡腿+鸡翅+鸡架/锁骨/叉骨+鸡块/鸡米花/鸡柳,True,C:品牌映射,brand:爆掌柜,生炸/现炸,False,C:品牌映射,brand:爆掌柜,香辣+酱香,True,C:品牌映射,brand:爆掌柜,档口/摊位,False,C:品牌映射,brand:爆掌柜,10-15,A,荥阳市,荥阳市,口味:3.6 环境:3.6 服务:3.6,4,1,1,2,生炸鸡架_爆汁小鸡腿_无骨鸡柳_咖喱鸡柳肉夹饼_五香里脊肉夹饼_奥尔良腿排夹饼_生炸大鸡翅_生炸手枪腿_生炸麻辣翅尖_招牌生炸鸡架,,
E44PTKT1Du94Xhay,凤姐特色炸鸡,Unknown,False,D:无证据,,Unknown,False,D:无证据,,Unknown,False,D:无证据,,Unknown,False,D:无证据,,Unknown,False,D:无证据,,Unknown,D,荥阳市,荥阳市,,,,,0,,,
l9XWxCdIQ3tnlk1I,韩鲜生韩式炸鸡,韩式,False,A:菜品直接证据,火鸡面,整鸡/大单品,True,A:菜品直接证据,炸鸡块;鸡块,Unknown,False,D:无证据,,甜辣,False,A:菜品直接证据,芝士,堂食+外卖+团购,False,B:多字段组合,外卖:1/团购:1,Unknown,D,新郑市,新区/华信学院,,,1,1,0,三养火鸡面_无骨炸鸡块_酥酥无骨腿肉_芝士球,,
EUAMueToocZLABj3,味鼎九州韩国炸鸡,韩式,False,C:店名推断,韩国炸鸡,Unknown,False,D:无证据,,Unknown,False,D:无证据,,Unknown,False,D:无证据,,Unknown,False,D:无证据,,Unknown,D,新郑市,新郑市,,,,,0,,,
G44P5CjOQiOdr5OT,正新鸡排·炸鸡烧烤(新壹城店),美式/西式,False,C:品牌映射,brand:正新,整鸡/大单品+鸡翅+鸡排+鸡块/鸡米花/鸡柳,True,C:品牌映射,brand:正新,裹粉炸,False,C:品牌映射,brand:正新,原味,False,C:品牌映射,brand:正新,档口/摊位,False,C:品牌映射,brand:正新,10-15,A,新郑市,新村镇,口味:3.5 环境:3.5 服务:3.5,,1,1,0,香辣鸡排套_爆料鸡排_吮指鸡块_金锤翅根_金锤翅根桶_正新大烤肠_大鸡肉串_中国鸡排汉堡,,
k8j868MMLurhhZoj,生炸鸡架蒜香炸鸡,Unknown,False,D:无证据,,鸡架/锁骨/叉骨,False,C:店名推断,鸡架,生炸/现炸,False,C:店名推断,生炸,蒜香,False,C:店名推断,蒜香,含外卖,False,B:外卖字段,1,Unknown,D,新郑市,新村镇,,,1,,0,,,
iKOhZKRCOya8bAJ8,甜啦啦,Unknown,False,D:无证据,,Unknown,False,D:无证据,,Unknown,False,D:无证据,,Unknown,False,D:无证据,,Unknown,False,D:无证据,,10-15,A,新密市,新密市,口味:3.1 环境:3.1 服务:3.1,,,,0,蜜桃爽爽桶_粉荔桃桃_杨枝甘露,,
G7ZfGNe2n1cz78rl,馨德茶业,Unknown,False,D:无证据,,Unknown,False,D:无证据,,Unknown,False,D:无证据,,Unknown,False,D:无证据,,Unknown,False,D:无证据,,Unknown,D,新密市,新密市,,,,,0,,,
H194kLkG5LrQUn07,天冰冰淇淋,Unknown,False,D:无证据,,Unknown,False,D:无证据,,Unknown,False,D:无证据,,Unknown,False,D:无证据,,Unknown,False,D:无证据,,15-20,A,新密市,新密市,,,,,0,,,
l3x74jRqw7vsSfAU,炸鸡草FCM给料放题自助(新郑一江弘城店),Unknown,False,D:无证据,,Unknown,False,D:无证据,,Unknown,False,D:无证据,,Unknown,False,D:无证据,,堂食+外带,False,C:店名推断,自助,30-50,A,新郑市,新区/华信学院,口味:3.6 环境:3.6 服务:3.6,,,1,0,,,
FRswtuUZZ0fyWm7I,语姑娘中国炸鸡(华信店),中式,False,A:菜品直接证据,中式炸鸡,整鸡/大单品+鸡腿+鸡架/锁骨/叉骨,True,A:菜品直接证据,大鸡;鸡腿;鸡叉骨,Unknown,False,D:无证据,,Unknown,False,D:无证据,,含团购,False,B:团购字段,1,<10,A,新郑市,新区/华信学院,口味:3.5 环境:3.5 服务:3.5,1,,1,0,中式炸鸡叉骨_招牌手枪腿_中式爆汁大鸡腿_中式炸鸡叉骨拼盘,,
G61zgtgIRRwpAOXu,烧仙草,Unknown,False,D:无证据,,Unknown,False,D:无证据,,Unknown,False,D:无证据,,Unknown,False,D:无证据,,Unknown,False,D:无证据,,10-15,A,新密市,新密市,,,,,0,,,
G4rl6IdPMA0fzRYW,超牛咖,Unknown,False,D:无证据,,Unknown,False,D:无证据,,Unknown,False,D:无证据,,Unknown,False,D:无证据,,Unknown,False,D:无证据,,<10,A,新密市,新密市,,,,,0,,,
H3YzxmMwIuLbbvIn,郏县饸烙面,Unknown,False,D:无证据,,Unknown,False,D:无证据,,Unknown,False,D:无证据,,Unknown,False,D:无证据,,Unknown,False,D:无证据,,15-20,A,新密市,新密市,,,,,0,,,
G8eUYAnUC8EmnEsj,唐饮国风茶饮,Unknown,False,D:无证据,,Unknown,False,D:无证据,,Unknown,False,D:无证据,,Unknown,False,D:无证据,,Unknown,False,D:无证据,,Unknown,D,新密市,新密市,,,,,0,,,
l3ZttZkQSn3JVj7e,鹿鸣慢岛,Unknown,False,D:无证据,,Unknown,False,D:无证据,,Unknown,False,D:无证据,,Unknown,False,D:无证据,,Unknown,False,D:无证据,,Unknown,D,新密市,新密市,,,,,0,,,
G4nw5PZFrMlkM2Y4,花开伴夏慢嗨酒吧,Unknown,False,D:无证据,,Unknown,False,D:无证据,,Unknown,False,D:无证据,,Unknown,False,D:无证据,,Unknown,False,D:无证据,,Unknown,D,新密市,新密市,,,,,0,,,
iI0HwDlz7xacDkYH,姜龄集,Unknown,False,D:无证据,,Unknown,False,D:无证据,,Unknown,False,D:无证据,,Unknown,False,D:无证据,,Unknown,False,D:无证据,,20-30,A,新密市,新密市,,,,,0,东瓜山小肠,,
kak74rnAfXLLxZ8y,郭店丸子,Unknown,False,D:无证据,,Unknown,False,D:无证据,,Unknown,False,D:无证据,,Unknown,False,D:无证据,,Unknown,False,D:无证据,,Unknown,D,新密市,新密市,,,,,0,,,
EA82hNATYv6Py0qi,新鸡排,Unknown,False,D:无证据,,鸡排,False,C:店名推断,鸡排,Unknown,False,D:无证据,,Unknown,False,D:无证据,,Unknown,False,D:无证据,,Unknown,D,新密市,新密市,,,,,0,,,
k6Xk8ujzZ3Ewvab0,瑞丰长,Unknown,False,D:无证据,,Unknown,False,D:无证据,,Unknown,False,D:无证据,,Unknown,False,D:无证据,,Unknown,False,D:无证据,,Unknown,D,新密市,新密市,,,,,0,,,
G2XqE4It6wVZGNS8,法夫德曼巧克力,Unknown,False,D:无证据,,Unknown,False,D:无证据,,Unknown,False,D:无证据,,Unknown,False,D:无证据,,Unknown,False,D:无证据,,Unknown,D,新密市,新密市,,,,,0,,,
l5p19M0gD8Q0ouLM,六小六,Unknown,False,D:无证据,,Unknown,False,D:无证据,,Unknown,False,D:无证据,,Unknown,False,D:无证据,,Unknown,False,D:无证据,,Unknown,D,新密市,新密市,,,,,0,,,
G33mZWrV47ywCgri,延庆华炸鸡,Unknown,False,D:无证据,,Unknown,False,D:无证据,,Unknown,False,D:无证据,,Unknown,False,D:无证据,,Unknown,False,D:无证据,,Unknown,D,新密市,新密市,,,,,0,,,
G90Xiu5M8TRjZsxr,皇百界酱醋,Unknown,False,D:无证据,,Unknown,False,D:无证据,,Unknown,False,D:无证据,,Unknown,False,D:无证据,,Unknown,False,D:无证据,,Unknown,D,新密市,新密市,,,,,0,,,
k6VHj9EtwzG2C8Ye,熊鸠鸠烘焙,Unknown,False,D:无证据,,Unknown,False,D:无证据,,Unknown,False,D:无证据,,Unknown,False,D:无证据,,Unknown,False,D:无证据,,Unknown,D,新密市,新密市,,,,,0,,,
l5HteQbVXzRJLMFv,烤翅哥炸鸡,Unknown,False,D:无证据,,鸡翅,False,C:店名推断,烤翅,烤炸复合,False,C:店名推断,烤翅,Unknown,False,D:无证据,,Unknown,False,D:无证据,,Unknown,D,新密市,新密市,,,,,0,,,
l1u4vYoli1j7MAtH,雏田小院,Unknown,False,D:无证据,,Unknown,False,D:无证据,,Unknown,False,D:无证据,,Unknown,False,D:无证据,,Unknown,False,D:无证据,,Unknown,D,新密市,新密市,,,,,0,,,
k1w3SwmetBKK5hvp,大白兔艺术,Unknown,False,D:无证据,,Unknown,False,D:无证据,,Unknown,False,D:无证据,,Unknown,False,D:无证据,,Unknown,False,D:无证据,,Unknown,D,新密市,新密市,,,,,0,,,
HaKCVb47nsu8Stel,炸鸡联盟,Unknown,False,D:无证据,,Unknown,False,D:无证据,,Unknown,False,D:无证据,,Unknown,False,D:无证据,,含外卖,False,B:外卖字段,1,Unknown,D,新密市,新密市,,,1,,0,,,
k50Oe4EIfBqGkXHj,怀旧零食,Unknown,False,D:无证据,,Unknown,False,D:无证据,,Unknown,False,D:无证据,,Unknown,False,D:无证据,,Unknown,False,D:无证据,,Unknown,D,新密市,新密市,,,,,0,,,
H6fJYsDS3wXELOdG,艳子姐中国炸鸡,中式,False,C:店名推断,中国炸鸡,Unknown,False,D:无证据,,Unknown,False,D:无证据,,Unknown,False,D:无证据,,Unknown,False,D:无证据,,Unknown,D,新密市,新密市,,,,,0,,,
l4yJBY5PDYEMfkpO,安生吃酸辣拌粉,Unknown,False,D:无证据,,Unknown,False,D:无证据,,Unknown,False,D:无证据,,香辣,False,C:店名推断,辣,Unknown,False,D:无证据,,15-20,A,新密市,新密市,,,,,0,,,
H901F4S9jbuTqk2z,粉条坊,Unknown,False,D:无证据,,Unknown,False,D:无证据,,Unknown,False,D:无证据,,Unknown,False,D:无证据,,Unknown,False,D:无证据,,Unknown,D,新密市,新密市,,,,,0,,,
k8oivFSEq3mFbG37,扶摇一根面,Unknown,False,D:无证据,,Unknown,False,D:无证据,,Unknown,False,D:无证据,,Unknown,False,D:无证据,,Unknown,False,D:无证据,,Unknown,D,新密市,新密市,口味:3.4 环境:3.4 服务:3.4,,,,0,,,
H85izAikMVoyBcug,麦浪餐厅,Unknown,False,D:无证据,,Unknown,False,D:无证据,,Unknown,False,D:无证据,,Unknown,False,D:无证据,,堂食+外带,False,C:店名推断,餐厅,Unknown,D,新密市,新密市,口味:3.5 环境:3.5 服务:3.5,,,,0,,,
l1UGWrsnzwo4Owi0,延庆观汴梁炸鸡(溱洧水城店),中式,False,C:品牌映射,brand:延庆观,整鸡/大单品,False,C:品牌映射,brand:延庆观,卤炸,False,C:品牌映射,brand:延庆观,原味,False,C:品牌映射,brand:延庆观,档口/摊位,False,C:品牌映射,brand:延庆观,Unknown,D,新密市,新密市,,,,,0,,,
G71XuULC9o078l31,雀饮,Unknown,False,D:无证据,,Unknown,False,D:无证据,,Unknown,False,D:无证据,,Unknown,False,D:无证据,,Unknown,False,D:无证据,,10-15,A,新密市,新密市,口味:3.4 环境:3.5 服务:3.5,3,,,0,,,
kaUuY52UqKMcaP7I,小东烧烤,Unknown,False,D:无证据,,Unknown,False,D:无证据,,Unknown,False,D:无证据,,Unknown,False,D:无证据,,Unknown,False,D:无证据,,Unknown,D,新密市,新密市,,,,,0,,,
GaByOp9iOcWxK62x,半糖主义新中式糖水铺,中式,False,C:店名推断,中式,Unknown,False,D:无证据,,Unknown,False,D:无证据,,Unknown,False,D:无证据,,Unknown,False,D:无证据,,Unknown,D,新密市,新密市,,,,,0,,,
G7vkYBukXiCGvoCz,虎家牛肉,Unknown,False,D:无证据,,Unknown,False,D:无证据,,Unknown,False,D:无证据,,Unknown,False,D:无证据,,Unknown,False,D:无证据,,Unknown,D,新密市,新密市,,,,,0,,,
Ha0mzGIT8CY7hxYC,老城酥肉,Unknown,False,D:无证据,,Unknown,False,D:无证据,,Unknown,False,D:无证据,,Unknown,False,D:无证据,,Unknown,False,D:无证据,,Unknown,D,新密市,新密市,,,,,0,,,
G7WKt2FLp0i1apAU,酷啵啵蛋仔,Unknown,False,D:无证据,,Unknown,False,D:无证据,,Unknown,False,D:无证据,,Unknown,False,D:无证据,,Unknown,False,D:无证据,,10-15,A,新密市,新密市,口味:3.4 环境:3.4 服务:3.4,1,,,0,,,
k2NGhZDyDhVAo5bc,豫胖李草本炸鸡(大隗店),Unknown,False,D:无证据,,Unknown,False,D:无证据,,Unknown,False,D:无证据,,Unknown,False,D:无证据,,含外卖,False,B:外卖字段,1,Unknown,D,新密市,新密市,,,1,,0,,,
FFyFK2U4eXW7wK7v,正周人胡辣汤,Unknown,False,D:无证据,,Unknown,False,D:无证据,,Unknown,False,D:无证据,,香辣,False,C:店名推断,辣,Unknown,False,D:无证据,,15-20,A,新密市,新密市,,,,,0,,,
k7nztJpuEdCfvxpi,三顾烤串,Unknown,False,D:无证据,,Unknown,False,D:无证据,,Unknown,False,D:无证据,,Unknown,False,D:无证据,,Unknown,False,D:无证据,,Unknown,D,新密市,新密市,,,,,0,,,
HazTGIRgwl8jNqlg,豫佰味大食堂,Unknown,False,D:无证据,,Unknown,False,D:无证据,,Unknown,False,D:无证据,,Unknown,False,D:无证据,,Unknown,False,D:无证据,,Unknown,D,新密市,新密市,,,,,0,,,
l3i8liA3fv6t3yfl,快乐番薯,Unknown,False,D:无证据,,Unknown,False,D:无证据,,Unknown,False,D:无证据,,Unknown,False,D:无证据,,Unknown,False,D:无证据,,10-15,A,新密市,新密市,,,,,0,,,
l4FqurXQnLSq1xoj,祖师爷的杂货铺,Unknown,False,D:无证据,,Unknown,False,D:无证据,,Unknown,False,D:无证据,,Unknown,False,D:无证据,,Unknown,False,D:无证据,,Unknown,D,新密市,新密市,,,,,0,,,
HaORLWeEWscD6zeC,八卦炉烤肉,Unknown,False,D:无证据,,Unknown,False,D:无证据,,Unknown,False,D:无证据,,Unknown,False,D:无证据,,堂食+外带,False,C:店名推断,烤肉,Unknown,D,新密市,新密市,,,,,0,,,
l4W5iVyzmjf26HYe,不二凉粉,Unknown,False,D:无证据,,Unknown,False,D:无证据,,Unknown,False,D:无证据,,Unknown,False,D:无证据,,Unknown,False,D:无证据,,Unknown,D,新密市,新密市,,,,,0,,,
l3E7CIXYYpPX9R4K,生炸鸡架(薛店),Unknown,False,D:无证据,,鸡腿,True,A:菜品直接证据,鸡腿;鸡架,生炸/现炸,False,A:菜品直接证据,生炸,孜然,False,A:菜品直接证据,孜然,含团购,False,B:团购字段,1,<10,A,新郑市,新郑机场,口味:3.5 环境:3.5 服务:3.5,2,,1,0,,,
H66eyo5yKWnnIGy1,赵掌柜藤椒炸鸡店(薛店直营店),中式,True,A:菜品直接证据,香酥鸡;美式,整鸡/大单品+鸡腿+鸡排+鸡架/锁骨/叉骨+鸡块/鸡米花/鸡柳,True,A:菜品直接证据,大鸡;鸡腿;鸡排;鸡叉骨;鸡米花,裹粉炸,False,A:菜品直接证据,脆皮,原味+香辣+酸甜,True,A:菜品直接证据,香酥;香辣;孜然;黑胡椒;番茄,Unknown,False,D:无证据,,15-20,A,新郑市,新郑机场,口味:3.4 环境:3.5 服务:3.5,1,,,0,汉堡三兄弟_香酥鸡叉骨_脆皮鸡腿_甘梅大鸡排_香辣大鸡排_番茄酱大鸡排_美式薯条_美味小鸡腿_香酥手枪大鸡腿_藤椒鸡块,,
G4osaXBKUgsIjtIG,正新鸡排(遵大路店),美式/西式,False,C:品牌映射,brand:正新,鸡排,False,C:品牌映射,brand:正新,裹粉炸,False,C:品牌映射,brand:正新,甜辣+黑胡椒,True,C:品牌映射,brand:正新,档口/摊位,False,C:品牌映射,brand:正新,10-15,A,新郑市,新郑机场,口味:3.4 环境:3.4 服务:3.4,2,,,0,小鸭肠串_猪肉开花肠_小牛肉串_小鱿鱼串_劲脆虾堡_正新烤面筋_正新鸭肉_正新乳酸菌_黑椒鸡块_拉丝芝士棒,,
H2ZiQcLXGXAjp9vL,炸鸡皇后(薛店镇店),美式/西式,False,A:菜品直接证据,吮指,整鸡/大单品+鸡腿+鸡排+鸡块/鸡米花/鸡柳,True,A:菜品直接证据,全鸡;鸡腿;鸡排;鸡块,裹粉炸,False,A:菜品直接证据,脆皮,甜辣+酸甜,True,A:菜品直接证据,芝士;甘梅,堂食+外卖+团购,False,B:多字段组合,外卖:1/团购:1,15-20,A,新郑市,新郑机场,口味:3.7 环境:3.5 服务:3.5,15,1,1,0,吮指年糕_五香脆皮全鸡_甘梅_五香鸡腿_青花椒鸡腿_芝士拉丝热狗棒_比脸大爱心鸡排_香香鸡块_五香腿肉块_高山小土豆,,
G4Cq4ZpBro9PZcjL,奥小良炸鸡,Unknown,False,D:无证据,,鸡块/鸡米花/鸡柳,False,A:菜品直接证据,鸡柳,Unknown,False,D:无证据,,Unknown,False,D:无证据,,含团购,False,B:团购字段,1,<10,A,新郑市,新郑机场,口味:3.5 环境:3.5 服务:3.5,1,,1,0,炸小鱼_炸带鱼_炸鸡柳_炸雪花鸡柳,,
G6FeVX1cbb8fEAhm,星星炸串(薛店商业广场店),Unknown,False,D:无证据,,Unknown,False,D:无证据,,Unknown,False,D:无证据,,Unknown,False,D:无证据,,含外卖,False,B:外卖字段,1,Unknown,D,新郑市,新郑机场,,,1,,0,,,
l5xtCVEc1Smb2YFq,延庆观炸鸡(盛世文园店),中式,False,C:品牌映射,brand:延庆观,整鸡/大单品,False,C:品牌映射,brand:延庆观,卤炸,False,C:品牌映射,brand:延庆观,原味,False,C:品牌映射,brand:延庆观,档口/摊位,False,C:品牌映射,brand:延庆观,15-20,A,新郑市,新郑机场,口味:4.0 环境:4.0 服务:4.0,139,1,,0,代金卷_汴梁鸡叉骨_招牌鸡丝拌面_手工肉饺子_手工饺子_鲜肉馄饨_陕西油泼面_擀面皮_手工米皮_麻酱凉皮,,
ioDp2Bs87XBLbohb,炸季炸串(薛店店),中式,False,C:品牌映射,brand:炸季,鸡架/锁骨/叉骨,False,C:品牌映射,brand:炸季,生炸/现炸,False,C:品牌映射,brand:炸季,香辣,False,C:品牌映射,brand:炸季,档口/摊位,False,C:品牌映射,brand:炸季,15-20,A,新郑市,新郑机场,口味:3.7 环境:3.7 服务:3.7,15,1,1,5,椒香小酥肉_勾魂米线_女神土豆粉_鲜嫩鸡肉_鲜嫩鸭肠_酥脆豆皮_广式小腊肠_劲霸小面筋_芝麻脆小酥饼_芝麻脆烧饼,,
iEi6mo5xkiFFjMDI,叫了只炸鸡(富康文化生活广场店),中式,False,C:品牌映射,brand:叫了只,整鸡/大单品,False,C:品牌映射,brand:叫了只,生炸/现炸,False,C:品牌映射,brand:叫了只,甜辣+黑胡椒,True,C:品牌映射,brand:叫了只,外卖型,False,C:品牌映射,brand:叫了只,15-20,A,新郑市,新郑机场,口味:3.4 环境:3.5 服务:3.4,2,1,,0,新品韩式榴莲芝士无骨炸鸡_老北京鸡肉卷_哈尔滨归一啤酒_鳕鱼排汉堡_网红韩式年糕条_黑胡椒粉包_新品韩式柚子果酱无骨炸鸡_劲脆腿排汉堡_网红拉丝芝士棒_抓住鸡的,,
l9R3xOaQ46sdQIC2,延庆观炸鸡(聂庄广场店),中式,False,C:品牌映射,brand:延庆观,鸡腿+鸡架/锁骨/叉骨,True,C:品牌映射,brand:延庆观,卤炸,False,C:品牌映射,brand:延庆观,原味,False,C:品牌映射,brand:延庆观,档口/摊位,False,C:品牌映射,brand:延庆观,10-15,A,金水区,曼哈顿广场/英协路,口味:3.7 环境:3.7 服务:3.6,5,,,0,琵琶琵琶腿_风味千岛酱_经典牙签肉,,
Ha9wkWMB1pmDxX3B,千里香炸鸡店(新兴路店),Unknown,False,D:无证据,,鸡腿+鸡翅+鸡架/锁骨/叉骨+鸡脖/其他部位,True,A:菜品直接证据,鸡腿;鸡翅;牙签肉;鸡米花;鸡爪,Unknown,False,D:无证据,,香辣,False,A:菜品直接证据,麻辣,Unknown,False,D:无证据,,15-20,A,巩义市,星月时代广场,口味:3.7 环境:3.7 服务:3.7,184,,,0,秘制鸡胗_卤琵琶腿_卤排腿_麻辣翅尖_鸡翅_牙签肉_鸡扒包_核桃马里奥_烧鸡_优质牛肉,,
H1h4F7JhHQB6Rl4K,爆掌柜生炸鸡架(淘宝城店),中式,False,C:品牌映射,brand:爆掌柜,鸡腿+鸡翅+鸡架/锁骨/叉骨+鸡块/鸡米花/鸡柳,True,C:品牌映射,brand:爆掌柜,生炸/现炸,False,C:品牌映射,brand:爆掌柜,香辣+酱香,True,C:品牌映射,brand:爆掌柜,档口/摊位,False,C:品牌映射,brand:爆掌柜,10-15,A,巩义市,星月时代广场,口味:3.5 环境:3.5 服务:3.5,1,,1,0,生炸鸡架_生炸鸡腿肉_无骨鸡柳_五香里脊肉夹饼_咖喱鸡柳肉夹饼_奥尔良腿排夹饼_香辣伴翅_麻辣伴翅_生炸麻辣翅尖_超满足全家福,,
G78AfVSf9WLkGjqd,丁丁炸货铺,Unknown,False,D:无证据,,鸡腿+鸡翅+鸡块/鸡米花/鸡柳,True,A:菜品直接证据,鸡腿;鸡翅;鸡柳,Unknown,False,D:无证据,,Unknown,False,D:无证据,,含团购,False,B:团购字段,1,20-30,A,巩义市,星月时代广场,口味:3.5 环境:3.5 服务:3.5,2,,1,0,炸鸡腿_炸海鱼_萝卜丸子_炸带鱼_炸大虾_炸鸡柳_炸鸡翅根,,
k46i5vIAXjxsBC4L,和味炸鸡(森海颐和港店),Unknown,False,D:无证据,,鸡腿+鸡翅+鸡块/鸡米花/鸡柳+鸡脖/其他部位,True,A:菜品直接证据,手枪腿;鸡翅;鸡米花;鸡爪,Unknown,False,D:无证据,,Unknown,False,D:无证据,,Unknown,False,D:无证据,,Unknown,D,巩义市,星月时代广场,,,,,0,手枪腿_五香卤鸡爪_鸡米花_琵琶腿_鸡皮_鸡翅中_鸡翅根_烧鸡,,
Gacod7kJmiLyXpxS,御膳叉骨(巩义店),中式,False,C:品牌映射,brand:御膳,鸡块/鸡米花/鸡柳+鸡脖/其他部位,True,C:品牌映射,brand:御膳,生炸/现炸,False,C:品牌映射,brand:御膳,椒盐,False,C:品牌映射,brand:御膳,档口/摊位,False,C:品牌映射,brand:御膳,10-15,A,巩义市,星月时代广场,,8,1,1,0,鸡心_小玉米肠_鱼豆腐_上校鸡块_鸡皮_蟹棒_撒尿牛肉丸_薯条_旋风土豆_小脆骨肠,,
G7OZZBp5W9rDmEfp,文化街·馄饨米线炸串,Unknown,False,D:无证据,,Unknown,False,D:无证据,,Unknown,False,D:无证据,,Unknown,False,D:无证据,,含外卖,False,B:外卖字段,1,20-30,A,巩义市,星月时代广场,,,1,,0,,,
G1y50pT7nbhb13rb,延庆观炸鸡(华树世家店),中式,False,C:品牌映射,brand:延庆观,鸡翅+鸡架/锁骨/叉骨,True,C:品牌映射,brand:延庆观,卤炸,False,C:品牌映射,brand:延庆观,原味,False,C:品牌映射,brand:延庆观,档口/摊位,False,C:品牌映射,brand:延庆观,20-30,A,巩义市,星月时代广场,口味:3.9 环境:3.9 服务:3.9,324,,,0,炸牙签肉_椰奶小方_核桃马里奥_鸡扒包_全翅,,
k3uBpIkGKYNaw31m,小伟炸鸡(领秀城店),Unknown,False,D:无证据,,鸡腿+鸡翅,True,A:菜品直接证据,鸡腿;鸡翅;鸡叉骨,Unknown,False,D:无证据,,原味,False,A:菜品直接证据,香酥,堂食+外卖+团购,False,B:多字段组合,外卖:1/团购:1,20-30,A,巩义市,星月时代广场,口味:3.6 环境:3.6 服务:3.6,21,1,1,0,炸蘑菇_炸鱼_招牌手枪腿_鸡翅中_鸡翅根_鸡翅尖_香酥鸭仔_炸鸡_凤爪,,
H5BRY4sb22psUbC3,叫了只炸鸡(文化街店),中式,False,C:品牌映射,brand:叫了只,鸡翅+鸡块/鸡米花/鸡柳,True,C:品牌映射,brand:叫了只,生炸/现炸,False,C:品牌映射,brand:叫了只,甜辣+酱香,True,C:品牌映射,brand:叫了只,外卖型,False,C:品牌映射,brand:叫了只,10-15,A,巩义市,星月时代广场,口味:3.4 环境:3.4 服务:3.4,3,1,1,0,神奇的鸡_油炸鸡翅包饭_特价鸡翅_半芝士热狗棒_锅巴土豆_椒香鸡柳_酱料_超正经de鸡块_千岛湖啤酒_热饮,,
k7FFyJcr1PIkCPOa,刘婉婉生炸妙龄鸡(星月店),中式,False,C:品牌映射,brand:刘婉婉,整鸡/大单品+鸡腿+鸡架/锁骨/叉骨+鸡块/鸡米花/鸡柳+鸡脖/其他部位,True,C:品牌映射,brand:刘婉婉,生炸/现炸,False,C:品牌映射,brand:刘婉婉,原味,False,C:品牌映射,brand:刘婉婉,档口/摊位,False,C:品牌映射,brand:刘婉婉,<10,A,巩义市,星月时代广场,口味:3.6 环境:3.6 服务:3.6,15,,1,7,生炸鸡叉骨_现炸黄金鸡柳_去骨上腿肉_生炸鸡架_生炸鸡胗_生炸鸡脖_无骨爆汁鸡腿_生炸手枪腿_生炸全鸡架,,
H105wwNcow9YZwZ0,多美士炸鸡汉堡(润丰悦尚店),美式/西式,False,C:品牌映射,brand:多美士,整鸡/大单品+鸡翅+鸡块/鸡米花/鸡柳,True,C:品牌映射,brand:多美士,裹粉炸,False,C:品牌映射,brand:多美士,原味,False,C:品牌映射,brand:多美士,外卖型,False,C:品牌映射,brand:多美士,10-15,A,新郑市,新郑机场,口味:3.5 环境:3.5 服务:3.5,6,1,1,11,小美脆柳鸡_脆皮炸全鸡_拉丝热狗棒_蟹黄堡_汉堡三兄弟_藤椒翅尖_霸王鸡块_老北京鸡肉卷_深海鳕鱼堡_鲜虾堡,,
G5jZFYb0W3gA6l0N,帝圣特汉堡炸鸡(苹果城店),Unknown,False,D:无证据,,Unknown,False,D:无证据,,Unknown,False,D:无证据,,香辣+酱香+酸甜,True,A:菜品直接证据,麻辣;奥尔良;橙,含团购,False,B:团购字段,1,15-20,A,新郑市,新郑机场,口味:3.5 环境:3.5 服务:3.5,2,,1,0,咖啡_皮蛋瘦肉粥_奶茶_黄金蝶蝶虾_藤椒烤腿堡_橙汁_蓝莓汁_奥尔良鸡肉披萨_茄汁面_酸辣粉,,
jVDLtiR47tahbp95,多美士炸鸡汉堡(泰安新城店),美式/西式,False,C:品牌映射,brand:多美士,整鸡/大单品+鸡腿+鸡翅+鸡块/鸡米花/鸡柳,True,C:品牌映射,brand:多美士,裹粉炸,False,C:品牌映射,brand:多美士,原味+香辣+酱香,True,C:品牌映射,brand:多美士,外卖型,False,C:品牌映射,brand:多美士,10-15,A,新郑市,新郑机场,口味:3.4 环境:3.4 服务:3.4,4,1,,11,带翅全腿_蟹黄堡_蜜汁烤鸡_汉堡三兄弟_拉丝热狗棒_霸王鸡块_经典鸡米花_藤椒翅尖_劲脆鸡腿堡_香辣鸡腿堡,,
l5p9Ht0IgxEufOrD,多美士炸鸡汉堡(航南新城店),美式/西式,False,C:品牌映射,brand:多美士,鸡排,False,C:品牌映射,brand:多美士,裹粉炸,False,C:品牌映射,brand:多美士,原味,False,C:品牌映射,brand:多美士,外卖型,False,C:品牌映射,brand:多美士,10-15,A,新郑市,新郑机场,,,1,,0,,,
GainVp8lvxMLNiYt,长沙臭豆腐 烤面筋,地方特色,False,C:店名推断,长沙,Unknown,False,D:无证据,,Unknown,False,D:无证据,,Unknown,False,D:无证据,,Unknown,False,D:无证据,,Unknown,D,惠济区,昌建誉峰,,,,,0,,,
G7ZNX4xT2rE0URnq,吮指鸡叉骨,美式/西式,False,C:店名推断,吮指,鸡架/锁骨/叉骨,False,C:店名推断,鸡叉骨,Unknown,False,D:无证据,,Unknown,False,D:无证据,,含外卖,False,B:外卖字段,1,20-30,A,新郑市,新郑金苑小区,口味:3.5 环境:3.5 服务:3.5,1,1,,0,炸饼,,
H9C3qa91q7VNv5kI,小叮当米线·炸串(新烟路店),Unknown,False,D:无证据,,鸡排,True,A:菜品直接证据,鸡排;鸡皮,Unknown,False,D:无证据,,原味+酸甜,True,A:菜品直接证据,经典;酱香;番茄,含团购,False,B:团购字段,1,15-20,A,新郑市,新郑金苑小区,,,,1,2,经典番茄米线_炸卷心菜_炸蘑菇_小叮当砂锅米线,,
k4WmNITcvXNl0Uhp,小崔鸡柳卷饼,Unknown,False,D:无证据,,鸡块/鸡米花/鸡柳,False,A:菜品直接证据,鸡柳,Unknown,False,D:无证据,,Unknown,False,D:无证据,,堂食+外卖+团购,False,B:多字段组合,外卖:1/团购:1,<10,A,巩义市,星月时代广场,口味:3.6 环境:3.6 服务:3.6,7,1,1,0,鸡柳卷饼,,
G4Lmck40T2kSjmZc,多美士炸鸡汉堡(世界港店),美式/西式,False,C:品牌映射,brand:多美士,鸡翅+鸡块/鸡米花/鸡柳,True,C:品牌映射,brand:多美士,裹粉炸,False,C:品牌映射,brand:多美士,香辣+酱香,True,C:品牌映射,brand:多美士,外卖型,False,C:品牌映射,brand:多美士,10-15,A,新郑市,新郑机场,口味:3.5 环境:3.5 服务:3.5,4,1,1,11,奥尔良烤腿堡_酷啦啦小排堡_香辣大翅根_真香翅盒_卡通鸡块_藤椒翅尖_赤焰烤全腿_冰柠果蜜柠檬汁_骨肉相_黄金紫薯酥,,
H357uhnlWSRSElO1,帝圣特汉堡炸鸡(观音寺餐厅),Unknown,False,D:无证据,,鸡腿+鸡翅+鸡排+鸡块/鸡米花/鸡柳,True,A:菜品直接证据,鸡腿;鸡翅;鸡排;鸡米花,Unknown,False,D:无证据,,甜辣+酱香,True,A:菜品直接证据,黄油;奥尔良,含团购,False,B:团购字段,1,15-20,A,新郑市,新郑市,口味:3.5 环境:3.5 服务:3.5,9,,1,0,鸡米花_大脸鸡排_奥尔良鸡翅堡_黄金鸡棒_卡通鸡块_黄油乳香鸡腿堡,,
laWxjXzRdlGOBXFY,多美士炸鸡汉堡(世界港店),美式/西式,False,C:品牌映射,brand:多美士,整鸡/大单品+鸡翅+鸡排+鸡架/锁骨/叉骨+鸡块/鸡米花/鸡柳+鸡脖/其他部位,True,C:品牌映射,brand:多美士,裹粉炸,False,C:品牌映射,brand:多美士,香辣+酱香,True,C:品牌映射,brand:多美士,外卖型,False,C:品牌映射,brand:多美士,10-15,A,新郑市,新郑机场,,,,,0,全鸡宴_椒香鸡脖串_熔岩牛霸堡_黑金鸡块_锅巴土豆_无敌小排_赤焰烤腿_卤辣风味鸡架送可乐_藤椒翅尖_奥尔良鸡排堡,,
H1pb45eQa9B3uDYS,多美士炸鸡汉堡(香湖湾店),美式/西式,False,C:品牌映射,brand:多美士,鸡翅+鸡块/鸡米花/鸡柳,True,C:品牌映射,brand:多美士,裹粉炸,False,C:品牌映射,brand:多美士,香辣+酱香,True,C:品牌映射,brand:多美士,外卖型,False,C:品牌映射,brand:多美士,10-15,A,新郑市,新郑市,口味:3.5 环境:3.5 服务:3.5,1,,1,11,卡通鸡块_赤焰烤全腿_奥尔良烤腿堡_酷啦啦小排堡_冰柠果蜜柠檬汁_香辣大翅根_藤椒翅尖_黄金紫薯酥,,
iiQdqETDmbezEyCn,赛可·赛西汉堡炸鸡(老郑新路店),Unknown,False,D:无证据,,Unknown,False,D:无证据,,Unknown,False,D:无证据,,Unknown,False,D:无证据,,含外卖,False,B:外卖字段,1,15-20,A,新郑市,新郑市,,,1,,0,,,
G31M1tENTVP8t4qY,鸡仔秘制炸鸡铺,Unknown,False,D:无证据,,Unknown,False,D:无证据,,Unknown,False,D:无证据,,Unknown,False,D:无证据,,Unknown,False,D:无证据,,Unknown,D,新郑市,新郑市,,,,,0,,,
l5HDuk1jZAeuzqx7,帝圣特汉堡炸鸡披萨(政通路店),地方特色,False,A:菜品直接证据,台式,鸡腿+鸡块/鸡米花/鸡柳,True,A:菜品直接证据,鸡腿;鸡米花,Unknown,False,D:无证据,,孜然+酱香,True,A:菜品直接证据,孜然;奥尔良,含团购,False,B:团购字段,1,15-20,A,新郑市,新郑市,,,,1,0,超级鸡腿堡_牛肉披萨_薯条_卡通鸡块_川香鸡柳_奥尔良烤腿堡_孜然鸡柳_劲爆鸡米花_牛肉堡_鲜虾堡,,
k6WIDUVDvCfHSFqr,刘婉婉生炸妙龄鸡(辛店镇店),中式,False,C:品牌映射,brand:刘婉婉,整鸡/大单品+鸡架/锁骨/叉骨,True,C:品牌映射,brand:刘婉婉,生炸/现炸,False,C:品牌映射,brand:刘婉婉,原味,False,C:品牌映射,brand:刘婉婉,档口/摊位,False,C:品牌映射,brand:刘婉婉,<10,A,新郑市,新郑市,口味:3.5 环境:3.5 服务:3.5,2,,1,6,鸡背肉_黄金鸡肉卷_叉骨_妙龄鸡_无骨辣子鸡_奶香地瓜条_无骨上腿肉,,
lal43CAyqpkytjjT,申向国鸡柳卷饼(郭店黄金大道店),中式,False,C:品牌映射,brand:申向国,鸡块/鸡米花/鸡柳,False,C:品牌映射,brand:申向国,生炸/现炸,False,C:品牌映射,brand:申向国,甜辣+黑胡椒+酸甜+芥末,True,C:品牌映射,brand:申向国,档口/摊位,False,C:品牌映射,brand:申向国,<10,A,新郑市,新郑市,口味:3.5 环境:3.5 服务:3.5,2,,1,4,申向国鸡柳卷饼_黑胡椒味鸡柳卷饼_蜂蜜芥末味鸡柳卷饼_奶香芝士味鸡柳卷饼_甘梅口味鸡柳卷饼_沙拉味鸡柳卷饼_番茄酱味鸡柳卷饼,,
k3HriTWMBhD1Yex4,炸鸡皇后(龙安社区店),美式/西式,False,A:菜品直接证据,吮指,整鸡/大单品+鸡腿+鸡排,True,A:菜品直接证据,全鸡;鸡腿;鸡排,裹粉炸,False,A:菜品直接证据,脆皮,甜辣+酸甜,True,A:菜品直接证据,芝士;甘梅,堂食+外卖+团购,False,B:多字段组合,外卖:1/团购:1,15-20,A,新郑市,新郑市,口味:3.6 环境:3.6 服务:3.6,16,1,1,0,青花椒鸡腿_脆皮大大鸡腿_比脸大爱心鸡排_五香鸡腿_芝士拉丝热狗棒_五香腿肉块_甘梅_吮指年糕_五香脆皮全鸡_狼牙棒棒鸡,,
l8BCDWuWeTW2bnQw,语姑娘中国炸鸡(二社区店),中式,False,A:菜品直接证据,中式炸鸡,整鸡/大单品+鸡腿+鸡架/锁骨/叉骨,True,A:菜品直接证据,大鸡;鸡腿;鸡叉骨,Unknown,False,D:无证据,,香辣,False,A:菜品直接证据,辣椒,含团购,False,B:团购字段,1,<10,A,新郑市,新郑市,,,,1,0,中式炸鸡叉骨_中式爆汁大鸡腿_招牌手枪腿_中式炸鸡叉骨拼盘_辣椒面,,
H8F4wSj2V6YfPF9E,正新鸡排(G343店),美式/西式,False,C:品牌映射,brand:正新,鸡排,False,C:品牌映射,brand:正新,裹粉炸,False,C:品牌映射,brand:正新,原味,False,C:品牌映射,brand:正新,档口/摊位,False,C:品牌映射,brand:正新,10-15,A,新郑市,新郑市,,,,,0,,,
k4waZIp7buWhk2Hq,炸鸡诱惑,Unknown,False,D:无证据,,鸡腿,False,A:菜品直接证据,鸡腿,Unknown,False,D:无证据,,Unknown,False,D:无证据,,含团购,False,B:团购字段,1,Unknown,D,新郑市,新郑市,,,,1,0,炸鸡腿_炸香菇_炸鱼,,
l2TUowGpabzhVNMO,脆鸡日记中式炸鸡,中式,False,C:店名推断,中式炸鸡,整鸡/大单品,False,A:菜品直接证据,全鸡,Unknown,False,D:无证据,,Unknown,False,D:无证据,,含团购,False,B:团购字段,1,<10,A,新郑市,新郑市,,,,1,0,全鸡,,
k5IspVTEKtEYvMMv,炸季炸串(郭店),中式,False,C:品牌映射,brand:炸季,鸡架/锁骨/叉骨,False,C:品牌映射,brand:炸季,生炸/现炸,False,C:品牌映射,brand:炸季,香辣,False,C:品牌映射,brand:炸季,档口/摊位,False,C:品牌映射,brand:炸季,15-20,A,新郑市,新郑市,口味:3.4 环境:3.4 服务:3.4,4,1,1,5,芝麻脆烧饼_劲霸小面筋_鲜嫩鸡肉_女神土豆粉_芝麻脆小酥饼_椒香小酥肉,,
k3MCRxBZEF8swRYb,汉堡炸鸡,Unknown,False,D:无证据,,Unknown,False,D:无证据,,Unknown,False,D:无证据,,Unknown,False,D:无证据,,Unknown,False,D:无证据,,Unknown,D,新郑市,新郑市,,,,,0,,,
H7NyB72wngs9A2cx,大先生鸡排(郭店镇店),Unknown,False,D:无证据,,鸡腿+鸡块/鸡米花/鸡柳,True,A:菜品直接证据,手枪腿;鸡米,裹粉炸,False,A:菜品直接证据,脆皮,香辣+酱香,True,A:菜品直接证据,麻辣;奥尔良;番茄,堂食+外卖+团购,False,B:多字段组合,外卖:1/团购:1,10-15,A,新郑市,新郑市,,,1,1,0,梅菜扣肉米饭_红烧排骨米饭_玉米猪肉蒸饺_素三鲜水晶包_辣子鸡米饭_奥尔良手枪腿_麻辣鸡肉_老北京鸡肉卷_至尊七虾堡_洋葱圈,,
l4ZPxt8A0mItYiO7,大脸炸鸡,Unknown,False,D:无证据,,鸡排,False,A:菜品直接证据,鸡排,Unknown,False,D:无证据,,香辣,False,A:菜品直接证据,香辣,堂食+外卖+团购,False,B:多字段组合,外卖:1/团购:1,Unknown,D,新郑市,新郑市,,,1,1,0,牛排堡_大脸鸡排_虾堡_鸡排堡_香辣大脸鸡排_爆浆大脸鸡排_招牌炸鸡桶,,
G31h65wPWdEChp6l,帝圣特汉堡炸鸡餐厅(郭店店),东南亚,True,A:菜品直接证据,泰式;重庆,鸡腿+鸡块/鸡米花/鸡柳,True,A:菜品直接证据,全鸡;鸡腿;翅尖;鸡块,Unknown,False,D:无证据,,原味+香辣+酱香+酸甜,True,A:菜品直接证据,经典;香辣;孜然;蜜汁;菠萝,堂食+外带,False,C:店名推断,餐厅,15-20,A,新郑市,新郑市,,,1,1,0,CoCo虾_黄金鸡块_至尊鸡腿堡_脆鸡堡_至尊脆鸡堡_黄金鸡棒_经典火腿蛋炒饭_泰式菠萝鸡米饭_藤椒奥尔良烤腿堡_重庆麻辣小面,,
k7mp6Lpl4N8K38Vv,卡乐滋汉堡炸鸡(梨河店),Unknown,False,D:无证据,,鸡腿+鸡翅,True,A:菜品直接证据,烤鸡;鸡腿;鸡翅;鸡排,烤炸复合,False,A:菜品直接证据,烤鸡,香辣+酸甜,True,A:菜品直接证据,原味;香辣;奥尔良;菠萝,Unknown,False,D:无证据,,10-15,A,新郑市,新郑市,口味:3.4 环境:3.4 服务:3.4,2,,,0,双层川辣鸡腿堡_香辣鸡翅_草莓奶昔_菠萝奶昔_红豆派_香芋派_机灵鬼_还是查其原因还是长期吃_柠檬爽_燕麦奶茶,,
EoATMDzQAMYRW8uT,多美士炸鸡.汉堡(龙安步行街店),美式/西式,False,C:品牌映射,brand:多美士,鸡翅+鸡排,True,C:品牌映射,brand:多美士,裹粉炸,False,C:品牌映射,brand:多美士,原味,False,C:品牌映射,brand:多美士,外卖型,False,C:品牌映射,brand:多美士,10-15,A,新郑市,新郑市,口味:3.4 环境:3.4 服务:3.4,4,1,1,11,黄金蝴蝶虾_奥尔良烤翅_黄金粟米鸡小脆_平菇_午餐肉_雪鸡排_虾片_鱿鱼须串串_鱿鱼串_网红小面筋串串,,
k7XHZmlnq4oiRWqI,多美士汉堡炸鸡(郭店店),美式/西式,False,C:品牌映射,brand:多美士,鸡翅+鸡脖/其他部位,True,C:品牌映射,brand:多美士,裹粉炸,False,C:品牌映射,brand:多美士,黑胡椒+酸甜,True,C:品牌映射,brand:多美士,外卖型,False,C:品牌映射,brand:多美士,15-20,A,新郑市,新郑市,口味:3.9 环境:3.9 服务:3.9,15,1,1,0,橙汁_鸡杂米线_台式卤肉饭_脆皮大翅根_黑椒麦穗肠_八宝粥_紫米酸奶露_满杯猕猴桃_海苔肉松寿司_西式薯饼,,
H5O6gf3r6y0DVarL,多美士炸鸡汉堡(孟庄店),美式/西式,False,C:品牌映射,brand:多美士,鸡翅+鸡排,True,C:品牌映射,brand:多美士,裹粉炸,False,C:品牌映射,brand:多美士,原味,False,C:品牌映射,brand:多美士,外卖型,False,C:品牌映射,brand:多美士,10-15,A,新郑市,新郑市,口味:3.5 环境:3.5 服务:3.5,11,1,1,11,香辣大翅根_真香翅盒_冰柠果蜜柠檬汁_黄金紫薯酥_骨肉相_招牌连心脆_爆浆鸡排,,
G6jjzB0eCnxQwJpN,炸鸡皇后(园博园店),美式/西式,False,A:菜品直接证据,吮指,整鸡/大单品+鸡腿+鸡翅+鸡排+鸡架/锁骨/叉骨,True,A:菜品直接证据,全鸡;鸡腿;翅根;鸡排;锁骨,裹粉炸,False,A:菜品直接证据,脆皮,原味+酸甜,True,A:菜品直接证据,香酥;甘梅,堂食+外卖+团购,False,B:多字段组合,外卖:1/团购:1,10-15,A,新郑市,新郑市,口味:3.5 环境:3.5 服务:3.5,13,1,1,0,脆皮大鸡腿_狼牙棒棒鸡_金牌锁骨_五香腿肉块_五香脆皮全鸡_比脸大鸡排_甘梅_无骨酱裹炸鸡_吮指年糕_香酥翅根,,
G5zRmixrtKC8FBI5,麦哆客汉堡炸鸡(国基路店),Unknown,False,D:无证据,,鸡腿+鸡架/锁骨/叉骨,True,A:菜品直接证据,鸡腿;鸡叉骨,Unknown,False,D:无证据,,原味,False,A:菜品直接证据,香酥,堂食+外卖+团购,False,B:多字段组合,外卖:1/团购:1,10-15,A,金水区,普罗旺世/庙李,,1,1,1,0,炸鸡叉骨_香酥小鸡腿,,
H8UCMQnrPLrN7R1L,安禧炸串,Unknown,False,D:无证据,,Unknown,False,D:无证据,,Unknown,False,D:无证据,,Unknown,False,D:无证据,,含团购,False,B:团购字段,1,10-15,A,金水区,普罗旺世/庙李,口味:3.4 环境:3.5 服务:3.4,4,,1,0,招牌花甲粉,,
FcXJsSHOnrQ0gP1G,喜胡同鲜炸鸡(西史赵村店),Unknown,False,D:无证据,,鸡腿+鸡块/鸡米花/鸡柳,True,A:菜品直接证据,鸡腿;鸡米花,生炸/现炸,False,A:菜品直接证据,现做,原味,False,A:菜品直接证据,香酥,含外卖,False,B:外卖字段,1,20-30,A,金水区,普罗旺世/庙李,口味:3.6 环境:3.6 服务:3.6,18,1,,0,满口香鸡米花_手工脆香鸡柳_爆汁鸡鲍鱼_湾湾全家桶_红糖糍粑_黄金玉米烙_香芋紫薯球_香酥平菇_现做柠檬水_带皮鸡腿排,,
H5Ye9iyCwq3QmmMc,风华韩式炸鸡,韩式,False,C:店名推断,韩式,整鸡/大单品+鸡翅,True,A:菜品直接证据,整鸡;翅中,Unknown,False,D:无证据,,原味+酱香,True,A:菜品直接证据,原味;麻辣;芝士;酱料;甘梅,含团购,False,B:团购字段,1,20-30,A,金水区,普罗旺世/庙李,口味:3.4 环境:3.4 服务:3.4,23,,1,0,滋滋儿香翅根_滋滋儿香翅中_炸整鸡_黄金洋葱圈_笑脸薯_原味苏打水_萌萌雪碧_萌版装可乐_酱料口味可到店选择_萌萌可乐,,
k2tknIyzF2eMMsne,左炸右拌.炸串拌饼(郑州店),Unknown,False,D:无证据,,鸡排,False,A:菜品直接证据,鸡排,Unknown,False,D:无证据,,Unknown,False,D:无证据,,含团购,False,B:团购字段,1,15-20,A,金水区,普罗旺世/庙李,,,,1,0,豪华全家福_美年达瓶_百事可乐无糖瓶_七喜瓶_美年达罐_百事可乐瓶_炸盐酥鸡_藤椒鸡排_肠粉肠_茴香小油条,,
l3d63HDhZDi5LJgb,双华盛脆皮炸鸡(西史赵村店),中式,False,C:店名推断,脆皮炸鸡,整鸡/大单品+鸡排+鸡架/锁骨/叉骨,True,A:菜品直接证据,大鸡;鸡排;鸡叉骨,裹粉炸,False,C:店名推断,脆皮,Unknown,False,D:无证据,,含团购,False,B:团购字段,1,10-15,A,金水区,普罗旺世/庙李,,,,1,0,黄金大鸡排_秘制鸡叉骨,,
k7lFZhbYwKmj86sD,胖子炸串(弘毅大厦店),美式/西式,True,A:菜品直接证据,吮指;长沙,鸡排,False,A:菜品直接证据,鸡排,Unknown,False,D:无证据,,Unknown,False,D:无证据,,含外卖,False,B:外卖字段,1,Unknown,D,金水区,普罗旺世/庙李,口味:3.4 环境:3.4 服务:3.4,2,1,,0,炸鸭肠_雪花培根_炸芝香肉串,,
laEEfr89VFoGGlVT,车三妮生炸鸡架,Unknown,False,D:无证据,,整鸡/大单品+鸡块/鸡米花/鸡柳+鸡脖/其他部位,True,A:菜品直接证据,大鸡;翅根;鸡架;鸡柳;鸡脖,生炸/现炸,False,A:菜品直接证据,生炸,Unknown,False,D:无证据,,堂食+外卖+团购,False,B:多字段组合,外卖:1/团购:1,10-15,A,金水区,普罗旺世/庙李,口味:3.7 环境:3.7 服务:3.8,23,1,1,0,给力大鸡柳_美味鸡背肉_脆香软骨肉_美味香鸡脖,,
l95OqJy9HkeXAhzQ,朱记炸串(西史赵小区店),Unknown,False,D:无证据,,鸡排,False,A:菜品直接证据,鸡排,Unknown,False,D:无证据,,Unknown,False,D:无证据,,含团购,False,B:团购字段,1,20-30,A,金水区,普罗旺世/庙李,,,,1,0,大轰炸鸡排_网红烤苕皮,,
l1AgGYmR9ZfVxVec,何东兴  沈阳  焦糖喷醋炸鸡架  炸串(信万广场店),地方特色,False,A:菜品直接证据,东北,整鸡/大单品+鸡排+鸡架/锁骨/叉骨+鸡块/鸡米花/鸡柳,True,A:菜品直接证据,大鸡;鸡排;鸡架;鸡柳,裹粉炸,True,A:菜品直接证据,脆皮;生炸,Unknown,False,D:无证据,,堂食+外卖+团购,False,B:多字段组合,外卖:1/团购:1,15-20,A,金水区,普罗旺世/庙李,口味:3.9 环境:3.9 服务:4.0,11,1,1,0,沈阳焦糖喷醋炸鸡架_沈阳特色生炸大鸡架_脆皮鸡柳串_东北特色豆皮_东北特色冻梨汁_手工大鸡排,,
Gan9ixTdRk0VYnEo,帝圣特汉堡炸鸡(商贸街店),Unknown,False,D:无证据,,Unknown,False,D:无证据,,Unknown,False,D:无证据,,Unknown,False,D:无证据,,Unknown,False,D:无证据,,15-20,A,新郑市,新郑市,口味:3.4 环境:3.5 服务:3.4,1,,,0,,,
k2za9KXI989yF953,语姑娘中国炸鸡,中式,False,C:店名推断,中国炸鸡,Unknown,False,D:无证据,,Unknown,False,D:无证据,,Unknown,False,D:无证据,,Unknown,False,D:无证据,,<10,A,新郑市,新郑市,,,,,0,,,
H8zaSSA66vnEfMkb,Oops1988韩式炸鸡(北环路店),韩式,False,A:菜品直接证据,无骨炸鸡,鸡翅+鸡块/鸡米花/鸡柳,True,A:菜品直接证据,翅根;无骨炸鸡,Unknown,False,D:无证据,,Unknown,False,D:无证据,,含团购,False,B:团购字段,1,15-20,A,金水区,普罗旺世/庙李,,,,1,0,尝鲜无骨炸鸡_翅根,,
jNNEa6qXnYAXiwXk,猪大顺·自助烤肉炸鸡(信万广场店),韩式,True,A:菜品直接证据,芝士炸鸡;青阳,Unknown,False,D:无证据,,裹粉炸,False,A:菜品直接证据,粉炸,香辣+蒜香+甜辣+黑胡椒+酱香+芥末,True,A:菜品直接证据,原味;麻辣;蒜;蜂蜜;黑胡椒;葱丝酱油;芥末,堂食+外带,False,C:店名推断,自助,30-50,A,金水区,普罗旺世/庙李,口味:4.3 环境:4.4 服务:4.4,1551,,1,3,蜂蜜芥末炸鸡_葱丝酱油炸鸡_黑胡椒牛肉_蒜辣炸鸡_骰子牛肉_麻辣炸鸡_麻辣牛胸膘,,
iBuMqtUt16wrRpsg,帝圣特汉堡炸鸡(公园海店),Unknown,False,D:无证据,,整鸡/大单品+鸡腿+鸡排,True,A:菜品直接证据,大鸡;鸡腿;鸡排,裹粉炸,False,A:菜品直接证据,脆皮,Unknown,False,D:无证据,,含团购,False,B:团购字段,1,15-20,A,新郑市,新郑市,,,,1,0,至尊鸡肉堡_香甜玉米杯_牛肉堡_黄金鸡棒_脆皮鸡_超脆霸王薯_紫薯豌豆丸子_帝圣特大鸡排_至尊鸡腿堡_招牌全虾堡,,
k3KENH6kj1GgYK67,多美士炸鸡汉堡(龙湖兴龙湾店),美式/西式,False,C:品牌映射,brand:多美士,整鸡/大单品+鸡腿+鸡翅+鸡块/鸡米花/鸡柳,True,C:品牌映射,brand:多美士,裹粉炸,False,C:品牌映射,brand:多美士,原味+香辣+酱香+酸甜,True,C:品牌映射,brand:多美士,外卖型,False,C:品牌映射,brand:多美士,10-15,A,新郑市,奥特莱斯/锦艺城,口味:3.5 环境:3.5 服务:3.5,3,1,1,11,原味奶茶_蜜汁烤鸡_橙汁_超级香辣鸡腿堡_蟹黄堡_汉堡三兄弟_藤椒翅尖_海苔洋葱圈_香辣鸡翅_卡通鸡块,,
l9bYGYLS1Zddu2W2,金夜韩式炸鸡,韩式,False,C:店名推断,韩式,Unknown,False,D:无证据,,Unknown,False,D:无证据,,Unknown,False,D:无证据,,含外卖,False,B:外卖字段,1,Unknown,D,新郑市,奥特莱斯/锦艺城,,,1,,0,,,
laDYe3EpXSzyzY8u,校堡王汉堡炸鸡(郑州经贸学院店),美式/西式,False,C:品牌映射,brand:校堡王,整鸡/大单品+鸡腿+鸡翅+鸡排+鸡块/鸡米花/鸡柳,True,C:品牌映射,brand:校堡王,裹粉炸,False,C:品牌映射,brand:校堡王,原味+酱香+酸甜,True,C:品牌映射,brand:校堡王,学校周边,False,C:品牌映射,brand:校堡王,15-20,A,新郑市,奥特莱斯/锦艺城,口味:3.6 环境:3.6 服务:3.6,8,,1,0,番茄沙司_半边炸鸡_无骨炸鸡盒子_双层鸡腿堡_奥尔良烤翅_黄金翅尖_蟹脚棒_小腿_香酥鸡排_鸡块,,
k4vGXmtHAtThfeIk,郭鑫峰爆汁炸鸡腿,中式,False,A:菜品直接证据,脆皮炸鸡,整鸡/大单品+鸡块/鸡米花/鸡柳,True,A:菜品直接证据,整鸡;鸡腿;鸡排;鸡叉骨;鸡柳,裹粉炸,False,A:菜品直接证据,脆皮,原味+酸甜,True,A:菜品直接证据,香酥;甘梅,堂食+外卖+团购,False,B:多字段组合,外卖:1/团购:1,15-20,A,金水区,建文新世界,口味:4.0 环境:4.0 服务:4.0,333,1,1,0,炸蘑菇_脆皮锅包肉_脆皮炸鸡柳_脆皮鸡贝肉_香酥龙脆骨_脆皮鸡柳_甘梅地瓜,,
G9HCxqlgAD9Ucsla,鱼小白炸海鱼炸鸡(经五路店),Unknown,False,D:无证据,,Unknown,False,D:无证据,,Unknown,False,D:无证据,,Unknown,False,D:无证据,,含外卖,False,B:外卖字段,1,15-20,A,金水区,建文新世界,口味:3.6 环境:3.5 服务:3.5,4,1,,0,炸海鱼_炸带鱼_鸡肉洋葱圈,,
H6L9V6Z1XITjPPsH,正新鸡排(建文店),美式/西式,False,C:品牌映射,brand:正新,整鸡/大单品+鸡腿+鸡排+鸡块/鸡米花/鸡柳,True,C:品牌映射,brand:正新,裹粉炸,False,C:品牌映射,brand:正新,原味+甜辣,True,C:品牌映射,brand:正新,档口/摊位,False,C:品牌映射,brand:正新,10-15,A,金水区,建文新世界,口味:3.8 环境:3.7 服务:3.7,14,1,,0,小鸡肉串_火腿_五香大鸡排_冰爽茉莉蜜茶单点不送_轰炸热狗肠_香酥鸡腿堡_秘制烤鸭肠_盐酥鸡米花_薯条_拉丝芝士棒,,
GaQm9xVTUIEud4E8,伊辉酥肉丸子(经八路店),Unknown,False,D:无证据,,Unknown,False,D:无证据,,Unknown,False,D:无证据,,蒜香,False,A:菜品直接证据,蒜,含外卖,False,B:外卖字段,1,30-50,A,金水区,建文新世界,口味:3.7 环境:3.7 服务:3.7,73,1,,0,博爱牛肉汤料_小车牛肉,,
FjFiT7OT8u3InyHv,新纳西汉堡炸鸡(龙湖锦艺城店),美式/西式,False,C:品牌映射,brand:新纳西,鸡排,False,C:品牌映射,brand:新纳西,裹粉炸,False,C:品牌映射,brand:新纳西,原味,False,C:品牌映射,brand:新纳西,外卖型,False,C:品牌映射,brand:新纳西,20-30,A,新郑市,奥特莱斯/锦艺城,口味:3.6 环境:3.6 服务:3.6,9,1,1,0,香辣鸡米花_甜心薯块_麦香鸡块_热果汁,,
G2mIH0n44EDKpDTX,多美士炸鸡汉堡(龙翔嘉苑店),美式/西式,False,C:品牌映射,brand:多美士,整鸡/大单品+鸡块/鸡米花/鸡柳,True,C:品牌映射,brand:多美士,裹粉炸,False,C:品牌映射,brand:多美士,原味+酱香,True,C:品牌映射,brand:多美士,外卖型,False,C:品牌映射,brand:多美士,10-15,A,金水区,国家森林公园/北龙湖,,4,1,1,21,韩式无骨炸鸡口味双拼_果蜜冰爽柠檬汁_蜜汁烤鸡_深海鳕鱼堡_蟹黄堡_田园香蔬堡_奥尔良烤腿_经典鸡米花_拉丝热狗棒_薯条,,
H3qxfk8B1U1pti2P,正新鸡排(郑州国贸360店),美式/西式,False,C:品牌映射,brand:正新,整鸡/大单品+鸡翅+鸡排+鸡块/鸡米花/鸡柳,True,C:品牌映射,brand:正新,裹粉炸,False,C:品牌映射,brand:正新,原味,False,C:品牌映射,brand:正新,档口/摊位,False,C:品牌映射,brand:正新,15-20,A,金水区,国贸360,口味:4.0 环境:3.6 服务:4.0,107,1,,0,脆皮香蕉_鸡肉串_脆脆鲜虾堡_正新骨肉相连_金丝鸡排_脆皮鸡块_铁板鱿鱼_咖喱味鸡排_麻辣味鸡排_疯狂烤翅,,
G1MkJAEsFgrLvVij,夸父炸串(二七万千世纪城店),中式,False,C:品牌映射,brand:夸父,整鸡/大单品+鸡腿+鸡排+鸡架/锁骨/叉骨,True,C:品牌映射,brand:夸父,生炸/现炸,False,C:品牌映射,brand:夸父,香辣+甜辣,True,C:品牌映射,brand:夸父,档口/摊位,False,C:品牌映射,brand:夸父,20-30,A,二七区,二七万达,口味:3.5 环境:3.5 服务:3.4,3,1,1,0,骨肉相连串_开花火腿肠_拉丝芝士热狗棒_包浆豆腐串_童年淀粉肠_灵魂伴侣酸辣粉_生炸鸡架_真牛牛肉串_巴掌大鸡排_生炸鸡腿,,
k86bO20GMSJ9rqgB,LuBi DuBi韩式炸鸡(上街店),韩式,False,A:菜品直接证据,韩式,鸡腿+鸡翅+鸡块/鸡米花/鸡柳,True,A:菜品直接证据,鸡腿;翅中;鸡块,Unknown,False,D:无证据,,原味,True,A:菜品直接证据,香酥;蜂蜜;孜然;芥末,含团购,False,B:团购字段,1,15-20,A,上街区,廿峡线,口味:3.4 环境:3.4 服务:3.4,10,,1,0,去骨鸡腿肉_无骨肉快_紫薯丸子_招牌鹿比嘟比韩式炸鸡_翅根_年糕_孜然鸡柳_鸡块_翅中,,
l8g8fGlIKK0RI6Va,刘婉婉生炸妙龄鸡(上街店),中式,False,C:品牌映射,brand:刘婉婉,鸡腿+鸡架/锁骨/叉骨+鸡块/鸡米花/鸡柳,True,C:品牌映射,brand:刘婉婉,生炸/现炸,False,C:品牌映射,brand:刘婉婉,原味,False,C:品牌映射,brand:刘婉婉,档口/摊位,False,C:品牌映射,brand:刘婉婉,10-15,A,上街区,廿峡线,口味:3.8 环境:3.9 服务:3.9,43,1,1,0,无骨辣子鸡_鸡背肉_黄金鸡肉卷_叉骨_香骨琵琶腿_奶香地瓜条_现炸黄金鸡柳_无骨上腿肉,,
Ga4JUmB0xQ0uu4NQ,华乐士炸鸡汉堡(大贺庄店),Unknown,False,D:无证据,,Unknown,False,D:无证据,,Unknown,False,D:无证据,,Unknown,False,D:无证据,,含外卖,False,B:外卖字段,1,20-30,A,金水区,国家森林公园/北龙湖,口味:3.5 环境:3.6 服务:3.5,1,1,,0,,,
H1m7Zc9UM0zWgYU0,麦哆客汉堡披萨炸鸡(惠济区八堡小学店),Unknown,False,D:无证据,,整鸡/大单品+鸡排+鸡块/鸡米花/鸡柳,True,A:菜品直接证据,大鸡;鸡腿;鸡排;鸡柳,烤炸复合,False,A:菜品直接证据,烤鸡,香辣,True,A:菜品直接证据,微辣;孜然;黑椒;奥尔良;橙,堂食+外卖+团购,False,B:多字段组合,外卖:1/团购:1,15-20,A,金水区,国家森林公园/北龙湖,口味:3.4 环境:3.4 服务:3.4,1,1,1,0,咖喱鸡饭_香嫩牛肉堡_劲霸双层牛肉堡_香甜芒果条_香甜玉米派_孜然鸡柳_酥香鱼米花_多口味大鸡排_蔬菜鸡肉堡_酥香鸡棒,,
k3DYs6C79mNjddM5,张屯屯开花鸡腿(汝南路店),中式,False,C:品牌映射,brand:张屯屯,鸡腿+鸡排+鸡架/锁骨/叉骨+鸡块/鸡米花/鸡柳,True,C:品牌映射,brand:张屯屯,生炸/现炸,False,C:品牌映射,brand:张屯屯,原味,False,C:品牌映射,brand:张屯屯,档口/摊位,False,C:品牌映射,brand:张屯屯,10-15,A,上街区,廿峡线,口味:3.4 环境:3.4 服务:3.4,4,1,1,0,糖心爆浆糍粑_囤囤鸡排_手工鲜切鸡柳_焦香鸡叉骨_海苔鸡柳_冰镇乌梅汁_炸鸡锅包肉_牛奶雪花酪_招牌鸡块_开花鸡腿,,
k1ARefDRRK6zcRXl,长沙臭豆腐高山小土豆(高坡岩店),地方特色,False,C:店名推断,长沙,Unknown,False,D:无证据,,Unknown,False,D:无证据,,Unknown,False,D:无证据,,含外卖,False,B:外卖字段,1,Unknown,D,新郑市,奥特莱斯/锦艺城,,,1,,0,,,
i8OVdTe9PetsCaGk,叫了只炸鸡(龙湖店),中式,False,C:品牌映射,brand:叫了只,整鸡/大单品+鸡腿+鸡翅+鸡块/鸡米花/鸡柳,True,C:品牌映射,brand:叫了只,生炸/现炸,False,C:品牌映射,brand:叫了只,原味,False,C:品牌映射,brand:叫了只,外卖型,False,C:品牌映射,brand:叫了只,10-15,A,新郑市,奥特莱斯/锦艺城,口味:3.4 环境:3.4 服务:3.4,4,1,,0,香酥鸡大腿_无骨鸡块_翅根_抓住鸡的小腿_薯条_上校鸡块_炸鸡_紫薯豌豆派_超值购香芋地瓜丸_哈尔滨,,
l6tD2IlAJDNVThbR,食尚御膳叉骨炸鸡,中式,False,C:品牌映射,brand:御膳,鸡翅+鸡架/锁骨/叉骨,True,C:品牌映射,brand:御膳,生炸/现炸,False,C:品牌映射,brand:御膳,椒盐,False,C:品牌映射,brand:御膳,档口/摊位,False,C:品牌映射,brand:御膳,10-15,A,新郑市,奥特莱斯/锦艺城,口味:4.0 环境:4.0 服务:4.0,40,1,1,0,御膳叉骨_脆皮翅根_龙脆骨_招牌叉骨,,
k9O8rQ2XL4r6AxvS,YUMMY韩式炸鸡(新郑店),韩式,False,C:品牌映射,brand:YUMMY,鸡块/鸡米花/鸡柳,False,C:品牌映射,brand:YUMMY,裹粉炸,False,C:品牌映射,brand:YUMMY,香辣+甜辣+孜然+酱香+酸甜,True,C:品牌映射,brand:YUMMY,外卖型,False,C:品牌映射,brand:YUMMY,20-30,A,新郑市,奥特莱斯/锦艺城,口味:3.4 环境:3.4 服务:3.4,2,1,1,0,深海鳕鱼条_麻辣粉_奶香芝士酱_李子园牛奶_盐酥杏鲍菇_孜然粉_蜜汁糖醋酱_川香麻辣酱_点右上角抢购芝士年糕_怡宝纯净水,,
l8i0Mp8QaiWDBVcF,凯尚达炸鸡(锦艺城店),美式/西式,False,C:品牌映射,brand:凯尚达,整鸡/大单品+鸡腿+鸡翅+鸡块/鸡米花/鸡柳,True,C:品牌映射,brand:凯尚达,裹粉炸,False,C:品牌映射,brand:凯尚达,原味,False,C:品牌映射,brand:凯尚达,档口/摊位,False,C:品牌映射,brand:凯尚达,10-15,A,新郑市,奥特莱斯/锦艺城,口味:3.7 环境:3.7 服务:3.7,4,1,1,0,脆皮鸡腿_无骨鸡腿排_脆皮鸡全翅按_草莓果粒奶茶_特味鸡柳_相恋红豆奶茶_台式原味奶茶_劲爆鸡米花_经典麦香奶茶_脆皮手枪腿,,
G2qKQc3gumAT7QPv,正新鸡排(龙湖镇锦艺城店),美式/西式,False,C:品牌映射,brand:正新,整鸡/大单品+鸡腿+鸡翅+鸡排+鸡架/锁骨/叉骨+鸡脖/其他部位,True,C:品牌映射,brand:正新,裹粉炸,False,C:品牌映射,brand:正新,原味+香辣+孜然,True,C:品牌映射,brand:正新,档口/摊位,False,C:品牌映射,brand:正新,10-15,A,新郑市,奥特莱斯/锦艺城,口味:3.7 环境:3.7 服务:3.7,38,1,1,0,虾堡_招牌不辣鸡排_疯狂烤翅_香辣鸡胗_现炸翅根_鸡排双层堡_孜香锁骨串串_香酥鸡腿堡_鱿鱼_猪肉开花肠,,
H4G4aB194TfiUDUS,鸡柳大人(新郑市龙湖高坡岩店),中式,False,C:品牌映射,brand:鸡柳大人,鸡块/鸡米花/鸡柳,False,C:品牌映射,brand:鸡柳大人,生炸/现炸,False,C:品牌映射,brand:鸡柳大人,椒盐,False,C:品牌映射,brand:鸡柳大人,档口/摊位,False,C:品牌映射,brand:鸡柳大人,10-15,A,新郑市,奥特莱斯/锦艺城,口味:3.4 环境:3.4 服务:3.4,2,1,,6,,,
G8ckVacTXK8UECvV,静姐炸鸡炸鱼炸虾,Unknown,False,D:无证据,,Unknown,False,D:无证据,,Unknown,False,D:无证据,,Unknown,False,D:无证据,,Unknown,False,D:无证据,,Unknown,D,新郑市,奥特莱斯/锦艺城,,,,,0,,,
G9W1Z5psGacKny9R,胡夫炸串(龙湖锦艺城店),中式,False,C:品牌映射,brand:胡夫,鸡架/锁骨/叉骨,False,C:品牌映射,brand:胡夫,生炸/现炸,False,C:品牌映射,brand:胡夫,香辣+甜辣,True,C:品牌映射,brand:胡夫,档口/摊位,False,C:品牌映射,brand:胡夫,15-20,A,新郑市,奥特莱斯/锦艺城,口味:3.5 环境:3.6 服务:3.5,11,1,,0,鲜嫩鸡肉串_胡夫掌中宝_芝士热狗棒_青柠酸菜土豆粉_特价五花肉_当红辣子鸡_金桔柠檬_金汤酸菜面_剁椒面_金汤米线,,
H5l2kOmYlH1IyR2k,暴脾气功夫鸡排(水榭华城店),中式,True,A:菜品直接证据,香酥鸡;韩式,整鸡/大单品+鸡腿+鸡排+鸡块/鸡米花/鸡柳,True,A:菜品直接证据,香酥鸡;琵琶腿;鸡排;鸡块,裹粉炸,False,A:菜品直接证据,脆皮,原味,True,A:菜品直接证据,香酥;黑胡椒;橙,含外卖,False,B:外卖字段,1,10-15,A,新郑市,奥特莱斯/锦艺城,口味:3.5 环境:3.5 服务:3.5,4,1,,0,韩式鸡块_锅巴土豆_脆皮炸酸奶_拉丝热狗棒_鸡排堡_酥脆琵琶腿_香酥鸡柳_老北京鸡肉卷_秘制鸭肠_秘制牛肉串,,
ihUaDvGVxjOUIK8W,鸡柳大人(龙湖锦艺城店),中式,False,C:品牌映射,brand:鸡柳大人,整鸡/大单品+鸡架/锁骨/叉骨+鸡块/鸡米花/鸡柳,True,C:品牌映射,brand:鸡柳大人,生炸/现炸,False,C:品牌映射,brand:鸡柳大人,原味+蒜香+酱香,True,C:品牌映射,brand:鸡柳大人,档口/摊位,False,C:品牌映射,brand:鸡柳大人,10-15,A,新郑市,奥特莱斯/锦艺城,口味:3.5 环境:3.6 服务:3.6,23,,1,6,鸡柳年糕薯条山药片四合一_鸡柳薯条年糕山药片四合一_蒜香排骨_香骨鸡_黑金鸡米花_冰粉_香酥鸡烤饼_翡翠年糕_掌中宝_蜜汁鸡锁骨,,
H9aclwxFFnhJRY17,爆掌柜生炸鸡架(十里铺店),中式,False,C:品牌映射,brand:爆掌柜,鸡腿+鸡翅+鸡架/锁骨/叉骨+鸡块/鸡米花/鸡柳,True,C:品牌映射,brand:爆掌柜,生炸/现炸,False,C:品牌映射,brand:爆掌柜,香辣+酱香,True,C:品牌映射,brand:爆掌柜,档口/摊位,False,C:品牌映射,brand:爆掌柜,15-20,A,新郑市,奥特莱斯/锦艺城,,,,,2,无骨鸡柳_五香里脊肉夹饼_咖喱鸡柳肉夹饼_奥尔良腿排夹饼_生炸手枪腿_生炸鸡叉骨_生炸鸡架_生炸麻辣翅尖_麻辣伴翅_香辣伴翅,,
H3TnLV9qZkGNGp8o,衢州鸭头鸭帮江湖,Unknown,False,D:无证据,,Unknown,False,D:无证据,,Unknown,False,D:无证据,,Unknown,False,D:无证据,,含团购,False,B:团购字段,1,<10,A,新郑市,奥特莱斯/锦艺城,口味:3.5 环境:3.5 服务:3.5,2,,1,0,现卤鸭架_现卤鸭头,,
l5RARVJymDUcU38B,国潮鸡排,Unknown,False,D:无证据,,鸡排,False,C:店名推断,鸡排,Unknown,False,D:无证据,,Unknown,False,D:无证据,,Unknown,False,D:无证据,,Unknown,D,新郑市,奥特莱斯/锦艺城,,,,,0,,,
G9s8X7ygowlQhAlS,延庆观炸鸡(兴龙湾店),中式,False,C:品牌映射,brand:延庆观,整鸡/大单品+鸡翅+鸡排+鸡块/鸡米花/鸡柳,True,C:品牌映射,brand:延庆观,卤炸,False,C:品牌映射,brand:延庆观,原味+黑胡椒,True,C:品牌映射,brand:延庆观,档口/摊位,False,C:品牌映射,brand:延庆观,15-20,A,新郑市,奥特莱斯/锦艺城,口味:3.5 环境:3.5 服务:3.5,4,1,1,0,黄金翅根_黄金黑椒鸡块_炸鸡全翅_香酥大鸡排_香酥翅中,,
la8xl4Vr1QejnO0d,王姐香酥鸡柳卷饼,中式,False,C:店名推断,香酥鸡,整鸡/大单品,True,C:店名推断,香酥鸡;鸡柳,Unknown,False,D:无证据,,甜辣+芥末,True,A:菜品直接证据,蜂蜜;芥末,含外卖,False,B:外卖字段,1,10-15,A,新郑市,奥特莱斯/锦艺城,,1,1,,0,奶香芝士_蜂蜜芥末味_潼关肉夹馍,,
G5pYXnWhyU3HIePy,御膳叉骨(阳光大道店),中式,False,C:品牌映射,brand:御膳,鸡架/锁骨/叉骨+鸡脖/其他部位,True,C:品牌映射,brand:御膳,生炸/现炸,False,C:品牌映射,brand:御膳,椒盐,False,C:品牌映射,brand:御膳,档口/摊位,False,C:品牌映射,brand:御膳,10-15,A,新郑市,奥特莱斯/锦艺城,口味:3.5 环境:3.5 服务:3.5,,1,,0,炸鸡叉骨_鸡皮_精品叉骨_龙骨脆_鸡心_崂山啤酒,,
F875lIdS46BDjM90,美汁堡炸鸡汉堡(人民公园店),Unknown,False,D:无证据,,整鸡/大单品+鸡排+鸡块/鸡米花/鸡柳,True,A:菜品直接证据,大鸡;鸡腿;鸡排;鸡柳,烤炸复合,False,A:菜品直接证据,烤鸡,原味,True,A:菜品直接证据,原味;辣;甜辣;黑椒;番茄,堂食+外卖+团购,False,B:多字段组合,外卖:1/团购:1,10-15,A,二七区,大石桥/体育场,口味:3.5 环境:3.5 服务:3.5,2,1,1,0,骨肉相连_深海鳕鱼堡_台湾大鸡排_鸡肉洋葱圈_玉米布丁酥_鳕鱼条_千岛粗薯_果缤纷披萨_川香鸡柳_老北京鸡肉卷,,
G4RfJwIBH2WGhj77,德丰炸鸡(南阳路店),Unknown,False,D:无证据,,鸡腿+鸡翅+鸡排,True,A:菜品直接证据,鸡腿;鸡翅;鸡排;鸡米花,Unknown,False,D:无证据,,酱香,True,A:菜品直接证据,奥尔良;橙,含外卖,False,B:外卖字段,1,15-20,A,二七区,大石桥/体育场,口味:3.9 环境:3.9 服务:3.9,35,1,,0,炸鸡腿_骨肉相连_鸡全翅_手枪腿_鸡腿堡_深海鳕鱼堡_藤椒鸡排堡_至尊七虾堡_奥尔良腿堡_牛排堡,,
G3cpd2nAWVY7TdfX,美汁堡炸鸡汉堡(黄河路东三街店),中式,True,A:菜品直接证据,香酥鸡;韩式,整鸡/大单品+鸡腿+鸡翅+鸡排,True,A:菜品直接证据,香酥鸡;鸡腿;鸡翅;鸡排;鸡米花,腌炸,True,A:菜品直接证据,酱炸;烤鸡,原味+香辣+甜辣+酱香+酸甜+芥末,True,A:菜品直接证据,经典;香辣;蜂蜜;奥尔良;番茄;芥末,堂食+外卖+团购,False,B:多字段组合,外卖:1/团购:1,10-15,A,二七区,大石桥/体育场,口味:3.8 环境:3.7 服务:3.7,601,1,1,0,香酥鸡翅_奥尔良烤鸡腿堡_美味炸鸡腿_藤椒鸡腿堡_炸翅中_黄金蝴蝶虾_甘梅鸡排_炸鸡面_蜂蜜芥末韩式炸鸡_韩式辣酱炸鸡,,
iyOochkgvnsb0ZPH,台式炸鸡烤肉拌饭,地方特色,False,C:店名推断,台式,Unknown,False,D:无证据,,Unknown,False,D:无证据,,香辣+甜辣+黑胡椒+酱香+酸甜,True,A:菜品直接证据,香辣;甜辣;黑椒;照烧;番茄,堂食+外带,False,C:店名推断,烤肉,10-15,A,新郑市,奥特莱斯/锦艺城,口味:3.5 环境:3.5 服务:3.5,2,1,1,0,番茄味烤肉拌饭_冒菜_沙拉味烤肉拌饭_照烧腊烤肉拌饭_甜辣味烤肉拌饭_黑椒味炸鸡拌饭_香辣味烤肉拌饭_香辣味炸鸡拌饭_沙拉味炸鸡拌饭_照烧腊炸鸡拌饭,,
GaJ0IqkHU8XvKemf,阿香炸鸡炸鱼,Unknown,False,D:无证据,,Unknown,False,D:无证据,,Unknown,False,D:无证据,,Unknown,False,D:无证据,,含外卖,False,B:外卖字段,1,Unknown,D,新郑市,新郑金苑小区,,,1,,0,,,
H4ppCqChymDUqaEv,麦子炸货,Unknown,False,D:无证据,,Unknown,False,D:无证据,,Unknown,False,D:无证据,,Unknown,False,D:无证据,,堂食+外卖+团购,False,B:多字段组合,外卖:1/团购:1,15-20,A,新郑市,新郑金苑小区,,,1,1,0,,,
k7iVncsVAFboUrTd,东乐巷·酱炸鸡(南阳路店),韩式,True,A:菜品直接证据,芝士炸鸡;双拼,鸡腿+鸡块/鸡米花/鸡柳,True,A:菜品直接证据,鸡腿;鸡翅;鸡块,腌炸,False,A:菜品直接证据,酱炸,甜辣,True,A:菜品直接证据,芝士;椒盐;孜然;甘梅,Unknown,False,D:无证据,,15-20,A,惠济区,昌建誉峰,口味:4.0 环境:4.1 服务:4.0,118,,,0,东乐巷酱炸鸡_东乐香香鸡_咸蛋黄鸡腿汉堡_无骨鸡块_雪花芝士炸鸡,,
G4jsPkNKOpNXvzxy,小马炸鸡,中式,False,C:品牌映射,brand:小马,鸡腿,False,C:品牌映射,brand:小马,生炸/现炸,False,C:品牌映射,brand:小马,原味,False,C:品牌映射,brand:小马,档口/摊位,False,C:品牌映射,brand:小马,Unknown,D,惠济区,昌建誉峰,,,,,0,,,
G9rBhbChPXcf2qlU,胖李脆皮炸鸡(新烟路店),中式,False,A:菜品直接证据,中式炸鸡,整鸡/大单品+鸡腿+鸡翅+鸡块/鸡米花/鸡柳,True,A:菜品直接证据,全鸡;琵琶腿;鸡翅;鸡米花,裹粉炸,False,A:菜品直接证据,脆皮,酸甜,False,A:菜品直接证据,甘梅,含团购,False,B:团购字段,1,15-20,A,新郑市,新郑金苑小区,口味:3.4 环境:3.4 服务:3.4,1,,1,0,人气鸡米花_酥香全鸡_可口琵琶腿_接馋鸡翅根_甘梅脆皮薯条_棒香糍耙_中式炸鸡四剑客_琵琶三重奏_炸黄花鱼_吉祥三宝,,
k4td6EVdoAiXXYPv,正新鸡排(兴龙湾店),美式/西式,False,C:品牌映射,brand:正新,整鸡/大单品+鸡腿+鸡排+鸡架/锁骨/叉骨+鸡块/鸡米花/鸡柳,True,C:品牌映射,brand:正新,裹粉炸,False,C:品牌映射,brand:正新,原味+甜辣+孜然,True,C:品牌映射,brand:正新,档口/摊位,False,C:品牌映射,brand:正新,10-15,A,新郑市,奥特莱斯/锦艺城,,,,,0,小鸡肉串_爆浆芝士鸡排_孜然鸡排_孜然锁骨串_正新鸭肉串_香酥鸡腿_小牛肉串_小鱿鱼串_正新鸭肉_劲爆鸡米花,,
k74uPNX3T2HZWd02,正新鸡排(高坡岩店),美式/西式,False,C:品牌映射,brand:正新,整鸡/大单品+鸡腿+鸡块/鸡米花/鸡柳,True,C:品牌映射,brand:正新,裹粉炸,False,C:品牌映射,brand:正新,原味,False,C:品牌映射,brand:正新,档口/摊位,False,C:品牌映射,brand:正新,10-15,A,新郑市,奥特莱斯/锦艺城,口味:3.9 环境:4.0 服务:4.0,1301,1,,0,鱿鱼串_沙拉酱_鲜嫩小鸡肉串_香芋地瓜丸_脆皮香蕉_香酥鸡腿堡_正新牛肉堡_劲爆虾堡_脆脆鸡肉圈_脆皮御炸鸡块,,
k3Gqytph3aizTpVK,多美士炸鸡汉堡(康桥九溪郡店),美式/西式,False,C:品牌映射,brand:多美士,鸡排,False,C:品牌映射,brand:多美士,裹粉炸,False,C:品牌映射,brand:多美士,原味,False,C:品牌映射,brand:多美士,外卖型,False,C:品牌映射,brand:多美士,10-15,A,新郑市,奥特莱斯/锦艺城,口味:4.0 环境:4.0 服务:4.0,23,1,1,0,拉丝热狗棒_至尊牛排堡_墨西哥鸡肉卷_牛肉汉堡_蛋挞_玉米布丁_coco虾_回锅肉饭_至珍七虾堡_田园香蔬堡,,
k7msjrs3YqnFv7HW,帝圣特·汉堡炸鸡(水榭华城店),韩式,False,A:菜品直接证据,韩式,鸡腿+鸡翅+鸡块/鸡米花/鸡柳,True,A:菜品直接证据,全鸡;鸡腿;翅根;鸡块,裹粉炸,False,A:菜品直接证据,脆皮,原味+甜辣,True,A:菜品直接证据,经典;香辣;黄油;海苔肉松,堂食+外卖+团购,False,B:多字段组合,外卖:1/团购:1,15-20,A,新郑市,奥特莱斯/锦艺城,口味:3.4 环境:3.4 服务:3.4,2,1,1,0,尊享全家福_满分翅根炸鸡_青花椒销魂半鸡_红豆派_藤椒烤腿堡_韩式炸鸡_黄油乳鸽香鸡腿堡_经典海鲜披萨_黄金鸡块_纯肉黄金鸡块,,
k79JuuL8lZHcvwSc,正新鸡排炸鸡烧烤(奥特莱斯店),美式/西式,False,C:品牌映射,brand:正新,整鸡/大单品+鸡腿+鸡翅+鸡块/鸡米花/鸡柳,True,C:品牌映射,brand:正新,裹粉炸,False,C:品牌映射,brand:正新,原味+孜然,True,C:品牌映射,brand:正新,档口/摊位,False,C:品牌映射,brand:正新,15-20,A,新郑市,奥特莱斯/锦艺城,口味:3.6 环境:3.5 服务:3.6,33,1,1,0,轰炸大鱿鱼_正新烤面筋_海盐柚子气泡水_连心脆骨_孜然鸡柳_脆皮鸡翅_香酥鸡腿_脆皮年糕_美式薯条_现炸酥肉,,
G205Px6rrRZ9nmQv,闫先生炸串吧,Unknown,False,D:无证据,,Unknown,False,D:无证据,,生炸/现炸,False,C:店名推断,生炸,Unknown,False,D:无证据,,含团购,False,B:团购字段,1,Unknown,D,新郑市,奥特莱斯/锦艺城,,,,1,0,,,
k6pU7IY1CUGJZceI,爆掌柜生炸鸡架(锦艺城店),中式,False,C:品牌映射,brand:爆掌柜,鸡腿+鸡架/锁骨/叉骨,True,C:品牌映射,brand:爆掌柜,生炸/现炸,False,C:品牌映射,brand:爆掌柜,香辣,False,C:品牌映射,brand:爆掌柜,档口/摊位,False,C:品牌映射,brand:爆掌柜,15-20,A,新郑市,奥特莱斯/锦艺城,口味:4.0 环境:4.0 服务:4.0,21,1,1,2,招牌生炸鸡架_火鸡面烤苕皮_生炸鸡腿肉_生炸鸡叉骨_招牌生炸鸡叉骨,,
k2NVUlKaIH0ol222,咖喱鸡肉饼(人民路店),Unknown,False,D:无证据,,Unknown,False,D:无证据,,Unknown,False,D:无证据,,孜然+酱香+酸甜,True,A:菜品直接证据,孜然;酱香;番茄,含外卖,False,B:外卖字段,1,10-15,A,管城回族区,人民路百盛,口味:3.8 环境:3.8 服务:3.8,23,1,,0,酱香咖喱鸡肉饼_番茄咖喱鸡肉饼_孜然咖喱鸡肉饼,,
lazv8laLdSjs1SAf,大学路炸鸡汉堡,Unknown,False,D:无证据,,鸡翅+鸡架/锁骨/叉骨,True,A:菜品直接证据,翅中;鸡叉骨,Unknown,False,D:无证据,,酱香+酸甜,True,A:菜品直接证据,蜜汁;甘梅,学校周边,False,C:店名推断,大学,20-30,A,二七区,医学院,,,,1,0,炸鸡三拼_黄金黄金龙骨脆_蜜汁翅根_瘦身肉_鲜嫩翅中_风味鸡叉骨_甘梅,,
jiQ2PAN4K8FRNGtW,叽叽喳韩式炸鸡,韩式,False,C:店名推断,韩式,Unknown,False,D:无证据,,Unknown,False,D:无证据,,Unknown,False,D:无证据,,含外卖,False,B:外卖字段,1,Unknown,D,二七区,医学院,,,1,,0,,,
H2EnhA0F0Ihs9g0K,喜胡同鲜炸鸡(淮河东路店),Unknown,False,D:无证据,,整鸡/大单品+鸡腿+鸡架/锁骨/叉骨+鸡块/鸡米花/鸡柳,True,A:菜品直接证据,全鸡;鸡腿;鸡叉骨;鸡块,裹粉炸,True,A:菜品直接证据,脆皮;现做,原味,False,A:菜品直接证据,香酥,堂食+外卖+团购,False,B:多字段组合,外卖:1/团购:1,15-20,A,二七区,升龙广场,口味:3.5 环境:3.5 服务:3.5,3,1,1,0,爆汁小鸡腿_焦香鸡叉骨_会飞的大鸡腿_香脆鸡伴翅_香酥平菇_无骨鸡块_鸡鲍鱼_爆汁鸡鲍鱼_现做酸梅汤_香酥脆皮全鸡,,
l3O688gxpzW5HZhD,二小炸串,Unknown,False,D:无证据,,鸡块/鸡米花/鸡柳,False,A:菜品直接证据,鸡块,Unknown,False,D:无证据,,Unknown,False,D:无证据,,含团购,False,B:团购字段,1,Unknown,D,巩义市,体育馆,,,,1,0,自制棒棒鸡_老式米线_面筋圈_五香豆腐_五星鸡块_清汤米线,,
H15ClhfxbjUBm5U7,老街炸串,Unknown,False,D:无证据,,Unknown,False,D:无证据,,Unknown,False,D:无证据,,Unknown,False,D:无证据,,Unknown,False,D:无证据,,Unknown,D,巩义市,体育馆,,,,,0,,,
G57Ew3IgzNijyaps,香当赞酱拌炸鸡(中牟天泽城店),中式,True,A:菜品直接证据,中式;川式,鸡腿+鸡翅+鸡架/锁骨/叉骨+鸡块/鸡米花/鸡柳,True,A:菜品直接证据,鸡腿;翅根;鸡叉骨;鸡块,裹粉炸,False,A:菜品直接证据,脆皮,香辣+蒜香+孜然+酸甜,True,A:菜品直接证据,麻辣;蒜香;孜然;糖醋,堂食+外卖+团购,False,B:多字段组合,外卖:1/团购:1,15-20,A,中牟县,人民医院,口味:3.5 环境:3.5 服务:3.5,,1,1,0,脆皮开花鸡腿_如意鸡叉骨_黄金无骨鸡块_鸿运无骨鸡柳_川式鲜藤椒酱拌炸鸡_金牌大翅根_糖醋麻辣酱拌炸鸡_重庆辣子鸡酱拌炸鸡_中式糖醋酱拌炸鸡_蒜香孜然酱拌炸鸡,,
l4yp4WFQWd6LbPTK,Bigbeerfc韩式炸鸡(天泽城店),韩式,False,C:店名推断,韩式,Unknown,False,D:无证据,,Unknown,False,D:无证据,,Unknown,False,D:无证据,,含外卖,False,B:外卖字段,1,20-30,A,中牟县,人民医院,,,1,,0,,,
G1yJ1MQcVmkAEj9e,Daoshang8°韩式炸鸡(渔公一街店),韩式,False,C:店名推断,韩式,Unknown,False,D:无证据,,Unknown,False,D:无证据,,Unknown,False,D:无证据,,含外卖,False,B:外卖字段,1,10-15,A,新郑市,人民路,,,1,,0,,,
l7Qcz7f1kvdNf53z,柚柚家·凉皮遇上炸串,Unknown,False,D:无证据,,Unknown,False,D:无证据,,Unknown,False,D:无证据,,蒜香,False,A:菜品直接证据,蒜蓉,含外卖,False,B:外卖字段,1,15-20,A,巩义市,体育馆,口味:3.5 环境:3.5 服务:3.5,1,1,,0,砂锅红酸汤牛肉_砂锅毛血旺_砂锅蒜蓉粉丝虾,,
HajWJFqultzOsOj5,马师傅炸鸡,Unknown,False,D:无证据,,鸡腿+鸡翅+鸡块/鸡米花/鸡柳,True,A:菜品直接证据,鸡腿;鸡翅;鸡块,Unknown,False,D:无证据,,Unknown,False,D:无证据,,含团购,False,B:团购字段,1,10-15,A,新郑市,人民路,,,,1,0,炸无骨鸡块_炸鸡腿_炸鸡翅,,
H9XDQ60AQlghNeVc,熊家无二·韩式炸鸡(西亚斯店),韩式,False,C:品牌映射,brand:熊家,鸡翅+鸡块/鸡米花/鸡柳,True,C:品牌映射,brand:熊家,裹粉炸,False,C:品牌映射,brand:熊家,原味+香辣+甜辣,True,C:品牌映射,brand:熊家,外卖型,False,C:品牌映射,brand:熊家,15-20,A,新郑市,人民路,口味:3.5 环境:3.5 服务:3.5,1,1,1,0,琥珀酱_香酥翅根_酥酥无骨腿肉_新红酱_川香麻辣粉_雪花芝士球_酱酱裹炸年糕_酱酱鸡米花_奶香芝士酱_九宫格炸鸡,,
k9MsHtrhfjKzaAwN,赛可赛西汉堡披萨炸鸡(槐西店),韩式,False,A:菜品直接证据,韩式,Unknown,False,D:无证据,,Unknown,False,D:无证据,,酱香+酸甜,True,A:菜品直接证据,芝士;奥尔良;菠萝,含外卖,False,B:外卖字段,1,20-30,A,荥阳市,奥帕拉拉水公园,口味:4.0 环境:4.0 服务:4.0,16,1,,0,薯条_韩式炸鸡_菠萝派_coco虾_红豆香芋派_芒果椰椰_多肉杨梅_暴打柠檬茶_奥尔良鸡肉披萨_小龙虾拌面,,
iGyCFJjrVcbr76d5,多美士小怪兽炸鸡汉堡(北仓店),美式/西式,False,C:品牌映射,brand:多美士,鸡腿+鸡翅,True,C:品牌映射,brand:多美士,裹粉炸,False,C:品牌映射,brand:多美士,香辣+甜辣+黑胡椒+酸甜,True,C:品牌映射,brand:多美士,外卖型,False,C:品牌映射,brand:多美士,20-30,A,二七区,大石桥/体育场,口味:3.6 环境:3.6 服务:3.6,6,,1,0,藤椒翅尖_泰式培根双椒牛肉堡_日式青芥牛油果牛肉堡_黑金菠萝芝士牛肉堡_美式粗薯_招牌安格斯芝士牛肉堡_鸡牛同堡大满贯_抹茶凤梨鸡腿堡_德式黑椒纯肉肠,,
k7mUwEb2SDQv8eXn,新纳西汉堡炸鸡(豫龙店),美式/西式,False,C:品牌映射,brand:新纳西,鸡排,False,C:品牌映射,brand:新纳西,裹粉炸,False,C:品牌映射,brand:新纳西,香辣+黑胡椒,True,C:品牌映射,brand:新纳西,外卖型,False,C:品牌映射,brand:新纳西,15-20,A,荥阳市,奥帕拉拉水公园,口味:3.5 环境:3.5 服务:3.5,7,1,1,0,鱼香茄子_台式卤肉饭_风味炸鸡_咖喱牛肉_辣子鸡丁_梅菜扣肉_黑椒牛肉_香甜玉米杯_川香鸡柳_甘脆番薯条,,
k254eSM66jLXTO50,IU韩式炸鸡·啤酒·火鸡面(第六档口店),韩式,True,A:菜品直接证据,韩式;双拼,鸡腿+鸡块/鸡米花/鸡柳,True,A:菜品直接证据,琵琶腿;鸡柳,裹粉炸,False,A:菜品直接证据,脆皮,香辣,False,A:菜品直接证据,辣,含团购,False,B:团购字段,1,30-50,A,金水区,建业路/英协花园,,2,,1,0,脆皮琵琶腿_韩式年糕_韩式肥牛炒年糕_培根炒年糕_荷叶饼_脆皮香蕉_炸鸡柳_鸡肉洋葱圈_韩式辣白菜炒年糕,,
k4lJNQfzFKvZ68q8,小食辰,Unknown,False,D:无证据,,鸡排,True,A:菜品直接证据,鸡排;鸡叉骨;鸡皮,Unknown,False,D:无证据,,原味,True,A:菜品直接证据,原味;芝士;奥尔良,堂食+外卖+团购,False,B:多字段组合,外卖:1/团购:1,Unknown,D,荥阳市,奥帕拉拉水公园,,,1,1,0,豆结串_里脊肉夹饼_鸡皮串_鸡胗串_培根串_椰子灰炒酸奶_芝士拉丝棒_火龙串_五花肉片_火龙果炒酸奶,,
laREdLxSbnkD2vvs,凯尚达炸鸡(中原西路店),美式/西式,False,C:品牌映射,brand:凯尚达,鸡腿+鸡块/鸡米花/鸡柳+鸡脖/其他部位,True,C:品牌映射,brand:凯尚达,裹粉炸,False,C:品牌映射,brand:凯尚达,甜辣+黑胡椒+酸甜,True,C:品牌映射,brand:凯尚达,档口/摊位,False,C:品牌映射,brand:凯尚达,10-15,A,荥阳市,奥帕拉拉水公园,,,,1,0,黑椒牛排堡_十里桃花_蜂蜜柚子茶_龙利鱼_鸡米花_鸡柳_鸡腿肉_鸡皮_脆骨鸡块_大虾,,
l6Cojsx1J6WW9P0s,午夜烧烤串串(商隐路店),Unknown,False,D:无证据,,Unknown,False,D:无证据,,Unknown,False,D:无证据,,Unknown,False,D:无证据,,堂食+外卖+团购,False,B:多字段组合,外卖:1/团购:1,20-30,A,荥阳市,奥帕拉拉水公园,,1,1,1,0,铁板炒河粉_大烤肠_自选凉菜_羊眼_老式烤鱼_乌苏啤酒_铁板炒面_任意素串,,
G5pj0lbppdBzTDgS,凯尚达炸鸡(宜家超市店),美式/西式,False,C:品牌映射,brand:凯尚达,鸡排,False,C:品牌映射,brand:凯尚达,裹粉炸,False,C:品牌映射,brand:凯尚达,原味,False,C:品牌映射,brand:凯尚达,档口/摊位,False,C:品牌映射,brand:凯尚达,10-15,A,荥阳市,奥帕拉拉水公园,,,,1,0,,,
G8inDb9G9MzR0TEk,开心炸鸡(金地格林小城店),中式,True,A:菜品直接证据,香酥鸡;台式,整鸡/大单品+鸡腿+鸡架/锁骨/叉骨+鸡块/鸡米花/鸡柳,True,A:菜品直接证据,香酥鸡;鸡腿;鸡叉骨;鸡米花,Unknown,False,D:无证据,,原味+酸甜,True,A:菜品直接证据,经典;甘梅,含团购,False,B:团购字段,1,Unknown,D,荥阳市,奥帕拉拉水公园,,,,1,0,秘制鸡叉骨_秘制台式鸡柳_经典红糖冰粉_甘梅薯条_鸡腿肉_香酥鸡腿堡_牙签肉,,
H5ST8CfVEiaj84S8,烙馍卷面筋·谢家独味·烧烤(郑东商业中心店),Unknown,False,D:无证据,,Unknown,False,D:无证据,,Unknown,False,D:无证据,,Unknown,False,D:无证据,,堂食+外卖+团购,False,B:多字段组合,外卖:1/团购:1,10-15,A,管城回族区,五洲公园,口味:3.6 环境:3.6 服务:3.6,1,1,1,0,烙馍卷羊肉串_烙馍卷面筋_妙记酸梅汤_烙馍卷甜_烙馍卷亲亲肠_烙馍卷蟹排_烙馍卷五花肉_大烤肠_烙馍卷牛肉_烤冷面和烙馍卷,,
k8hh0NFBt9VnJ3pU,零鸡时客,Unknown,False,D:无证据,,Unknown,False,D:无证据,,Unknown,False,D:无证据,,Unknown,False,D:无证据,,含外卖,False,B:外卖字段,1,Unknown,D,新密市,五四广场/万客隆,,,1,,0,,,
H19IuUMrJYtWwjHU,叽叽喳炸鸡,Unknown,False,D:无证据,,Unknown,False,D:无证据,,Unknown,False,D:无证据,,Unknown,False,D:无证据,,含外卖,False,B:外卖字段,1,Unknown,D,二七区,二七区,,,1,,0,,,
lauWOcrXVqPL4W4x,凯尚达炸鸡(思源路店),美式/西式,False,C:品牌映射,brand:凯尚达,鸡排,False,C:品牌映射,brand:凯尚达,裹粉炸,False,C:品牌映射,brand:凯尚达,原味,False,C:品牌映射,brand:凯尚达,档口/摊位,False,C:品牌映射,brand:凯尚达,10-15,A,二七区,二七区,,,,,0,,,
jaiv84lClPzURkek,卤小厨中式炸鸡,中式,False,C:店名推断,中式炸鸡,Unknown,False,D:无证据,,Unknown,False,D:无证据,,Unknown,False,D:无证据,,Unknown,False,D:无证据,,Unknown,D,二七区,二七区,,,,,0,,,
H6aUeTuKGTwhFBfY,七星炸鸡,Unknown,False,D:无证据,,Unknown,False,D:无证据,,Unknown,False,D:无证据,,Unknown,False,D:无证据,,Unknown,False,D:无证据,,Unknown,D,二七区,二七区,,,,,0,,,
G1fSbCBfiDLmZmGO,工人路炸鸡,Unknown,False,D:无证据,,Unknown,False,D:无证据,,Unknown,False,D:无证据,,Unknown,False,D:无证据,,Unknown,False,D:无证据,,20-30,A,二七区,二七区,,,,,0,,,
H7gTC6feqLnp5RtD,饼大拿超大里脊肉饼,Unknown,False,D:无证据,,鸡块/鸡米花/鸡柳,False,A:菜品直接证据,鸡块,Unknown,False,D:无证据,,Unknown,False,D:无证据,,含团购,False,B:团购字段,1,Unknown,D,金水区,人民路/紫荆山,,,,1,0,生啫鸡块,,
HaaSQVD080nIXUEP,临榆炸鸡腿(优胜北路店),中式,False,C:品牌映射,brand:临榆,鸡腿,True,"C:店名推断(修正,优先于品牌映射)",brand:临榆,腌炸,False,C:品牌映射,brand:临榆,原味,False,C:品牌映射,brand:临榆,档口/摊位,False,C:品牌映射,brand:临榆,10-15,A,金水区,健康路/零零茂,口味:3.9 环境:3.9 服务:3.9,2,1,1,16,香酥琵琶腿_鸡肉条_黄金鸡叉骨_开心薯饼_炸全翅_豆皮鸡肉卷_黄金炸蘑菇_脆皮手枪腿_黄金香骨鸡_爆浆鸡排,鸡排,brand_product_conflict
G2TawA8cmyGTlzds,轰炸大鱿鱼,Unknown,False,D:无证据,,Unknown,False,D:无证据,,Unknown,False,D:无证据,,Unknown,False,D:无证据,,Unknown,False,D:无证据,,10-15,A,金水区,健康路/零零茂,口味:3.6 环境:3.6 服务:3.6,1,,,0,,,
G3JVqO2HyTChIPUM,小阳手工辣条,Unknown,False,D:无证据,,鸡翅,False,A:菜品直接证据,鸡翅,Unknown,False,D:无证据,,香辣+甜辣,True,A:菜品直接证据,辣;甜辣,堂食+外卖+团购,False,B:多字段组合,外卖:1/团购:1,<10,A,金水区,健康路/零零茂,,1,1,1,0,甜辣小鱼_甜辣素鸡翅_五香锅巴,,
l5L9Q2BUrPdkOl2h,多派霸王大鸡柳,Unknown,False,D:无证据,,整鸡/大单品,True,C:店名推断,大鸡;鸡柳,Unknown,False,D:无证据,,Unknown,False,D:无证据,,Unknown,False,D:无证据,,Unknown,D,中原区,儿童公园/凯旋门,,,,,0,,,
l9bM0AuNUTlMJqIV,不二香酥炸鸡,Unknown,False,D:无证据,,Unknown,False,D:无证据,,裹粉炸,False,C:店名推断,酥炸,原味,False,C:店名推断,香酥,Unknown,False,D:无证据,,Unknown,D,中牟县,人民医院,,,,,0,,,
G63XwGl7fOpsxunn,新郑市一半炸鸡,Unknown,False,D:无证据,,鸡腿+鸡翅,True,A:菜品直接证据,琵琶腿;翅根,裹粉炸,False,A:菜品直接证据,脆皮,Unknown,False,D:无证据,,堂食+外卖+团购,False,B:多字段组合,外卖:1/团购:1,<10,A,新郑市,人民路,口味:4.0 环境:4.0 服务:4.0,2,1,1,0,嫩脆翅根_脆皮西装鸡_黄金脆皮琵琶腿_全场小食随意拼,,
l23MsEviiT2sOP44,百盛炸鸡,Unknown,False,D:无证据,,Unknown,False,D:无证据,,Unknown,False,D:无证据,,Unknown,False,D:无证据,,Unknown,False,D:无证据,,10-15,A,新郑市,人民路,,,,,0,,,
l5KdjjexipIyEhKS,刘婉婉生炸妙龄鸡(大马乡店),中式,False,C:品牌映射,brand:刘婉婉,整鸡/大单品,False,C:品牌映射,brand:刘婉婉,生炸/现炸,False,C:品牌映射,brand:刘婉婉,原味,False,C:品牌映射,brand:刘婉婉,档口/摊位,False,C:品牌映射,brand:刘婉婉,<10,A,新郑市,人民路,,,,,6,,,
l9iJ3dqhHeaXlgQj,鸡柳大人(西亚斯店),中式,False,C:品牌映射,brand:鸡柳大人,整鸡/大单品+鸡腿+鸡翅+鸡块/鸡米花/鸡柳,True,C:品牌映射,brand:鸡柳大人,生炸/现炸,False,C:品牌映射,brand:鸡柳大人,原味+蒜香,True,C:品牌映射,brand:鸡柳大人,档口/摊位,False,C:品牌映射,brand:鸡柳大人,10-15,A,新郑市,人民路,口味:3.5 环境:3.5 服务:3.5,,,1,6,冰粉_掌中宝_香酥鸡柳_蒜香排骨_香酥鸡烤饼_爆汁鸡腿_黄金鸡翅尖_香骨鸡_脆皮年糕_开花大香肠,,
H71WrL5g4cFZW0BW,明洞街韩式炸鸡,韩式,False,A:菜品直接证据,韩式,鸡腿+鸡翅,True,A:菜品直接证据,鸡腿;鸡翅,Unknown,False,D:无证据,,Unknown,False,D:无证据,,堂食+外卖+团购,False,B:多字段组合,外卖:1/团购:1,20-30,A,新郑市,人民路,口味:3.5 环境:3.5 服务:3.5,5,1,1,0,韩式炸鸡翅根_韩式炸鸡鸡腿肉块,,
iO9Z8rIE1RrrP7Mv,夸父炸串(人民路西亚斯店),中式,False,C:品牌映射,brand:夸父,整鸡/大单品+鸡翅+鸡块/鸡米花/鸡柳,True,C:品牌映射,brand:夸父,生炸/现炸,False,C:品牌映射,brand:夸父,香辣,False,C:品牌映射,brand:夸父,档口/摊位,False,C:品牌映射,brand:夸父,15-20,A,新郑市,人民路,,1,1,1,0,草原羊肉串_香酥豆扣结_麦穗鸡柳串_真牛牛肉串_鱿鱼龙爪须_生炸翅根_雪花鸡肉棒_香嫩鸡肉_旋风大面筋_包浆豆腐串,,
H5fY6ehsT70oGEeL,皇上皇炸鸡,Unknown,False,D:无证据,,Unknown,False,D:无证据,,Unknown,False,D:无证据,,Unknown,False,D:无证据,,Unknown,False,D:无证据,,Unknown,D,中牟县,中牟县,,,,,0,,,
H1MNB5yDDbbCyuKu,王小二炸鸡卤肉饭,Unknown,False,D:无证据,,Unknown,False,D:无证据,,复炸,False,C:店名推断,二炸,Unknown,False,D:无证据,,Unknown,False,D:无证据,,Unknown,D,中牟县,中牟县,,,,,0,,,
l4f1saDRevM203Md,孙小昌中国炸鸡(平安大道店),中式,False,C:店名推断,中国炸鸡,Unknown,False,D:无证据,,Unknown,False,D:无证据,,Unknown,False,D:无证据,,含外卖,False,B:外卖字段,1,10-15,A,中牟县,中牟县,,,1,,0,,,
GaTgyUkwp41S3Y0Z,蒜香炸鸡,Unknown,False,D:无证据,,Unknown,False,D:无证据,,Unknown,False,D:无证据,,蒜香,False,C:店名推断,蒜香,Unknown,False,D:无证据,,Unknown,D,中牟县,中牟县,,,,,0,,,
H7VXGUEiMKHUOERb,美美炸鸡(万华奥特莱斯店),Unknown,False,D:无证据,,Unknown,False,D:无证据,,Unknown,False,D:无证据,,Unknown,False,D:无证据,,Unknown,False,D:无证据,,Unknown,D,中牟县,中牟县,,,,,0,,,
l2LJGT2JeI6eo7uk,黄油芝士炸鸡·贝果,韩式,False,C:店名推断,芝士炸鸡,Unknown,False,D:无证据,,Unknown,False,D:无证据,,甜辣,False,C:店名推断,芝士,堂食+外卖+团购,False,B:多字段组合,外卖:1/团购:1,10-15,A,中牟县,中牟县,,,1,1,0,草莓麻薯茉莉奶_蜜桃青稞乌龙奶_霉果大爆炸_招牌柠檬水_莲子百合烤梨_贵妃荔枝烤梨_鲜果凤梨超_福福奶茶一_黄桃烤梨_幽兰红茶,,
G668o8AULJIPUCKb,爆掌柜生炸鸡架(姚家社区店),中式,False,C:品牌映射,brand:爆掌柜,鸡架/锁骨/叉骨,False,C:品牌映射,brand:爆掌柜,生炸/现炸,False,C:品牌映射,brand:爆掌柜,香辣,False,C:品牌映射,brand:爆掌柜,档口/摊位,False,C:品牌映射,brand:爆掌柜,10-15,A,中牟县,中牟县,,,1,,3,,,
G6HuD8MVpZr3OWBo,正新鸡排·炸鸡烧烤(幸福广场店),美式/西式,False,C:品牌映射,brand:正新,整鸡/大单品+鸡翅+鸡排,True,C:品牌映射,brand:正新,裹粉炸,False,C:品牌映射,brand:正新,原味+香辣,True,C:品牌映射,brand:正新,档口/摊位,False,C:品牌映射,brand:正新,10-15,A,中牟县,中牟县,,,,1,0,金锤翅根桶_爆料鸡排_金锤翅根_中国鸡排汉堡_正新大烤肠_原味大鸡排_大鸡肉串_香辣鸡排套,,
k2SL7c6SSIUHE3pJ,正新鸡排·炸鸡烧烤(绿博新城4号院店),美式/西式,False,C:品牌映射,brand:正新,鸡排,False,C:品牌映射,brand:正新,裹粉炸,False,C:品牌映射,brand:正新,原味,False,C:品牌映射,brand:正新,档口/摊位,False,C:品牌映射,brand:正新,10-15,A,中牟县,中牟县,,,,1,0,正新大烤肠,,
k6gyygfrObTSifHJ,张囤囤(二七万达店),Unknown,False,D:无证据,,鸡腿+鸡翅+鸡架/锁骨/叉骨+鸡块/鸡米花/鸡柳,True,A:菜品直接证据,鸡腿;鸡翅;鸡叉骨;鸡柳,Unknown,False,D:无证据,,香辣,False,A:菜品直接证据,麻辣,堂食+外卖+团购,False,B:多字段组合,外卖:1/团购:1,10-15,A,二七区,二七万达,口味:4.0 环境:4.1 服务:4.1,2,1,1,0,囤囤1号霸王手枪腿_招牌炸鸡腿_麻辣锅巴土豆_香炸鸡叉骨_手工鲜切鸡柳_黄金鸡翅根_招牌琵琶腿,,
k9AjRA9GjLank2If,夸父炸串(二七万达店),中式,False,C:品牌映射,brand:夸父,鸡架/锁骨/叉骨,False,C:品牌映射,brand:夸父,生炸/现炸,False,C:品牌映射,brand:夸父,原味+甜辣,True,C:品牌映射,brand:夸父,档口/摊位,False,C:品牌映射,brand:夸父,20-30,A,二七区,二七万达,口味:3.6 环境:3.6 服务:3.8,7,1,1,0,真牛牛肉串_香酥豆扣结_南乳翅根_草原羊肉串_生炸翅根_雪花鸡肉棒_蝴蝶结豆扣_开花火腿肠_拉丝芝士热狗棒_包浆豆腐串,,
H3b3GrQtxfJETnxI,摇煸派辣子鸡(二七万达店),Unknown,False,D:无证据,,鸡腿+鸡翅+鸡块/鸡米花/鸡柳+鸡脖/其他部位,True,A:菜品直接证据,鸡腿;鸡翅;叉骨;鸡块;鸡脖,煸制,False,A:菜品直接证据,煸,香辣,False,A:菜品直接证据,辣子,Unknown,False,D:无证据,,10-15,A,二七区,二七万达,口味:3.9 环境:4.0 服务:4.0,49,,,0,米香鸡块_招牌辣子鸡贝贝_干煸鸡脖_小吃混拼_干煸开花鸡腿_干煸翅根,,
HagESN0Pu3cVWH3b,爱尚惠美炸鸡(解放路店),中式,False,C:品牌映射,brand:爱尚惠美,鸡排,False,C:品牌映射,brand:爱尚惠美,裹粉炸,False,C:品牌映射,brand:爱尚惠美,原味,False,C:品牌映射,brand:爱尚惠美,档口/摊位,False,C:品牌映射,brand:爱尚惠美,15-20,A,中牟县,中牟大厦,,,,,0,,,
G2xyES9ErzhnJbNy,美滋滋蟹黄炸鸡拌饭,Unknown,False,D:无证据,,Unknown,False,D:无证据,,Unknown,False,D:无证据,,Unknown,False,D:无证据,,含外卖,False,B:外卖字段,1,Unknown,D,中牟县,中牟大厦,,,1,,0,,,
l5hkwj01EyDBkHmQ,炸货铺,Unknown,False,D:无证据,,Unknown,False,D:无证据,,Unknown,False,D:无证据,,Unknown,False,D:无证据,,Unknown,False,D:无证据,,15-20,A,中牟县,中牟大厦,,,,,0,,,
l6HVTbv8eSX5hTrE,夸父炸串(中牟龙善街店),中式,False,C:品牌映射,brand:夸父,鸡架/锁骨/叉骨,False,C:品牌映射,brand:夸父,生炸/现炸,False,C:品牌映射,brand:夸父,香辣,False,C:品牌映射,brand:夸父,档口/摊位,False,C:品牌映射,brand:夸父,15-20,A,中牟县,九龙镇,,,1,1,0,鱿鱼龙爪须_草原羊肉串_生炸翅根_南乳翅根_真牛牛肉串_香酥豆扣结_雪花鸡肉棒_香甜红薯串_童年淀粉肠_蝴蝶结豆扣,,
G7x9tfqQq0ts5AGO,刘婉婉生炸妙龄鸡(九龙店),中式,False,C:品牌映射,brand:刘婉婉,鸡架/锁骨/叉骨+鸡块/鸡米花/鸡柳,True,C:品牌映射,brand:刘婉婉,生炸/现炸,False,C:品牌映射,brand:刘婉婉,原味,False,C:品牌映射,brand:刘婉婉,档口/摊位,False,C:品牌映射,brand:刘婉婉,10-15,A,中牟县,九龙镇,,,,1,9,鸡背肉_奶香地瓜条_叉骨_现炸黄金鸡柳_无骨上腿肉,,
k6DP6LXRxdBotpun,炸鸡皇后(牟山路店),美式/西式,False,A:菜品直接证据,吮指,整鸡/大单品+鸡腿+鸡翅+鸡排,True,A:菜品直接证据,大鸡;鸡腿;翅根;鸡排,裹粉炸,False,A:菜品直接证据,脆皮,原味+甜辣,True,A:菜品直接证据,香酥;芝士,堂食+外卖+团购,False,B:多字段组合,外卖:1/团购:1,10-15,A,中牟县,县政府,口味:3.5 环境:3.5 服务:3.5,,1,1,0,脆皮大大鸡腿_比脸大爱心鸡排_吮指年糕_青花椒鸡腿_香酥翅根_芝士拉丝热狗棒,,
H7wXSOBceaf0NnMa,囍炸·烧饼炸串(二七店),Unknown,False,D:无证据,,Unknown,False,D:无证据,,Unknown,False,D:无证据,,Unknown,False,D:无证据,,含外卖,False,B:外卖字段,1,Unknown,D,二七区,升龙广场,,,1,,0,,,
iM8bI6U6cTN1zW2K,鸡柳大人(华强广场店),中式,False,C:品牌映射,brand:鸡柳大人,整鸡/大单品+鸡腿+鸡翅+鸡架/锁骨/叉骨+鸡块/鸡米花/鸡柳,True,C:品牌映射,brand:鸡柳大人,生炸/现炸,False,C:品牌映射,brand:鸡柳大人,原味+蒜香+酱香,True,C:品牌映射,brand:鸡柳大人,档口/摊位,False,C:品牌映射,brand:鸡柳大人,15-20,A,中原区,华强城市广场,口味:3.5 环境:3.5 服务:3.5,3,1,1,38,掌中宝_香骨鸡_香酥鸡柳_蜜汁鸡锁骨_冰粉_蒜香排骨_爆汁鸡腿_黄金鸡翅尖_开花大香肠_香酥鸡烤饼,,
G4hOv3TMAX0xAiqk,老郑州炸鸡(紫宸路商业街店),中式,False,C:店名推断,老郑州,Unknown,False,D:无证据,,Unknown,False,D:无证据,,Unknown,False,D:无证据,,Unknown,False,D:无证据,,Unknown,D,管城回族区,南三环汽配大世界,,,,,0,,,
k4UEcHl19xfn7liL,小红房炸鸡腿(郑州中原区店),Unknown,False,D:无证据,,整鸡/大单品+鸡腿+鸡翅+鸡架/锁骨/叉骨+鸡脖/其他部位,True,A:菜品直接证据,脆皮鸡;琵琶腿;翅中;叉骨;鸡脖,裹粉炸,False,A:菜品直接证据,脆皮,原味,False,A:菜品直接证据,香酥,堂食+外卖+团购,False,B:多字段组合,外卖:1/团购:1,<10,A,中原区,华强城市广场,口味:3.5 环境:3.5 服务:3.5,1,1,1,0,香酥琵琶腿_黄金翅中_黄金肉条_香炸叉骨_脆皮鸡脖,,
H26o2TWb8xeZOfhf,弄堂炸鸡,Unknown,False,D:无证据,,鸡腿,False,A:菜品直接证据,鸡腿,Unknown,False,D:无证据,,Unknown,False,D:无证据,,含团购,False,B:团购字段,1,20-30,A,金水区,国贸360,,2,,1,0,翅膀_梅干粉_炸鸡腿,,
H80XcjKdnbbHXxT6,金水巷柠檬手撕鸡,Unknown,False,D:无证据,,Unknown,False,D:无证据,,Unknown,False,D:无证据,,蒜香+孜然,True,A:菜品直接证据,蒜香;孜然,堂食+外卖+团购,False,B:多字段组合,外卖:1/团购:1,Unknown,D,金水区,国贸360,口味:3.4 环境:3.4 服务:3.4,1,1,1,0,蒜香手撕鸡_孜然手撕鸡,,
l3YZTQVBxg7glKzC,鸡柳大人(国贸店),中式,False,C:品牌映射,brand:鸡柳大人,鸡块/鸡米花/鸡柳,False,C:品牌映射,brand:鸡柳大人,生炸/现炸,False,C:品牌映射,brand:鸡柳大人,椒盐,False,C:品牌映射,brand:鸡柳大人,档口/摊位,False,C:品牌映射,brand:鸡柳大人,15-20,A,金水区,国贸360,口味:3.6 环境:3.6 服务:3.6,3,1,1,38,鸡柳薯条年糕山药片四合一_鸡柳年糕二合一,,
k1dQ73AIQoucLg5u,姬富贵中式炸鸡,中式,False,C:店名推断,中式炸鸡,Unknown,False,D:无证据,,Unknown,False,D:无证据,,Unknown,False,D:无证据,,含外卖,False,B:外卖字段,1,15-20,A,中原区,嘉锦酒店,口味:3.7 环境:3.7 服务:3.7,1,1,,0,浪味仙炸鸡,,
kaHXIFLKsaKQ7izT,正新鸡排·炸鸡烧烤(云龙2鸡排店),美式/西式,False,C:品牌映射,brand:正新,整鸡/大单品+鸡翅+鸡排,True,C:品牌映射,brand:正新,裹粉炸,False,C:品牌映射,brand:正新,原味,False,C:品牌映射,brand:正新,档口/摊位,False,C:品牌映射,brand:正新,10-15,A,巩义市,回郭镇,口味:3.4 环境:3.4 服务:3.4,,,1,0,金锤翅根_中国鸡排汉堡_正新大烤肠_香辣鸡排套_大鸡肉串_爆料鸡排,,
k7M1QbX9Vtg7KOqx,韩式炸鸡,韩式,False,A:菜品直接证据,无骨炸鸡,鸡块/鸡米花/鸡柳,False,A:菜品直接证据,无骨炸鸡,Unknown,False,D:无证据,,Unknown,False,D:无证据,,含团购,False,B:团购字段,1,15-20,A,中牟县,刘集镇,,,,1,0,招牌无骨炸鸡,,
G6jzEkEnRvipo3El,夸父炸串(中原区运河上城店),中式,False,C:品牌映射,brand:夸父,鸡架/锁骨/叉骨,False,C:品牌映射,brand:夸父,生炸/现炸,False,C:品牌映射,brand:夸父,香辣,False,C:品牌映射,brand:夸父,档口/摊位,False,C:品牌映射,brand:夸父,20-30,A,中原区,元通纺织城,口味:3.5 环境:3.5 服务:3.5,,1,,0,,,
FdgCpo9mSxG58vNs,柠檬队长韩式炸鸡,韩式,False,C:店名推断,韩式,Unknown,False,D:无证据,,Unknown,False,D:无证据,,Unknown,False,D:无证据,,含外卖,False,B:外卖字段,1,20-30,A,中原区,元通纺织城,,,1,,0,,,
k2BAEV6bcd0Kg4kn,Soonsoo韩国精品炸鸡(探十里店),韩式,False,C:品牌映射,brand:Soonsoo,整鸡/大单品,False,C:品牌映射,brand:Soonsoo,裹粉炸,False,C:品牌映射,brand:Soonsoo,蒜香+甜辣+酱香,True,C:品牌映射,brand:Soonsoo,堂食+外带,False,C:品牌映射,brand:Soonsoo,50+,A,中原区,儿童公园/凯旋门,口味:3.7 环境:3.7 服务:3.7,,1,1,0,蜂蜜酱油炸鸡_安东火鸡_黄油洋葱_青阳美乃滋_黄金蒜蓉_苹果杏仁_蜂蜜脆皮_黄油啤酒,,
k8IrYnXrmshhBRmr,烧饼夹菜布袋馍,Unknown,False,D:无证据,,Unknown,False,D:无证据,,Unknown,False,D:无证据,,Unknown,False,D:无证据,,含外卖,False,B:外卖字段,1,Unknown,D,中原区,儿童公园/凯旋门,,,1,,0,,,
k3duaq7sEjts5f3K,小慕八珍香酥炸鸡,Unknown,False,D:无证据,,Unknown,False,D:无证据,,裹粉炸,False,C:店名推断,酥炸,原味,False,C:店名推断,香酥,含外卖,False,B:外卖字段,1,Unknown,D,中原区,儿童公园/凯旋门,,,1,,0,,,
EghAX6pUiERaXnkM,脆皮炸鸡,中式,False,C:店名推断,脆皮炸鸡,Unknown,False,D:无证据,,裹粉炸,False,C:店名推断,脆皮,Unknown,False,D:无证据,,Unknown,False,D:无证据,,10-15,A,中原区,冉屯路/五龙口,,,,,0,,,
l3ZlTPZ03QMbkqqO,霸总炸鸡店,Unknown,False,D:无证据,,Unknown,False,D:无证据,,Unknown,False,D:无证据,,Unknown,False,D:无证据,,Unknown,False,D:无证据,,Unknown,D,中原区,冉屯路/五龙口,,,,,0,,,
l4a6XEPIfRgc0rPG,巷百里蟹黄烤鸡包饭(正商明钻店),Unknown,False,D:无证据,,整鸡/大单品,False,A:菜品直接证据,烤鸡,烤炸复合,False,A:菜品直接证据,烤鸡,Unknown,False,D:无证据,,堂食+外卖+团购,False,B:多字段组合,外卖:1/团购:1,20-30,A,中原区,冉屯路/五龙口,,,1,1,0,巷百里烤鸡,,
k2wjtByIWBELIcly,任选韩式炸鸡(桂圆南街店),韩式,False,C:店名推断,韩式,Unknown,False,D:无证据,,Unknown,False,D:无证据,,Unknown,False,D:无证据,,含团购,False,B:团购字段,1,Unknown,D,惠济区,北大学城,,,,1,0,招牌茉莉味豆腐花_招牌红糖味豆腐花_招牌桂花味豆腐花,,
l9UacQv1NkuEQA1E,喜胡同鲜炸鸡(中海怡然苑店),Unknown,False,D:无证据,,整鸡/大单品+鸡腿+鸡排+鸡架/锁骨/叉骨,True,A:菜品直接证据,全鸡;鸡腿;鸡排;鸡架,裹粉炸,True,A:菜品直接证据,脆皮;生炸,原味,False,A:菜品直接证据,香酥,堂食+外卖+团购,False,B:多字段组合,外卖:1/团购:1,15-20,A,惠济区,北大学城,口味:3.9 环境:4.0 服务:3.9,4,1,1,0,鸡鲍鱼_生炸大鸡架_焦香鸡叉骨_香酥平菇_心形大鸡排_现做酸梅汤_爆汁小鸡腿_香酥脆皮全鸡,,
k2zzHfo0lpbXzHA3,刘婉婉生炸妙龄鸡(英才街店),中式,False,C:品牌映射,brand:刘婉婉,鸡架/锁骨/叉骨+鸡块/鸡米花/鸡柳,True,C:品牌映射,brand:刘婉婉,生炸/现炸,False,C:品牌映射,brand:刘婉婉,原味,False,C:品牌映射,brand:刘婉婉,档口/摊位,False,C:品牌映射,brand:刘婉婉,<10,A,惠济区,北大学城,,3,1,1,12,鸡背肉_奶香地瓜条_叉骨_无骨上腿肉_现炸黄金鸡柳,,
k76yIBflgJacBA0x,东北麻辣拌鸡腿,地方特色,False,C:店名推断,东北,鸡腿,False,A:菜品直接证据,鸡腿,Unknown,False,D:无证据,,香辣,False,A:菜品直接证据,麻辣,堂食+外卖+团购,False,B:多字段组合,外卖:1/团购:1,15-20,A,惠济区,北大学城,,5,1,1,0,麻辣鸡腿拌米皮_潮汕牛丸_麻辣鸡腿拌肥牛卷拌凉皮_美味鸡腿拌麻辣面_卤鸡肝_麻辣鸡腿拌牛筋面_麻辣鸡腿拌凉面_招牌疯狂拌鸡腿拌饭,,
l8ybK6SDXbKmRIRN,韩磊东北大碗麻辣烫炸串,地方特色,False,C:店名推断,东北,Unknown,False,D:无证据,,Unknown,False,D:无证据,,香辣,False,A:菜品直接证据,麻辣,堂食+外卖+团购,False,B:多字段组合,外卖:1/团购:1,10-15,A,惠济区,北大学城,口味:3.5 环境:3.5 服务:3.5,1,1,1,0,干汁麻辣烫_招牌老式黏糊麻辣烫,,
k6e8nAQe6G4MMvrD,项师傅炸鸡(迎宾路店),Unknown,False,D:无证据,,整鸡/大单品+鸡腿+鸡架/锁骨/叉骨+鸡脖/其他部位,True,A:菜品直接证据,大鸡;鸡腿;鸡架;鸡胗,裹粉炸,False,A:菜品直接证据,脆皮,香辣,False,A:菜品直接证据,麻辣,堂食+外卖+团购,False,B:多字段组合,外卖:1/团购:1,10-15,A,惠济区,北大学城,口味:3.6 环境:3.6 服务:3.6,1,1,1,0,藤椒藤椒脆鸡堡_麻辣鸡胗串_升级双鸡堡_麻辣鸡肉串_脆皮大鸡腿_秘制炸鸡架_中薯条_美滋牛牛堡_哆肉堡_椒香小酥肉,,
H1Zho74gv1xwigct,吮指炸鸡店汉堡,美式/西式,False,C:店名推断,吮指,整鸡/大单品,True,A:菜品直接证据,炸鸡块;鸡腿;鸡翅;鸡排;鸡叉骨;鸡米花,Unknown,False,D:无证据,,Unknown,False,D:无证据,,Unknown,False,D:无证据,,Unknown,D,惠济区,北大学城,口味:3.5 环境:3.5 服务:3.5,2,,,0,炸鸡块,,
k1XJU2gGktlg077B,奥尔良炸鸡,Unknown,False,D:无证据,,Unknown,False,D:无证据,,Unknown,False,D:无证据,,酱香,False,C:店名推断,奥尔良,Unknown,False,D:无证据,,10-15,A,惠济区,北大学城,,,,,0,,,
G40tLilbV9Jy99Hz,炸鸡达人陕食尚,Unknown,False,D:无证据,,Unknown,False,D:无证据,,Unknown,False,D:无证据,,Unknown,False,D:无证据,,Unknown,False,D:无证据,,Unknown,D,中牟县,刘集镇,,,,,0,,,
H5dLjaW9K9Ruditf,炸鸡大王,Unknown,False,D:无证据,,Unknown,False,D:无证据,,Unknown,False,D:无证据,,Unknown,False,D:无证据,,Unknown,False,D:无证据,,Unknown,D,中牟县,刘集镇,,,,,0,,,
G2bQJKxk21YVTLUw,黎太院炸鸡无限自助,韩式,False,C:品牌映射,brand:黎太院,鸡块/鸡米花/鸡柳,False,C:品牌映射,brand:黎太院,裹粉炸,False,C:品牌映射,brand:黎太院,甜辣,False,C:品牌映射,brand:黎太院,堂食+外带,False,C:品牌映射,brand:黎太院,20-30,A,惠济区,北大学城,,,,,0,,,
laDqPX1EhM3hBAE2,正新鸡排·炸鸡烧烤(农业路店),美式/西式,False,C:品牌映射,brand:正新,鸡排+鸡块/鸡米花/鸡柳,True,C:品牌映射,brand:正新,裹粉炸,False,C:品牌映射,brand:正新,甜辣+酸甜,True,C:品牌映射,brand:正新,档口/摊位,False,C:品牌映射,brand:正新,10-15,A,新密市,新密市政府,口味:3.9 环境:3.8 服务:3.9,144,1,1,0,海苔鸡肉圈_盐酥鸡米花_炭烤藤椒鸡排_海盐柚子气泡水_正新鸡肉串_爆浆芝士鸡排_烤面筋_金丝鸡排_甘梅地瓜条_鱿鱼须,,
G5TSOt9Na97W0QmD,炸鸡皇后(碧水蓝天店),美式/西式,False,A:菜品直接证据,吮指,整鸡/大单品+鸡腿+鸡翅+鸡排,True,A:菜品直接证据,全鸡;鸡腿;翅根;鸡排,裹粉炸,False,A:菜品直接证据,脆皮,原味+酸甜,True,A:菜品直接证据,香酥;甘梅,堂食+外卖+团购,False,B:多字段组合,外卖:1/团购:1,15-20,A,新郑市,新区/华信学院,口味:3.5 环境:3.6 服务:3.6,14,1,1,0,狼牙棒棒鸡_鸡腿_吮指年糕_五香腿肉块_香酥翅根_甘梅_比脸大鸡排_五香脆皮全鸡_高山小土豆,,
G4F7qHFehVWWbbk6,正新鸡排·炸鸡烧烤(新密东升店),美式/西式,False,C:品牌映射,brand:正新,鸡排+鸡块/鸡米花/鸡柳,True,C:品牌映射,brand:正新,裹粉炸,False,C:品牌映射,brand:正新,原味,False,C:品牌映射,brand:正新,档口/摊位,False,C:品牌映射,brand:正新,10-15,A,新密市,新密市政府,口味:3.5 环境:3.5 服务:3.5,82,1,1,0,普朗姆气泡水_海盐柚子气泡水_爆浆芝士鸡排_鱿鱼须_骨肉相连_脆脆鸡肉圈_黑金鸡块_山城鸡柳_金丝鸡排_冰红茶气泡水,,
k8K0GNDHDJmVsRgP,G先生叉骨炸鸡,Unknown,False,D:无证据,,整鸡/大单品+鸡腿+鸡架/锁骨/叉骨+鸡块/鸡米花/鸡柳,True,A:菜品直接证据,大鸡;鸡腿;鸡叉骨;鸡块,Unknown,False,D:无证据,,Unknown,False,D:无证据,,含团购,False,B:团购字段,1,10-15,A,新密市,新密市政府,,,,1,0,怪味鸡块_鸡腿汉堡_大鸡叉骨_土豆薯条_精品小叉骨,,
k3lYqC3ocOr3ZUFj,老牌炸鸡店(南文峰路店),Unknown,False,D:无证据,,鸡翅+鸡块/鸡米花/鸡柳+鸡脖/其他部位,True,A:菜品直接证据,鸡翅;鸡柳;鸡皮,Unknown,False,D:无证据,,Unknown,False,D:无证据,,Unknown,False,D:无证据,,20-30,A,新密市,新密市政府,口味:3.5 环境:3.5 服务:3.5,1,,,0,鸡翅_炸鸡_翅根_凤爪_雪花无骨鸡柳_鸡丁_鸡肝_牛排_鸡胗子_鸡皮,,
l8cZhvoSbxXOof0T,味好美炸鸡(文峰路店),Unknown,False,D:无证据,,鸡块/鸡米花/鸡柳+鸡脖/其他部位,True,A:菜品直接证据,大鸡;鸡腿;鸡翅;鸡柳;鸡皮,Unknown,False,D:无证据,,香辣+甜辣+酸甜,True,A:菜品直接证据,香辣;蜂蜜;蜜柚,Unknown,False,D:无证据,,10-15,A,新密市,新密市政府,口味:3.4 环境:3.4 服务:3.4,2,,,0,草莓奶茶_桂圆红枣茶_蜂蜜柚子茶_西瓜汁_哈密瓜奶茶_芝麻鸡柳_雪花鸡柳_秘制炸鸡皮_香辣凤爪_雪花啤酒,,
GaFjLrqxoXMaoFOl,帝圣特·汉堡·炸鸡(新村镇店),复合型,False,A:菜品直接证据,双拼,整鸡/大单品,True,A:菜品直接证据,脆皮鸡;鸡排,裹粉炸,True,A:菜品直接证据,脆皮;烤鸡,甜辣,True,A:菜品直接证据,蜂蜜;奥尔良;橙,堂食+外卖+团购,False,B:多字段组合,外卖:1/团购:1,15-20,A,新郑市,新村镇,口味:3.4 环境:3.4 服务:3.5,,1,1,0,葡萄柠檬茶_小龙虾拌面_双拼奶茶_抹茶红豆布丁奶茶_花枝鱿鱼串_酸奶杨枝甘露_芒果脏脏酸奶_多肉草莓_蜜桃四季春_草莓脏脏酸奶,,
H9nFYxmQ8mCf6l5Z,帝圣特汉堡炸鸡(宏基王朝店),Unknown,False,D:无证据,,鸡腿,True,A:菜品直接证据,鸡腿;鸡柳,Unknown,False,D:无证据,,香辣+酱香,True,A:菜品直接证据,麻辣;孜然;奥尔良;橙,含团购,False,B:团购字段,1,15-20,A,新郑市,新村镇,口味:3.4 环境:3.4 服务:3.4,1,,1,0,至尊鸡腿堡_麻辣小面_黄金蝶蝶虾_南瓜粥_奥尔良烤全腿_蛋挞_至尊盐酥鸡_茄汁面_海鲜披萨_奥尔良鸡肉披萨,,
G2LkN1V47lVSs5CJ,虹峡炸鸡(官渡西路店),Unknown,False,D:无证据,,整鸡/大单品+鸡腿+鸡块/鸡米花/鸡柳,True,A:菜品直接证据,整鸡;鸡腿;鸡柳,Unknown,False,D:无证据,,Unknown,False,D:无证据,,Unknown,False,D:无证据,,Unknown,D,中牟县,新世纪广场,口味:3.5 环境:3.5 服务:3.5,2,,,0,整鸡_大鸡腿_骨肉相连_小棒腿_三角鸡柳,,
H6UE4G1rV77LmmfS,乐奇享炸鸡拌饭,Unknown,False,D:无证据,,鸡腿+鸡块/鸡米花/鸡柳,True,A:菜品直接证据,鸡腿;鸡块,Unknown,False,D:无证据,,原味,False,A:菜品直接证据,经典,堂食+外卖+团购,False,B:多字段组合,外卖:1/团购:1,10-15,A,新郑市,新区/华信学院,口味:4.0 环境:4.0 服务:4.0,15,1,1,0,乐奇鸡块_钜惠鸡腿堡_经典鸡腿堡,,
H1lr4SXngo5UwpI6,兄弟烧烤,Unknown,False,D:无证据,,Unknown,False,D:无证据,,Unknown,False,D:无证据,,Unknown,False,D:无证据,,含团购,False,B:团购字段,1,10-15,A,新郑市,新区/华信学院,,,,1,0,炭烤西葫芦,,
H3brLDXCcEUjOFE4,德克萨斯风味炸鸡,Unknown,False,D:无证据,,鸡架/锁骨/叉骨+鸡块/鸡米花/鸡柳+鸡脖/其他部位,True,A:菜品直接证据,鸡叉骨;鸡块;鸡心,Unknown,False,D:无证据,,Unknown,False,D:无证据,,含团购,False,B:团购字段,1,Unknown,D,新郑市,新区/华信学院,,,,1,0,招牌鸡叉骨_无骨鸡块_炸鸡心,,
H2fDGhktLoXkjMlb,牧野颂·精酿啤酒·炸鸡(一江弘城店),Unknown,False,D:无证据,,鸡架/锁骨/叉骨,False,A:菜品直接证据,锁骨,Unknown,False,D:无证据,,Unknown,False,D:无证据,,Unknown,False,D:无证据,,10-15,A,新郑市,新区/华信学院,口味:3.5 环境:3.5 服务:3.5,8,,,0,牧野颂红豆奶茶_牧野颂招牌珍珠奶茶_欧礼特松露形卡布奇诺巧克力_欧礼特黑松露形巧克力_欧礼特香槟夹心巧克力_欧礼特松露形巧克力,,
H8YxnY2JioSKm9vD,美汁堡炸鸡汉堡披萨(刘寨店),Unknown,False,D:无证据,,整鸡/大单品+鸡腿+鸡排+鸡块/鸡米花/鸡柳,True,A:菜品直接证据,大鸡;鸡腿;鸡排;鸡块,烤炸复合,False,A:菜品直接证据,烤鸡,原味+香辣,True,A:菜品直接证据,香酥;双椒;奥尔良,堂食+外卖+团购,False,B:多字段组合,外卖:1/团购:1,20-30,A,新密市,新密市,口味:4.0 环境:4.0 服务:4.0,23,1,1,0,大薯_美味大鸡排_麦香汉堡_骨肉相连_上校鸡块_鸡肉卷_香酥琵琶腿_芋圆葡萄_双层酷辣鸡腿堡_黄金蝴蝶虾,,
G8Rp3sniRB7eKPrc,哆哆客汉堡炸鸡(刘寨店),中式,False,C:品牌映射,brand:哆哆,鸡腿+鸡块/鸡米花/鸡柳,True,C:品牌映射,brand:哆哆,裹粉炸,False,C:品牌映射,brand:哆哆,原味+香辣,True,C:品牌映射,brand:哆哆,档口/摊位,False,C:品牌映射,brand:哆哆,15-20,A,新密市,新密市,口味:3.9 环境:3.9 服务:3.9,12,1,1,3,原味超级鸡腿堡_骨肉相连_香菇滑鸡粥_咖喱鸡肉饭_咖喱鸡肉盖浇饭_鱼香肉丝盖浇饭_辣子鸡丁盖浇饭_劲脆鲜虾堡_香甜玉米杯_墨西哥鸡肉卷,,
H95I8SoG0DF1kr09,口水鸡排(平陌店),中式,False,C:品牌映射,brand:口水,鸡块/鸡米花/鸡柳+鸡脖/其他部位,True,C:品牌映射,brand:口水,生炸/现炸,False,C:品牌映射,brand:口水,香辣,False,C:品牌映射,brand:口水,档口/摊位,False,C:品牌映射,brand:口水,10-15,A,新密市,新密市,口味:3.5 环境:3.5 服务:3.5,2,,1,0,鸡柳年糕薯条三合一_柠檬水_冰激凌_黄瓜_花菜_牛排堡_生菜_无骨鸡爪_炸鸡柳_鸡肉堡,,
G2YveIFjrrvbDtxj,炸季炸串(白寨店),中式,False,C:品牌映射,brand:炸季,鸡架/锁骨/叉骨,False,C:品牌映射,brand:炸季,生炸/现炸,False,C:品牌映射,brand:炸季,香辣,False,C:品牌映射,brand:炸季,档口/摊位,False,C:品牌映射,brand:炸季,15-20,A,新密市,新密市,口味:3.5 环境:3.5 服务:3.5,2,1,1,2,鲜嫩鸭肠_劲霸小面筋_芝麻脆烧饼_女神土豆粉_椒香小酥肉_酥脆豆皮_广式小腊肠_鲜嫩鸡肉_芝麻脆小酥饼,,
H8uJSBO8RE1xovJS,海鲜烧烤炸串,Unknown,False,D:无证据,,Unknown,False,D:无证据,,烤炸复合,False,C:店名推断,烤炸,Unknown,False,D:无证据,,Unknown,False,D:无证据,,Unknown,D,新密市,新密市,,,,,0,,,
H566wkj7X9iy4917,吃吧喝吧汉堡炸鸡披萨(刘寨店),复合型,False,A:菜品直接证据,双拼,鸡腿+鸡排+鸡架/锁骨/叉骨+鸡块/鸡米花/鸡柳,True,A:菜品直接证据,童子鸡;鸡腿;鸡排;鸡架;鸡块,裹粉炸,False,A:菜品直接证据,脆皮,香辣+椒盐,True,A:菜品直接证据,辣;椒盐;黑椒;奥尔良;甘梅,堂食+外卖+团购,False,B:多字段组合,外卖:1/团购:1,20-30,A,新密市,新密市,口味:3.8 环境:3.8 服务:3.8,11,1,1,0,椒盐鸡排_战斧鸡腿_纯手工寿司_可口牛肉堡_黄金脆鸡堡_虾仁鱼肉堡_鸡肉蔬菜堡_卤辣鸡架_田园堡_幸运星鸡块,,
G1RFn59ylQJSHclU,赛可赛西汉堡炸鸡(新村镇店),Unknown,False,D:无证据,,整鸡/大单品,True,A:菜品直接证据,全鸡;鸡腿;鸡块,Unknown,False,D:无证据,,香辣+甜辣+酸甜,True,A:菜品直接证据,经典;辣;蜂蜜;黑椒;奥尔良;蜜柚,堂食+外卖+团购,False,B:多字段组合,外卖:1/团购:1,15-20,A,新郑市,新村镇,口味:3.9 环境:3.9 服务:3.9,27,1,1,0,甘梅地瓜条_鱼香肉丝盖饭_红豆糍粑_热辣骨香鸡_鱼香肉丝饭_土豆烧牛肉饭_椰果奶茶_土豆烧牛肉_十里桃花_蜂蜜柚子茶,,
k67WCU9dYGv14UM2,尚品炸鸡,Unknown,False,D:无证据,,Unknown,False,D:无证据,,Unknown,False,D:无证据,,Unknown,False,D:无证据,,Unknown,False,D:无证据,,Unknown,D,新密市,新密市,,,,,0,,,
l3mMG9LaNUfaQYm1,哆样中国炸鸡,中式,False,C:店名推断,中国炸鸡,Unknown,False,D:无证据,,Unknown,False,D:无证据,,Unknown,False,D:无证据,,Unknown,False,D:无证据,,10-15,A,新郑市,新郑市,,,,,0,,,
H3vcwVgn8wZv1UmL,酥哒鸡韩式炸鸡,韩式,False,C:店名推断,韩式,Unknown,False,D:无证据,,Unknown,False,D:无证据,,Unknown,False,D:无证据,,含外卖,False,B:外卖字段,1,Unknown,D,新郑市,新村镇,,,1,,0,,,
l60mEjopsbtHdD4D,雪甜甜炸了一只鸡(新郑店),中式,True,A:菜品直接证据,中式;无骨炸鸡,鸡腿+鸡块/鸡米花/鸡柳,True,A:菜品直接证据,鸡小腿;无骨炸鸡,Unknown,False,D:无证据,,甜辣,False,A:菜品直接证据,芝士,含外卖,False,B:外卖字段,1,15-20,A,新郑市,新村镇,,,1,,0,中式无骨炸鸡_鸡小腿_鲜虾堡_玉米布丁_芝士热狗棒_点收藏赠美味洋葱圈,,
jHw1s2i9lotef7sS,胡夫炸串,中式,False,C:品牌映射,brand:胡夫,鸡架/锁骨/叉骨,False,C:品牌映射,brand:胡夫,生炸/现炸,False,C:品牌映射,brand:胡夫,香辣,False,C:品牌映射,brand:胡夫,档口/摊位,False,C:品牌映射,brand:胡夫,10-15,A,新郑市,新村镇,口味:3.5 环境:3.5 服务:3.5,5,1,1,0,劲霸小面筋_贵妃酸辣粉_胡夫大面筋_手工纯肉肠_鱿鱼片_金丝鸡柳_焦香淀粉肠,,
G4JeYuxNIOm2gI4E,宵孟记炸鸡,Unknown,False,D:无证据,,Unknown,False,D:无证据,,Unknown,False,D:无证据,,Unknown,False,D:无证据,,堂食+外卖+团购,False,B:多字段组合,外卖:1/团购:1,Unknown,D,新郑市,新村镇,,,1,1,0,,,
H2XzZQ8fZupjOaop,喜胡同鲜炸鸡,韩式,False,A:菜品直接证据,韩式,整鸡/大单品+鸡架/锁骨/叉骨+鸡块/鸡米花/鸡柳+鸡脖/其他部位,True,A:菜品直接证据,大鸡;鸡腿;翅根;鸡叉骨;鸡米花;鸡皮,裹粉炸,True,A:菜品直接证据,酥炸;现做,原味+甜辣,True,A:菜品直接证据,香酥;芝士;黑胡椒,堂食+外卖+团购,False,B:多字段组合,外卖:1/团购:1,15-20,A,新郑市,新村镇,口味:3.6 环境:3.5 服务:3.5,11,1,1,0,黄金地瓜条_现做柠檬水_香酥炸平菇_满口香鸡米花_拉丝芝士棒_焦香鸡叉骨_手工脆香鸡柳_香脆大鸡皮_爆汁鸡鲍鱼_油炸无骨鸡块,,
G5GQcLMgW8hGOOPc,语姑娘中国炸鸡,中式,False,C:店名推断,中国炸鸡,鸡架/锁骨/叉骨,False,A:菜品直接证据,鸡叉骨,Unknown,False,D:无证据,,Unknown,False,D:无证据,,含团购,False,B:团购字段,1,<10,A,新郑市,新村镇,,,,1,0,炸鸡叉骨_鸡鲍鱼,,
k7JlKL61kH2jex0m,青云阁农家乐,Unknown,False,D:无证据,,Unknown,False,D:无证据,,Unknown,False,D:无证据,,香辣,False,A:菜品直接证据,辣,含团购,False,B:团购字段,1,Unknown,D,新密市,新密市,,,,1,0,手工烙馍_炝锅绿豆面_米醋炖柴鸡_爽口凉菜_烤羊板筋_酸辣南瓜丝_秘制烤羊排_秘制烤羊腿_豫东芝麻盖烧饼_芝麻叶炖豆腐,,
G8LGxxoO9sR3muN5,爆掌柜·生炸鸡架(大隗镇店),中式,False,C:品牌映射,brand:爆掌柜,鸡架/锁骨/叉骨,False,C:品牌映射,brand:爆掌柜,生炸/现炸,False,C:品牌映射,brand:爆掌柜,香辣,False,C:品牌映射,brand:爆掌柜,档口/摊位,False,C:品牌映射,brand:爆掌柜,10-15,A,新密市,新密市,,,1,,0,,,
GaHQZV5yfnNe6BoD,炸季炸串(大隗店),中式,False,C:品牌映射,brand:炸季,鸡架/锁骨/叉骨,False,C:品牌映射,brand:炸季,生炸/现炸,False,C:品牌映射,brand:炸季,香辣,False,C:品牌映射,brand:炸季,档口/摊位,False,C:品牌映射,brand:炸季,15-20,A,新密市,新密市,口味:3.5 环境:3.5 服务:3.5,6,,1,2,芝麻脆烧饼_女神土豆粉_劲霸小面筋_广式小腊肠_鲜嫩鸡肉_芝麻脆小酥饼_酥脆豆皮_鲜嫩鸭肠_椒香小酥肉,,
H7XNMlsVNpZaJAds,炸鸡日记(农耕路店),Unknown,False,D:无证据,,整鸡/大单品+鸡腿+鸡排,True,A:菜品直接证据,全鸡;鸡腿;鸡排,Unknown,False,D:无证据,,香辣+孜然,True,A:菜品直接证据,原味;香辣;孜然;奥尔良,Unknown,False,D:无证据,,15-20,A,新密市,新密市,,,,,0,秘制香辣全鸡_劲脆鸡腿堡_藤椒炸鸡_秘制香辣炸鸡_海苔鸡排_孜然全鸡_冲天牛肉堡_孜然炸鸡,,
k8XQIWQMNglCt7Qr,韩ππ韩式炸鸡(东城美食广场店),中式,True,A:菜品直接证据,香酥鸡;韩式,整鸡/大单品,True,A:菜品直接证据,香酥鸡;手枪腿;鸡排;鸡皮,裹粉炸,False,A:菜品直接证据,脆皮,原味,True,A:菜品直接证据,香酥;琥珀,堂食+外卖+团购,False,B:多字段组合,外卖:1/团购:1,15-20,A,新密市,新密市,口味:3.4 环境:3.4 服务:3.4,4,1,1,0,银耳枸杞莲子羹_牛奶燕麦粥_皮蛋瘦肉粥_小米南瓜粥_黑米红枣粥_绿豆百合粥_希蒙酸奶_椒香小酥肉_江小白微醺小酒_李子园甜牛奶,,
k3sRiSuuf3oKczBE,炸鸡汉堡(郑医购物广场店),Unknown,False,D:无证据,,Unknown,False,D:无证据,,Unknown,False,D:无证据,,Unknown,False,D:无证据,,含外卖,False,B:外卖字段,1,Unknown,D,新密市,新密市,,,1,,0,,,
G6cyGdJpgEiUFbn2,小黑羊海鲜烧烤,Unknown,False,D:无证据,,Unknown,False,D:无证据,,Unknown,False,D:无证据,,Unknown,False,D:无证据,,Unknown,False,D:无证据,,Unknown,D,新密市,新密市,,,,,0,,,
G56BmpHBuAl3VHtn,鸡柳大人(中牟世纪城店),中式,False,C:品牌映射,brand:鸡柳大人,鸡块/鸡米花/鸡柳,False,C:品牌映射,brand:鸡柳大人,生炸/现炸,False,C:品牌映射,brand:鸡柳大人,椒盐,False,C:品牌映射,brand:鸡柳大人,档口/摊位,False,C:品牌映射,brand:鸡柳大人,10-15,A,中牟县,世纪城,口味:3.6 环境:3.6 服务:3.6,1,,1,4,鸡柳薯条年糕三合一_空气年糕,,
H1OFCqjSO1giEEn2,刘婉婉生炸妙龄鸡(中牟世纪城店),中式,False,C:品牌映射,brand:刘婉婉,鸡架/锁骨/叉骨+鸡块/鸡米花/鸡柳,True,C:品牌映射,brand:刘婉婉,生炸/现炸,False,C:品牌映射,brand:刘婉婉,原味,False,C:品牌映射,brand:刘婉婉,档口/摊位,False,C:品牌映射,brand:刘婉婉,10-15,A,中牟县,世纪城,,,1,1,9,鸡背肉_叉骨_黄金鸡肉卷_奶香地瓜条_无骨辣子鸡_无骨上腿肉_现炸黄金鸡柳,,
GauibxJ8O0nGiDDU,Soonsoo韩国精品炸鸡(郑东万象城店),韩式,False,C:品牌映射,brand:Soonsoo,整鸡/大单品,False,C:品牌映射,brand:Soonsoo,裹粉炸,False,C:品牌映射,brand:Soonsoo,原味+甜辣,True,C:品牌映射,brand:Soonsoo,堂食+外带,False,C:品牌映射,brand:Soonsoo,30-50,A,金水区,东建材,口味:4.4 环境:4.4 服务:4.4,273,1,1,0,黄油洋葱_安东火鸡_海太果汁_黄金撒粉芝士球_BBQ脆皮炸鸡_脆皮双拼_蜂蜜脆皮炸鸡_鳞片双拼_松松炸年糕_松松原味炸鸡,,
Ha0e4g7iXSU28M9y,卤山川炸串(郑东万象城店),Unknown,False,D:无证据,,整鸡/大单品+鸡排+鸡块/鸡米花/鸡柳,True,A:菜品直接证据,大鸡;鸡排;鸡柳,裹粉炸,True,A:菜品直接证据,脆皮;生炸,酸甜,False,A:菜品直接证据,菠萝,Unknown,False,D:无证据,,15-20,A,金水区,东建材,口味:4.0 环境:4.0 服务:4.0,252,,,2,樱桃泡椒牛肉_生炸大鸡柳_牛肉卷香菜_苕皮包鱿鱼_脆皮包浆豆腐_轰炸大鱿鱼_鸡排菠萝酥皮汉堡_王牌糯凤爪_娃娃菜_鸡排普拉丝,,
H1XknUO7VaFugJQt,叫了只炸鸡(白庄社区店),中式,False,C:品牌映射,brand:叫了只,整鸡/大单品,False,C:品牌映射,brand:叫了只,生炸/现炸,False,C:品牌映射,brand:叫了只,原味,False,C:品牌映射,brand:叫了只,外卖型,False,C:品牌映射,brand:叫了只,20-30,A,金水区,东建材,,,1,1,0,神奇的鸡,,
H6N2ZLFWnmvrX6UR,沃沃鸡香酥鸡柳卷饼(轻工业大学店),中式,False,C:店名推断,香酥鸡,鸡块/鸡米花/鸡柳,False,A:菜品直接证据,鸡柳,Unknown,False,D:无证据,,原味,False,C:店名推断,香酥,含团购,False,B:团购字段,1,<10,A,中原区,中原区,口味:3.7 环境:3.7 服务:3.7,1,,1,0,沃沃鸡鸡柳卷饼,,
G5jFNmtc3ihiLRVs,朴东杰黄油芝士炸鸡(金田路店),韩式,False,C:品牌映射,brand:朴东杰,鸡翅,False,C:品牌映射,brand:朴东杰,裹粉炸,False,C:品牌映射,brand:朴东杰,黄油芝士,False,C:品牌映射,brand:朴东杰,堂食+外带,False,C:品牌映射,brand:朴东杰,Unknown,D,中原区,中原区,,,,,0,,,
G4WgKy8Oeu7jwiZx,烧烤炸串,Unknown,False,D:无证据,,Unknown,False,D:无证据,,烤炸复合,False,C:店名推断,烤炸,Unknown,False,D:无证据,,含外卖,False,B:外卖字段,1,Unknown,D,中原区,中原区,口味:3.4 环境:3.4 服务:3.4,1,1,,0,,,
Hayc6OozbDbYUzk8,姬小满炸鸡,韩式,False,A:菜品直接证据,韩式,整鸡/大单品+鸡腿+鸡翅+鸡架/锁骨/叉骨,True,A:菜品直接证据,脆皮鸡;鸡腿;翅根;鸡架;鸡块,裹粉炸,True,A:菜品直接证据,脆皮;生炸,原味,True,A:菜品直接证据,香酥;麻辣;蒜香;黄油,含团购,False,B:团购字段,1,15-20,A,金水区,东风路,口味:3.9 环境:3.9 服务:3.9,1,,1,0,国产脆皮鸡腿_国潮脆皮鸡腿_喷醋生炸鸡架_秘制韩式炸鸡_秘制香酥翅根,,
G49qN6UTsSHxIy3w,财大喜延吉炸鸡,Unknown,False,D:无证据,,Unknown,False,D:无证据,,Unknown,False,D:无证据,,Unknown,False,D:无证据,,Unknown,False,D:无证据,,Unknown,D,中原区,中原万达,,,,,0,,,
HaNlbfwCGGWGYQJf,炸鸡草FCM给料放题自助(瀚海海尚店),Unknown,False,D:无证据,,Unknown,False,D:无证据,,Unknown,False,D:无证据,,Unknown,False,D:无证据,,堂食+外带,False,C:店名推断,自助,30-50,A,金水区,东风路,,,,,0,,,
G9GMCrpTM1rbVjwj,极味功坊炸货铺(瀚海海尚店),Unknown,False,D:无证据,,鸡翅,True,A:菜品直接证据,全翅;叉骨;鸡柳,裹粉炸,False,A:菜品直接证据,脆皮,原味+香辣,True,A:菜品直接证据,原味;香辣;蜂蜜;椒盐,堂食+外卖+团购,False,B:多字段组合,外卖:1/团购:1,<10,A,金水区,东风路,,1,1,1,0,香脆藕盒_原味秘制叉骨_五香秘制叉骨_酥炸南瓜块_香辣秘制叉骨_黄金豆角,,
H858TypIUMNLbelZ,巷尾香大盘鸡(顺发路店),Unknown,False,D:无证据,,Unknown,False,D:无证据,,Unknown,False,D:无证据,,Unknown,False,D:无证据,,含外卖,False,B:外卖字段,1,Unknown,D,中牟县,新世纪广场,,,1,,0,,,
k7W2WRpiaKkf7duv,炸鸡汉堡,Unknown,False,D:无证据,,Unknown,False,D:无证据,,Unknown,False,D:无证据,,Unknown,False,D:无证据,,Unknown,False,D:无证据,,Unknown,D,新密市,新密市,,,,,0,,,
H8lgzvpP8iWGxXJH,炸串·夹馍,地方特色,False,A:菜品直接证据,广式,鸡块/鸡米花/鸡柳,False,A:菜品直接证据,鸡块,Unknown,False,D:无证据,,Unknown,False,D:无证据,,堂食+外卖+团购,False,B:多字段组合,外卖:1/团购:1,Unknown,D,巩义市,宋陵公园,,,1,1,0,广式腊肠,,
G9eJtoJ8zKr0ABqq,卤味祥炸货店,Unknown,False,D:无证据,,鸡腿+鸡架/锁骨/叉骨+鸡脖/其他部位,True,A:菜品直接证据,手枪腿;鸡叉骨;鸡皮,裹粉炸,False,A:菜品直接证据,酥炸,原味,False,A:菜品直接证据,香酥,含团购,False,B:团购字段,1,<10,A,巩义市,宋陵公园,口味:3.5 环境:3.5 服务:3.5,6,,1,0,秘制叉骨_卤味祥炸鸡皮_招牌鸡叉骨_招牌手枪腿_招牌香酥炸带鱼_招牌琵琶腿_招牌炸鸡皮,,
k5taSMqdFr7IEyqb,庆丰炸鸡,Unknown,False,D:无证据,,Unknown,False,D:无证据,,Unknown,False,D:无证据,,Unknown,False,D:无证据,,Unknown,False,D:无证据,,Unknown,D,新密市,新密市,,,,,0,,,
l2MYOMAhAh706RpO,战杰炸鸡,Unknown,False,D:无证据,,鸡腿+鸡翅+鸡脖/其他部位,True,A:菜品直接证据,手枪腿;鸡翅;鸡爪,Unknown,False,D:无证据,,原味,False,A:菜品直接证据,经典,堂食+外卖+团购,False,B:多字段组合,外卖:1/团购:1,20-30,A,巩义市,宋陵公园,口味:3.4 环境:3.4 服务:3.4,1,1,1,0,嘎嘣脆脆脆_脆鱼_神仙面_徒手撕鸡拌神仙面_小鱼_经典鸡翅_大鱼_没子弹的手枪腿_抓财的鸡爪_经典炸鸡,,
G5oRwfGbNwWIBMNG,小眼眯炸鸡(杜甫路店),Unknown,False,D:无证据,,Unknown,False,D:无证据,,Unknown,False,D:无证据,,Unknown,False,D:无证据,,Unknown,False,D:无证据,,Unknown,D,巩义市,宋陵公园,,,,,0,,,
G1aQ8NU21pHgNGjD,米线炸串,Unknown,False,D:无证据,,Unknown,False,D:无证据,,Unknown,False,D:无证据,,Unknown,False,D:无证据,,Unknown,False,D:无证据,,Unknown,D,巩义市,宋陵公园,口味:3.4 环境:3.4 服务:3.4,2,,,0,,,
G2E6hsG5hYZMjoIH,老表炸串,韩式,False,A:菜品直接证据,火鸡面,整鸡/大单品,True,A:菜品直接证据,大鸡;鸡排,裹粉炸,False,A:菜品直接证据,脆炸,Unknown,False,D:无证据,,堂食+外卖+团购,False,B:多字段组合,外卖:1/团购:1,Unknown,D,巩义市,宋陵公园,口味:3.4 环境:3.4 服务:3.4,2,1,1,0,雪花鸡排_招牌火鸡面_老式怀旧米线_嘎嘣脆炸饼_大脸鸡排,,
k5nlqo4YcaXJRvBt,星月后排炸串·炸菜夹馍(园丁街店),Unknown,False,D:无证据,,Unknown,False,D:无证据,,Unknown,False,D:无证据,,Unknown,False,D:无证据,,含外卖,False,B:外卖字段,1,Unknown,D,巩义市,宋陵公园,,,1,,0,五香丸子_羊肉炖锅,,
G22cnh4mhcNfoIvQ,三哥炸串,Unknown,False,D:无证据,,Unknown,False,D:无证据,,Unknown,False,D:无证据,,Unknown,False,D:无证据,,含团购,False,B:团购字段,1,20-30,A,巩义市,宋陵公园,,1,,1,0,金椒米线_藤椒米线_腊味,,
l59WaN1yXsncNfcd,庆丰炸鸡店,Unknown,False,D:无证据,,鸡腿,False,A:菜品直接证据,手枪腿,Unknown,False,D:无证据,,Unknown,False,D:无证据,,堂食+外卖+团购,False,B:多字段组合,外卖:1/团购:1,10-15,A,巩义市,宋陵公园,口味:3.6 环境:3.6 服务:3.6,5,1,1,0,小拼_超级手枪腿,,
G74AGwcNJjyYg2SO,正新鸡排(中牟广场店),美式/西式,False,C:品牌映射,brand:正新,整鸡/大单品+鸡腿+鸡翅,True,C:品牌映射,brand:正新,裹粉炸,False,C:品牌映射,brand:正新,原味,False,C:品牌映射,brand:正新,档口/摊位,False,C:品牌映射,brand:正新,10-15,A,中牟县,新世纪广场,口味:3.7 环境:3.7 服务:3.7,10,1,,0,生炸大鸡腿_冰红茶气泡水_金锤翅根桶,,
H1NPyyjaXEOGHKt9,华莱士·炸鸡汉堡(农校店),美式/西式,False,A:菜品直接证据,原味鸡,整鸡/大单品+鸡腿+鸡架/锁骨/叉骨,True,A:菜品直接证据,全鸡;鸡腿;鸡翅;鸡排;鸡架;鸡米花,Unknown,False,D:无证据,,香辣+酱香+酸甜,True,A:菜品直接证据,原味;香辣;黑椒;蜜汁;酸甜,堂食+外卖+团购,False,B:多字段组合,外卖:1/团购:1,15-20,A,中牟县,新世纪广场,口味:3.8 环境:3.8 服务:3.8,94,1,1,0,香甜果汁_华华香脆骨串_沈阳卤辣脆鸡架_BBQ全鸡_香辣鸡腿汉堡_两堡一卷_蜜汁手扒半鸡_沁爽酸甜菠萝饮（NEW!）_傣家风味舂舂鸡_中果珍,,
H8qTKonqNAYtdyqt,尼克思·炸鸡汉堡,美式/西式,False,A:菜品直接证据,美式,鸡腿+鸡排,True,A:菜品直接证据,鸡腿;鸡排;鸡米花,Unknown,False,D:无证据,,甜辣,True,A:菜品直接证据,芝士;橙,堂食+外卖+团购,False,B:多字段组合,外卖:1/团购:1,10-15,A,中牟县,新世纪广场,口味:3.5 环境:3.5 服务:3.5,6,1,1,0,美式薯条_鲜虾披萨_牛肉饭_芝士披萨_奶香可可_琵琶腿_田园堡_榴莲酥_芝士香蕉_鸡排饭,,
k908B9H7ky3wKY9y,柠檬队长韩国炸鸡(中牟县店),韩式,False,C:店名推断,韩国炸鸡,Unknown,False,D:无证据,,Unknown,False,D:无证据,,Unknown,False,D:无证据,,含团购,False,B:团购字段,1,10-15,A,中牟县,新世纪广场,,,,1,0,,,
H1Of7duQcJlirqZl,好滋味烤肉鸡排饭,Unknown,False,D:无证据,,鸡排,False,C:店名推断,鸡排,Unknown,False,D:无证据,,香辣,False,A:菜品直接证据,香辣,堂食+外带,False,C:店名推断,烤肉,<10,A,中牟县,新世纪广场,口味:3.4 环境:3.4 服务:3.4,1,1,1,0,香辣烤肉饭,,
HaHMNI1e3e87PrIm,叫了只炸鸡(顺发路店),中式,False,C:品牌映射,brand:叫了只,整鸡/大单品+鸡腿+鸡排,True,C:品牌映射,brand:叫了只,生炸/现炸,False,C:品牌映射,brand:叫了只,甜辣+酱香+酸甜,True,C:品牌映射,brand:叫了只,外卖型,False,C:品牌映射,brand:叫了只,15-20,A,中牟县,新世纪广场,,,1,1,0,菠萝派_脆皮香蕉_香甜柚子酱_奶香芝士酱_红豆派_嫩嫩的鸡排_劲脆超级鸡腿堡_韩式蜜汁烤鸡_妙记果粒酸梅汁_益生菌酸奶,,
G4wyXhNO0ptEwte5,小任·鸡柳卷饼,Unknown,False,D:无证据,,鸡块/鸡米花/鸡柳,False,C:店名推断,鸡柳,Unknown,False,D:无证据,,Unknown,False,D:无证据,,含外卖,False,B:外卖字段,1,Unknown,D,中牟县,新世纪广场,,,1,,0,,,
G7lwicN2ikOJq0zJ,方锦锦炸货铺(顺发路店),Unknown,False,D:无证据,,鸡排,True,A:菜品直接证据,鸡排;鸡架,Unknown,False,D:无证据,,原味,True,A:菜品直接证据,香酥;蒜香;酸甜,含团购,False,B:团购字段,1,20-30,A,中牟县,新世纪广场,口味:3.5 环境:3.5 服务:3.5,3,,1,0,蚂蚱_生菜自助_爆浆鸡排_吐司_金剑鱼_香酥蚂蚱_素砂锅,,
k7OAFbHPbf0PAKHs,嘟嘟韩式炸鸡(中牟店),韩式,False,A:菜品直接证据,韩式,鸡腿+鸡翅,True,A:菜品直接证据,鸡腿;翅根;鸡排;鸡块,Unknown,False,D:无证据,,香辣+甜辣,True,A:菜品直接证据,香辣;琥珀;黑椒,含外卖,False,B:外卖字段,1,Unknown,D,中牟县,新世纪广场,,,1,,0,翅根_香辣鸡腿堡_牛肉堡_康师傅茉莉清_七虾堡_老北京鸡肉卷_福利笑脸薯_笑脸薯_奶香芝士酱_康师傅茉莉蜜,,
l4OL8LePOR02hRYl,黎太院韩式炸鸡(清真寺店),韩式,False,C:品牌映射,brand:黎太院,鸡块/鸡米花/鸡柳,False,C:品牌映射,brand:黎太院,裹粉炸,False,C:品牌映射,brand:黎太院,香辣+酱香,True,C:品牌映射,brand:黎太院,堂食+外带,False,C:品牌映射,brand:黎太院,20-30,A,管城回族区,新世界百货,口味:3.7 环境:3.6 服务:3.6,15,,1,0,爆辣韩式火鸡面_酥酥糯糯年糕_嫩脆小翅根_爆辣韩式火鸡面酥酥糯糯年糕_酱料口味自选可拼盘,,
l7hIKbWckB8uzrt8,新密市七里香炸鸡,Unknown,False,D:无证据,,Unknown,False,D:无证据,,Unknown,False,D:无证据,,Unknown,False,D:无证据,,含外卖,False,B:外卖字段,1,15-20,A,新密市,新密市,,,1,,0,,,
k9scCifKQS88TIF7,BigDakk芝士炸鸡·火鸡面(二七万象城店),韩式,False,C:店名推断,芝士炸鸡,Unknown,False,D:无证据,,Unknown,False,D:无证据,,甜辣,False,C:店名推断,芝士,含外卖,False,B:外卖字段,1,Unknown,D,二七区,万象城,,,1,,0,,,
